Date,HYG
2015-01-02,48.57123565673828
2015-01-05,48.12127685546875
2015-01-06,47.93696975708008
2015-01-07,48.23512268066406
2015-01-08,48.59833908081055
2015-01-09,48.842262268066406
2015-01-12,48.78265380859375
2015-01-13,48.78265380859375
2015-01-14,48.66879653930664
2015-01-15,48.37067413330078
2015-01-16,48.55497360229492
2015-01-20,48.46821975708008
2015-01-21,48.72844696044922
2015-01-22,48.79350280761719
2015-01-23,48.79350280761719
2015-01-26,49.01573944091797
2015-01-27,48.97776412963867
2015-01-28,48.874755859375
2015-01-29,49.04827117919922
2015-01-30,48.9127082824707
2015-02-02,49.10054016113281
2015-02-03,49.37808609008789
2015-02-04,49.1712646484375
2015-02-05,49.45973205566406
2015-02-06,49.49787902832031
2015-02-09,49.37808609008789
2015-02-10,49.54683303833008
2015-02-11,49.53050994873047
2015-02-12,49.52505111694336
2015-02-13,49.59585189819336
2015-02-17,49.563148498535156
2015-02-18,49.73192596435547
2015-02-19,49.61757278442383
2015-02-20,49.75364303588867
2015-02-23,49.79175567626953
2015-02-24,49.840755462646484
2015-02-25,50.0040283203125
2015-02-26,49.993167877197266
2015-02-27,50.0040283203125
2015-03-02,49.99476623535156
2015-03-03,49.85264205932617
2015-03-04,49.75971221923828
2015-03-05,49.85264205932617
2015-03-06,49.535579681396484
2015-03-09,49.431739807128906
2015-03-10,49.240421295166016
2015-03-11,49.37705612182617
2015-03-12,49.47545623779297
2015-03-13,49.30600357055664
2015-03-16,49.256797790527344
2015-03-17,49.01080322265625
2015-03-18,49.448116302490234
2015-03-19,49.05452346801758
2015-03-20,49.43718719482422
2015-03-23,49.47545623779297
2015-03-24,49.5519905090332
2015-03-25,49.420814514160156
2015-03-26,49.415306091308594
2015-03-27,49.45358657836914
2015-03-30,49.59025192260742
2015-03-31,49.53010559082031
2015-04-01,49.63225173950195
2015-04-02,49.67066955566406
2015-04-06,49.796974182128906
2015-04-07,50.06052780151367
2015-04-08,50.0495491027832
2015-04-09,50.00014114379883
2015-04-10,50.115447998046875
2015-04-13,50.02210235595703
2015-04-14,50.04405212402344
2015-04-15,50.24174118041992
2015-04-16,50.13739013671875
2015-04-17,49.9836540222168
2015-04-20,50.09349060058594
2015-04-21,50.126426696777344
2015-04-22,50.07699203491211
2015-04-23,50.06052780151367
2015-04-24,50.1429328918457
2015-04-27,50.159385681152344
2015-04-28,50.08250427246094
2015-04-29,49.98914337158203
2015-04-30,49.96169662475586
2015-05-01,50.07310104370117
2015-05-04,50.06205749511719
2015-05-05,49.99586486816406
2015-05-06,49.846988677978516
2015-05-07,49.84149169921875
2015-05-08,50.233062744140625
2015-05-11,49.91866683959961
2015-05-12,49.91316223144531
2015-05-13,49.84149169921875
2015-05-14,50.0841178894043
2015-05-15,50.19443130493164
2015-05-18,50.11171340942383
2015-05-19,50.03449249267578
2015-05-20,49.97383117675781
2015-05-21,50.045562744140625
2015-05-22,50.0841178894043
2015-05-26,49.97935104370117
2015-05-27,50.08967208862305
2015-05-28,50.06758499145508
2015-05-29,50.139320373535156
2015-06-01,50.22349548339844
2015-06-02,50.12932586669922
2015-06-03,49.857879638671875
2015-06-04,49.697208404541016
2015-06-05,49.54764175415039
2015-06-08,49.54764175415039
2015-06-09,49.46455383300781
2015-06-10,49.531002044677734
2015-06-11,49.630741119384766
2015-06-12,49.44792556762695
2015-06-15,49.21525573730469
2015-06-16,49.49224853515625
2015-06-17,49.44792556762695
2015-06-18,49.630741119384766
2015-06-19,49.658424377441406
2015-06-22,49.75812530517578
2015-06-23,49.72490692138672
2015-06-24,49.59195327758789
2015-06-25,49.4423828125
2015-06-26,49.298316955566406
2015-06-29,48.96041488647461
2015-06-30,49.19310760498047
2015-07-01,49.20140838623047
2015-07-02,49.38504409790039
2015-07-06,49.223716735839844
2015-07-07,49.262664794921875
2015-07-08,49.017799377441406
2015-07-09,49.129112243652344
2015-07-10,49.41290283203125
2015-07-13,49.45741271972656
2015-07-14,49.4073371887207
2015-07-15,49.4073371887207
2015-07-16,49.48522186279297
2015-07-17,49.3516845703125
2015-07-20,49.12352752685547
2015-07-21,49.03450393676758
2015-07-22,48.717315673828125
2015-07-23,48.689491271972656
2015-07-24,48.55037307739258
2015-07-27,48.34452438354492
2015-07-28,48.60602951049805
2015-07-29,48.889808654785156
2015-07-30,49.03450393676758
2015-07-31,48.95103454589844
2015-08-03,48.85935974121094
2015-08-04,48.8873291015625
2015-08-05,48.82021713256836
2015-08-06,48.619014739990234
2015-08-07,48.46807098388672
2015-08-10,48.607826232910156
2015-08-11,48.38425827026367
2015-08-12,48.31717300415039
2015-08-13,48.25568389892578
2015-08-14,48.28361892700195
2015-08-17,48.28361892700195
2015-08-18,48.22214126586914
2015-08-19,48.177459716796875
2015-08-20,47.94264602661133
2015-08-21,47.76936340332031
2015-08-24,47.37810516357422
2015-08-25,47.47314453125
2015-08-26,47.8699836730957
2015-08-27,48.22771072387695
2015-08-28,48.272464752197266
2015-08-31,48.20539474487305
2015-09-01,48.049835205078125
2015-09-02,48.246368408203125
2015-09-03,48.31374740600586
2015-09-04,48.263179779052734
2015-09-08,48.52706527709961
2015-09-09,48.46533203125
2015-09-10,48.5832405090332
2015-09-11,48.56637954711914
2015-09-14,48.4821662902832
2015-09-15,48.47093963623047
2015-09-16,48.2968864440918
2015-09-17,48.33620071411133
2015-09-18,48.20144271850586
2015-09-21,48.111595153808594
2015-09-22,47.763492584228516
2015-09-23,47.67926788330078
2015-09-24,47.44349670410156
2015-09-25,47.202056884765625
2015-09-28,46.47776794433594
2015-09-29,46.472164154052734
2015-09-30,46.764102935791016
2015-10-01,46.46396255493164
2015-10-02,46.509117126464844
2015-10-05,47.06761932373047
2015-10-06,47.327125549316406
2015-10-07,47.81232833862305
2015-10-08,48.0097541809082
2015-10-09,48.0153923034668
2015-10-12,47.92511749267578
2015-10-13,47.81232833862305
2015-10-14,47.77846908569336
2015-10-15,47.89128112792969
2015-10-16,48.111324310302734
2015-10-19,48.241050720214844
2015-10-20,48.286197662353516
2015-10-21,48.23542404174805
2015-10-22,48.25234603881836
2015-10-23,48.42159652709961
2015-10-26,48.37080764770508
2015-10-27,48.212825775146484
2015-10-28,48.34259796142578
2015-10-29,48.2184944152832
2015-10-30,48.274898529052734
2015-11-02,48.42454528808594
2015-11-03,48.4755744934082
2015-11-04,48.333866119384766
2015-11-05,48.1468391418457
2015-11-06,47.914459228515625
2015-11-09,47.71607208251953
2015-11-10,47.60841751098633
2015-11-11,47.49507522583008
2015-11-12,47.17767333984375
2015-11-13,47.0416259765625
2015-11-16,47.262664794921875
2015-11-17,47.29667282104492
2015-11-18,47.38737869262695
2015-11-19,46.96225357055664
2015-11-20,46.95094680786133
2015-11-23,46.91127395629883
2015-11-24,46.97357940673828
2015-11-25,47.02461624145508
2015-11-27,47.098297119140625
2015-11-30,47.0699577331543
2015-12-01,47.404823303222656
2015-12-02,47.30803680419922
2015-12-03,47.182735443115234
2015-12-04,47.07452392578125
2015-12-07,46.744224548339844
2015-12-08,46.163330078125
2015-12-09,46.40251922607422
2015-12-10,46.208892822265625
2015-12-11,45.28631591796875
2015-12-14,44.893348693847656
2015-12-15,45.62799835205078
2015-12-16,45.97539520263672
2015-12-17,45.46285629272461
2015-12-18,45.2920036315918
2015-12-21,45.14963150024414
2015-12-22,45.696327209472656
2015-12-23,45.986793518066406
2015-12-24,46.0806770324707
2015-12-28,45.805885314941406
2015-12-29,46.06922149658203
2015-12-30,46.10358428955078
2015-12-31,46.132225036621094
2016-01-04,45.857398986816406
2016-01-05,45.94329833984375
2016-01-06,45.94329833984375
2016-01-07,45.645565032958984
2016-01-08,45.52535629272461
2016-01-11,45.4566650390625
2016-01-12,45.50244140625
2016-01-13,44.99862289428711
2016-01-14,45.19905090332031
2016-01-15,44.603614807128906
2016-01-19,44.44904708862305
2016-01-20,44.1513557434082
2016-01-21,44.44904708862305
2016-01-22,45.13031768798828
2016-01-25,44.683780670166016
2016-01-26,45.08452224731445
2016-01-27,45.01582717895508
2016-01-28,45.24479675292969
2016-01-29,45.39368438720703
2016-02-01,45.123844146728516
2016-02-02,44.8016471862793
2016-02-03,45.02027893066406
2016-02-04,44.87643051147461
2016-02-05,44.53125
2016-02-08,44.013427734375
2016-02-09,43.84659194946289
2016-02-10,43.7833137512207
2016-02-11,43.489864349365234
2016-02-12,44.14002227783203
2016-02-16,44.180294036865234
2016-02-17,44.542747497558594
2016-02-18,44.5830078125
2016-02-19,44.669334411621094
2016-02-22,45.0547981262207
2016-02-23,44.962764739990234
2016-02-24,45.03752899169922
2016-02-25,45.2791748046875
2016-02-26,45.58412170410156
2016-02-29,46.073150634765625
2016-03-01,46.801300048828125
2016-03-02,46.48321533203125
2016-03-03,46.63938903808594
2016-03-04,46.77241516113281
2016-03-07,46.83024597167969
2016-03-08,46.500545501708984
2016-03-09,46.616207122802734
2016-03-10,46.94013214111328
2016-03-11,47.50692367553711
2016-03-14,47.37388610839844
2016-03-15,46.934349060058594
2016-03-16,47.24667739868164
2016-03-17,47.547420501708984
2016-03-18,47.657283782958984
2016-03-21,47.60523986816406
2016-03-22,47.47800827026367
2016-03-23,47.25823974609375
2016-03-24,47.05000305175781
2016-03-28,46.83600997924805
2016-03-29,47.01530456542969
2016-03-30,47.18301010131836
2016-03-31,47.24667739868164
2016-04-01,47.28093719482422
2016-04-04,47.16472244262695
2016-04-05,46.99039840698242
2016-04-06,47.38553237915039
2016-04-07,47.153114318847656
2016-04-08,47.36808395385742
2016-04-11,47.43198776245117
2016-04-12,47.710914611816406
2016-04-13,48.024715423583984
2016-04-14,48.00726318359375
2016-04-15,47.931724548339844
2016-04-18,48.204837799072266
2016-04-19,48.4082145690918
2016-04-20,48.50117874145508
2016-04-21,48.350074768066406
2016-04-22,48.46047592163086
2016-04-25,48.274539947509766
2016-04-26,48.43724822998047
2016-04-27,48.72198486328125
2016-04-28,48.6406135559082
2016-04-29,48.72198486328125
2016-05-02,48.74065017700195
2016-05-03,48.425445556640625
2016-05-04,48.2445068359375
2016-05-05,48.20362854003906
2016-05-06,48.17443084716797
2016-05-09,48.08686065673828
2016-05-10,48.49546813964844
2016-05-11,48.46048355102539
2016-05-12,48.53633499145508
2016-05-13,48.320369720458984
2016-05-16,48.58885192871094
2016-05-17,48.48966598510742
2016-05-18,48.49546813964844
2016-05-19,48.36122131347656
2016-05-20,48.530513763427734
2016-05-23,48.54219055175781
2016-05-24,48.83406066894531
2016-05-25,48.9099235534668
2016-05-26,48.76985549926758
2016-05-27,48.85155487060547
2016-05-31,48.80485916137695
2016-06-01,48.88227081298828
2016-06-02,48.89401626586914
2016-06-03,48.98198699951172
2016-06-06,49.19902420043945
2016-06-07,49.416038513183594
2016-06-08,49.60373306274414
2016-06-09,49.410152435302734
2016-06-10,49.169673919677734
2016-06-13,48.841217041015625
2016-06-14,48.676979064941406
2016-06-15,48.70045852661133
2016-06-16,48.729774475097656
2016-06-17,48.759117126464844
2016-06-20,49.046531677246094
2016-06-21,49.23421096801758
2016-06-22,49.2811393737793
2016-06-23,49.6447868347168
2016-06-24,48.82949447631836
2016-06-27,48.12564468383789
2016-06-28,48.729774475097656
2016-06-29,49.345664978027344
2016-06-30,49.67995071411133
2016-07-01,49.77840042114258
2016-07-05,49.49551010131836
2016-07-06,49.713565826416016
2016-07-07,49.77840042114258
2016-07-08,50.43837356567383
2016-07-11,50.4678840637207
2016-07-12,50.60930252075195
2016-07-13,50.46198272705078
2016-07-14,50.562164306640625
2016-07-15,50.46198272705078
2016-07-18,50.632877349853516
2016-07-19,50.497337341308594
2016-07-20,50.626976013183594
2016-07-21,50.556270599365234
2016-07-22,50.78019714355469
2016-07-25,50.538570404052734
2016-07-26,50.34409713745117
2016-07-27,50.497337341308594
2016-07-28,50.28519821166992
2016-07-29,50.332332611083984
2016-08-01,50.04996109008789
2016-08-02,49.97892379760742
2016-08-03,50.20387649536133
2016-08-04,50.523536682128906
2016-08-05,50.63596725463867
2016-08-08,50.84318923950195
2016-08-09,51.02077865600586
2016-08-10,50.92607498168945
2016-08-11,51.05039978027344
2016-08-12,51.09181594848633
2016-08-15,51.24571990966797
2016-08-16,51.139156341552734
2016-08-17,51.210201263427734
2016-08-18,51.41146469116211
2016-08-19,51.257545471191406
2016-08-22,51.17466735839844
2016-08-23,51.34632873535156
2016-08-24,51.204307556152344
2016-08-25,51.29901885986328
2016-08-26,51.23980712890625
2016-08-29,51.49435043334961
2016-08-30,51.52394485473633
2016-08-31,51.32267379760742
2016-09-01,51.4243278503418
2016-09-02,51.662132263183594
2016-09-06,51.72159194946289
2016-09-07,51.57891845703125
2016-09-08,51.48377990722656
2016-09-09,50.99034881591797
2016-09-12,51.168697357177734
2016-09-13,50.77634048461914
2016-09-14,50.76445388793945
2016-09-15,51.06167221069336
2016-09-16,51.07356643676758
2016-09-19,51.10331344604492
2016-09-20,51.04383087158203
2016-09-21,51.4659538269043
2016-09-22,51.63835525512695
2016-09-23,51.57891845703125
2016-09-26,51.35298538208008
2016-09-27,51.50163269042969
2016-09-28,51.84641647338867
2016-09-29,51.650238037109375
2016-09-30,51.87619400024414
2016-10-03,51.8438835144043
2016-10-04,51.75435256958008
2016-10-05,51.891693115234375
2016-10-06,51.92155075073242
2016-10-07,52.04098129272461
2016-10-10,52.19024658203125
2016-10-11,51.89765930175781
2016-10-12,51.87974166870117
2016-10-13,51.748374938964844
2016-10-14,51.867774963378906
2016-10-17,51.79610824584961
2016-10-18,52.00514602661133
2016-10-19,52.154415130615234
2016-10-20,52.16039276123047
2016-10-21,52.17235565185547
2016-10-24,52.202178955078125
2016-10-25,52.17235565185547
2016-10-26,51.96331787109375
2016-10-27,51.772254943847656
2016-10-28,51.521446228027344
2016-10-31,51.36616134643555
2016-11-01,51.16584777832031
2016-11-02,50.937923431396484
2016-11-03,50.949928283691406
2016-11-04,50.97388458251953
2016-11-07,51.68770980834961
2016-11-08,51.57374954223633
2016-11-09,51.213829040527344
2016-11-10,50.54201889038086
2016-11-11,50.06815719604492
2016-11-14,50.44003677368164
2016-11-15,51.10586929321289
2016-11-16,50.90192413330078
2016-11-17,50.763973236083984
2016-11-18,50.763973236083984
2016-11-21,51.171844482421875
2016-11-22,51.549739837646484
2016-11-23,51.35780334472656
2016-11-25,51.42378616333008
2016-11-28,51.41776657104492
2016-11-29,51.351829528808594
2016-11-30,51.37582015991211
2016-12-01,51.13541030883789
2016-12-02,51.44267272949219
2016-12-05,51.57524108886719
2016-12-06,51.83431625366211
2016-12-07,52.09343338012695
2016-12-08,52.08736038208008
2016-12-09,52.111473083496094
2016-12-12,52.03914260864258
2016-12-13,52.16569519042969
2016-12-14,51.774070739746094
2016-12-15,51.79816436767578
2016-12-16,51.84635543823242
2016-12-19,51.978878021240234
2016-12-20,52.05120086669922
2016-12-21,52.14158630371094
2016-12-22,52.254032135009766
2016-12-23,52.35075378417969
2016-12-27,52.302398681640625
2016-12-28,52.229854583740234
2016-12-29,52.302398681640625
2016-12-30,52.320526123046875
2017-01-03,52.53813934326172
2017-01-04,52.822288513183594
2017-01-05,52.74367904663086
2017-01-06,52.73160934448242
2017-01-09,52.71952438354492
2017-01-10,52.725547790527344
2017-01-11,52.75574493408203
2017-01-12,52.76785659790039
2017-01-13,52.785987854003906
2017-01-17,52.73160934448242
2017-01-18,52.77992630004883
2017-01-19,52.61069869995117
2017-01-20,52.71346664428711
2017-01-23,52.71346664428711
2017-01-24,52.74972152709961
2017-01-25,52.93712615966797
2017-01-26,52.9129638671875
2017-01-27,52.961307525634766
2017-01-30,52.85250473022461
2017-01-31,52.79811477661133
2017-02-01,52.993587493896484
2017-02-02,53.023948669433594
2017-02-03,53.115074157714844
2017-02-06,53.07859420776367
2017-02-07,52.99967575073242
2017-02-08,53.036109924316406
2017-02-09,53.10896301269531
2017-02-10,53.14540100097656
2017-02-13,53.224308013916016
2017-02-14,53.26076889038086
2017-02-15,53.278987884521484
2017-02-16,53.23646545410156
2017-02-17,53.29109573364258
2017-02-21,53.467193603515625
2017-02-22,53.49150085449219
2017-02-23,53.54005813598633
2017-02-24,53.582550048828125
2017-02-27,53.64933776855469
2017-02-28,53.60683822631836
2017-03-01,53.804405212402344
2017-03-02,53.633689880371094
2017-03-03,53.65806198120117
2017-03-06,53.48732376098633
2017-03-07,53.13971710205078
2017-03-08,52.78602981567383
2017-03-09,52.6457633972168
2017-03-10,52.62746810913086
2017-03-13,52.67015075683594
2017-03-14,52.5116081237793
2017-03-15,53.237274169921875
2017-03-16,53.0848503112793
2017-03-17,53.103145599365234
2017-03-20,52.999446868896484
2017-03-21,52.62138366699219
2017-03-22,52.749446868896484
2017-03-23,52.76771545410156
2017-03-24,52.95067596435547
2017-03-27,52.895790100097656
2017-03-28,53.188507080078125
2017-03-29,53.29826736450195
2017-03-30,53.54827880859375
2017-03-31,53.529991149902344
2017-04-03,53.50122833251953
2017-04-04,53.51961135864258
2017-04-05,53.47671890258789
2017-04-06,53.54410171508789
2017-04-07,53.51961135864258
2017-04-10,53.593074798583984
2017-04-11,53.48898696899414
2017-04-12,53.52571105957031
2017-04-13,53.41547393798828
2017-04-17,53.57475280761719
2017-04-18,53.562461853027344
2017-04-19,53.51347732543945
2017-04-20,53.6910514831543
2017-04-21,53.6481819152832
2017-04-24,53.899295806884766
2017-04-25,53.997276306152344
2017-04-26,53.94829177856445
2017-04-27,53.98505401611328
2017-04-28,53.96664810180664
2017-05-01,53.99433898925781
2017-05-02,54.01277160644531
2017-05-03,54.06199645996094
2017-05-04,53.77293395996094
2017-05-05,53.865177154541016
2017-05-08,53.926666259765625
2017-05-09,53.8897705078125
2017-05-10,54.12346649169922
2017-05-11,54.1296272277832
2017-05-12,54.111209869384766
2017-05-15,54.23417663574219
2017-05-16,54.314170837402344
2017-05-17,54.07426071166992
2017-05-18,54.13578796386719
2017-05-19,54.23417663574219
2017-05-22,54.40026092529297
2017-05-23,54.394107818603516
2017-05-24,54.48635482788086
2017-05-25,54.44331741333008
2017-05-26,54.474082946777344
2017-05-30,54.5294189453125
2017-05-31,54.52326583862305
2017-06-01,54.682010650634766
2017-06-02,54.712894439697266
2017-06-05,54.66349792480469
2017-06-06,54.57700729370117
2017-06-07,54.46580123901367
2017-06-08,54.50905990600586
2017-06-09,54.55228805541992
2017-06-12,54.644962310791016
2017-06-13,54.7437858581543
2017-06-14,54.74994659423828
2017-06-15,54.53993225097656
2017-06-16,54.447303771972656
2017-06-19,54.614051818847656
2017-06-20,54.4225959777832
2017-06-21,54.107574462890625
2017-06-22,54.255821228027344
2017-06-23,54.47818374633789
2017-06-26,54.55228805541992
2017-06-27,54.379337310791016
2017-06-28,54.60171127319336
2017-06-29,54.46580123901367
2017-06-30,54.59553146362305
2017-07-03,54.5688591003418
2017-07-05,54.525428771972656
2017-07-06,54.38896179199219
2017-07-07,54.33934020996094
2017-07-10,54.401371002197266
2017-07-11,54.36418151855469
2017-07-12,54.717742919921875
2017-07-13,54.76115417480469
2017-07-14,54.91624069213867
2017-07-17,54.93486785888672
2017-07-18,54.959659576416016
2017-07-19,55.05268859863281
2017-07-20,55.08372116088867
2017-07-21,55.040313720703125
2017-07-24,55.08372116088867
2017-07-25,55.108543395996094
2017-07-26,55.18917465209961
2017-07-27,55.14576721191406
2017-07-28,55.15196990966797
2017-07-31,55.15196990966797
2017-08-01,55.206764221191406
2017-08-02,55.219215393066406
2017-08-03,55.11334991455078
2017-08-04,55.12580490112305
2017-08-07,55.100887298583984
2017-08-08,54.86418533325195
2017-08-09,54.652408599853516
2017-08-10,54.3035888671875
2017-08-11,54.39702224731445
2017-08-14,54.68354034423828
2017-08-15,54.70222854614258
2017-08-16,54.70845413208008
2017-08-17,54.40324020385742
2017-08-18,54.484222412109375
2017-08-21,54.540287017822266
2017-08-22,54.7645149230957
2017-08-23,54.77075958251953
2017-08-24,54.851715087890625
2017-08-25,54.95136642456055
2017-08-28,54.95760726928711
2017-08-29,54.88910675048828
2017-08-30,55.038604736328125
2017-08-31,55.188079833984375
2017-09-01,55.2443733215332
2017-09-05,55.11929702758789
2017-09-06,55.081729888916016
2017-09-07,55.088008880615234
2017-09-08,54.91287612915039
2017-09-11,55.088008880615234
2017-09-12,55.15679931640625
2017-09-13,55.17556381225586
2017-09-14,55.25064468383789
2017-09-15,55.30064392089844
2017-09-18,55.27566909790039
2017-09-19,55.33195495605469
2017-09-20,55.325679779052734
2017-09-21,55.25688934326172
2017-09-22,55.31318664550781
2017-09-25,55.34449005126953
2017-09-26,55.41326904296875
2017-09-27,55.438289642333984
2017-09-28,55.438289642333984
2017-09-29,55.51960754394531
2017-10-02,55.491310119628906
2017-10-03,55.591854095458984
2017-10-04,55.53528594970703
2017-10-05,55.60440444946289
2017-10-06,55.522735595703125
2017-10-09,55.528995513916016
2017-10-10,55.57301712036133
2017-10-11,55.5164680480957
2017-10-12,55.45365524291992
2017-10-13,55.478797912597656
2017-10-16,55.51019287109375
2017-10-17,55.591854095458984
2017-10-18,55.648372650146484
2017-10-19,55.654640197753906
2017-10-20,55.704872131347656
2017-10-23,55.642059326171875
2017-10-24,55.642059326171875
2017-10-25,55.485069274902344
2017-10-26,55.41595458984375
2017-10-27,55.56673049926758
2017-10-30,55.55411911010742
2017-10-31,55.56673049926758
2017-11-01,55.51371765136719
2017-11-02,55.4821891784668
2017-11-03,55.48849868774414
2017-11-06,55.494808197021484
2017-11-07,55.3371467590332
2017-11-08,55.09117126464844
2017-11-09,54.81998825073242
2017-11-10,54.93980407714844
2017-11-13,54.90194320678711
2017-11-14,54.66859817504883
2017-11-15,54.66859817504883
2017-11-16,55.20470428466797
2017-11-17,55.166847229003906
2017-11-20,55.1794548034668
2017-11-21,55.292964935302734
2017-11-22,55.38127899169922
2017-11-24,55.41911315917969
2017-11-27,55.24882507324219
2017-11-28,55.41911315917969
2017-11-29,55.34974670410156
2017-11-30,55.36235809326172
2017-12-01,55.34461212158203
2017-12-04,55.32563018798828
2017-12-05,55.293941497802734
2017-12-06,55.24327087402344
2017-12-07,55.26860427856445
2017-12-08,55.32563018798828
2017-12-11,55.33830261230469
2017-12-12,55.312965393066406
2017-12-13,55.34461212158203
2017-12-14,55.230621337890625
2017-12-15,55.236968994140625
2017-12-18,55.293941497802734
2017-12-19,55.179954528808594
2017-12-20,55.224273681640625
2017-12-21,55.28215789794922
2017-12-22,55.33305740356445
2017-12-26,55.415687561035156
2017-12-27,55.4411506652832
2017-12-28,55.415687561035156
2017-12-29,55.498409271240234
2018-01-02,55.549285888671875
2018-01-03,55.81642532348633
2018-01-04,55.91181945800781
2018-01-05,55.9499626159668
2018-01-08,55.90544891357422
2018-01-09,55.73371505737305
2018-01-10,55.61287307739258
2018-01-11,55.797332763671875
2018-01-12,55.70192337036133
2018-01-16,55.67014694213867
2018-01-17,55.6765022277832
2018-01-18,55.619258880615234
2018-01-19,55.6765022277832
2018-01-22,55.72737503051758
2018-01-23,55.892738342285156
2018-01-24,55.810028076171875
2018-01-25,55.771907806396484
2018-01-26,55.81642532348633
2018-01-29,55.619258880615234
2018-01-30,55.42845916748047
2018-01-31,55.523868560791016
2018-02-01,55.419090270996094
2018-02-02,55.067840576171875
2018-02-05,54.7612419128418
2018-02-06,55.093379974365234
2018-02-07,54.88899612426758
2018-02-08,54.409976959228516
2018-02-09,54.256675720214844
2018-02-12,54.62710189819336
2018-02-13,54.45469284057617
2018-02-14,54.550479888916016
2018-02-15,54.99118423461914
2018-02-16,55.21471405029297
2018-02-20,55.023094177246094
2018-02-21,54.774044036865234
2018-02-22,54.812339782714844
2018-02-23,55.176414489746094
2018-02-26,55.27219772338867
2018-02-27,55.12529373168945
2018-02-28,55.0422477722168
2018-03-01,54.677391052246094
2018-03-02,54.98523712158203
2018-03-05,54.98523712158203
2018-03-06,55.062137603759766
2018-03-07,54.927490234375
2018-03-08,54.99161911010742
2018-03-09,55.190406799316406
2018-03-12,55.100616455078125
2018-03-13,54.927490234375
2018-03-14,54.863399505615234
2018-03-15,54.901859283447266
2018-03-16,55.017250061035156
2018-03-19,54.792816162109375
2018-03-20,54.901859283447266
2018-03-21,54.92108154296875
2018-03-22,54.59408187866211
2018-03-23,54.452964782714844
2018-03-26,54.8056640625
2018-03-27,54.7543830871582
2018-03-28,54.72871780395508
2018-03-29,54.91465377807617
2018-04-02,54.7015495300293
2018-04-03,54.85610580444336
2018-04-04,54.97840118408203
2018-04-05,55.02349090576172
2018-04-06,54.901153564453125
2018-04-09,55.107177734375
2018-04-10,55.306766510009766
2018-04-11,55.32607650756836
2018-04-12,55.52566909790039
2018-04-13,55.557891845703125
2018-04-16,55.641571044921875
2018-04-17,55.66734313964844
2018-04-18,55.609344482421875
2018-04-19,55.435546875
2018-04-20,55.300315856933594
2018-04-23,55.1522331237793
2018-04-24,55.042789459228516
2018-04-25,55.04921340942383
2018-04-26,55.24238204956055
2018-04-27,55.216651916503906
2018-04-30,55.178001403808594
2018-05-01,55.21871566772461
2018-05-02,55.19932174682617
2018-05-03,55.192840576171875
2018-05-04,55.23162841796875
2018-05-07,55.28337097167969
2018-05-08,55.19932174682617
2018-05-09,55.28984451293945
2018-05-10,55.45151138305664
2018-05-11,55.43210983276367
2018-05-14,55.4450569152832
2018-05-15,55.173484802246094
2018-05-16,55.24459457397461
2018-05-17,55.27693557739258
2018-05-18,55.21871566772461
2018-05-21,55.29631805419922
2018-05-22,55.33513641357422
2018-05-23,55.3803825378418
2018-05-24,55.4127082824707
2018-05-25,55.32220458984375
2018-05-29,55.08942413330078
2018-05-30,55.25756072998047
2018-05-31,55.2058219909668
2018-06-01,55.3317985534668
2018-06-04,55.4487190246582
2018-06-05,55.51369094848633
2018-06-06,55.650081634521484
2018-06-07,55.66956329345703
2018-06-08,55.63705825805664
2018-06-11,55.741004943847656
2018-06-12,55.786441802978516
2018-06-13,55.80596160888672
2018-06-14,55.96832275390625
2018-06-15,55.935874938964844
2018-06-18,55.92934036254883
2018-06-19,55.85142135620117
2018-06-20,55.90986633300781
2018-06-21,55.792964935302734
2018-06-22,55.79945373535156
2018-06-25,55.66956329345703
2018-06-26,55.66306686401367
2018-06-27,55.54616165161133
2018-06-28,55.3902473449707
2018-06-29,55.26036834716797
2018-07-02,55.313228607177734
2018-07-03,55.31972122192383
2018-07-05,55.52851104736328
2018-07-06,55.672061920166016
2018-07-09,55.756866455078125
2018-07-10,55.76340866088867
2018-07-11,55.6785774230957
2018-07-12,55.854732513427734
2018-07-13,55.854732513427734
2018-07-16,55.81559371948242
2018-07-17,55.83515167236328
2018-07-18,55.861263275146484
2018-07-19,55.83515167236328
2018-07-20,55.861263275146484
2018-07-23,55.84168243408203
2018-07-24,55.9591064453125
2018-07-25,56.06354522705078
2018-07-26,56.07005310058594
2018-07-27,56.050453186035156
2018-07-30,56.07005310058594
2018-07-31,56.1875
2018-08-01,56.237937927246094
2018-08-02,56.27067947387695
2018-08-03,56.31655502319336
2018-08-06,56.421363830566406
2018-08-07,56.44759750366211
2018-08-08,56.414852142333984
2018-08-09,56.37553024291992
2018-08-10,56.27721405029297
2018-08-13,56.237937927246094
2018-08-14,56.33622741699219
2018-08-15,56.237937927246094
2018-08-16,56.31001663208008
2018-08-17,56.37553024291992
2018-08-20,56.4017219543457
2018-08-21,56.48693084716797
2018-08-22,56.50657272338867
2018-08-23,56.500030517578125
2018-08-24,56.5982666015625
2018-08-27,56.61798858642578
2018-08-28,56.591732025146484
2018-08-29,56.55897903442383
2018-08-30,56.513092041015625
2018-08-31,56.5852165222168
2018-09-04,56.467411041259766
2018-09-05,56.40818786621094
2018-09-06,56.4542121887207
2018-09-07,56.39501953125
2018-09-10,56.506866455078125
2018-09-11,56.520050048828125
2018-09-12,56.651649475097656
2018-09-13,56.756927490234375
2018-09-14,56.80960464477539
2018-09-17,56.77007293701172
2018-09-18,56.76352310180664
2018-09-19,56.65824890136719
2018-09-20,56.737213134765625
2018-09-21,56.7503547668457
2018-09-24,56.72404479980469
2018-09-25,56.677982330322266
2018-09-26,56.737213134765625
2018-09-27,56.842464447021484
2018-09-28,56.881980895996094
2018-10-01,57.04656982421875
2018-10-02,57.000301361083984
2018-10-03,56.84822082519531
2018-10-04,56.63671875
2018-10-05,56.385536193847656
2018-10-08,56.259952545166016
2018-10-09,56.34590148925781
2018-10-10,55.94266128540039
2018-10-11,55.988914489746094
2018-10-12,56.28639221191406
2018-10-15,56.2467155456543
2018-10-16,56.43843460083008
2018-10-17,56.32606506347656
2018-10-18,56.088069915771484
2018-10-19,56.121131896972656
2018-10-22,56.147579193115234
2018-10-23,56.094703674316406
2018-10-24,55.81705093383789
2018-10-25,55.929405212402344
2018-10-26,55.6782341003418
2018-10-29,55.6253662109375
2018-10-30,55.7575798034668
2018-10-31,55.7575798034668
2018-11-01,56.0133056640625
2018-11-02,55.98009490966797
2018-11-05,56.026607513427734
2018-11-06,56.17274475097656
2018-11-07,56.49826431274414
2018-11-08,56.358741760253906
2018-11-09,56.03986358642578
2018-11-12,55.6944694519043
2018-11-13,55.6014518737793
2018-11-14,55.49517059326172
2018-11-15,55.48189163208008
2018-11-16,55.31581115722656
2018-11-19,55.14308547973633
2018-11-20,54.97035217285156
2018-11-21,55.24937057495117
2018-11-23,54.94379806518555
2018-11-26,55.20290756225586
2018-11-27,55.17631149291992
2018-11-28,55.634681701660156
2018-11-29,55.64794921875
2018-11-30,55.535037994384766
2018-12-03,55.919403076171875
2018-12-04,55.57239532470703
2018-12-06,55.37887954711914
2018-12-07,55.272117614746094
2018-12-10,55.3121223449707
2018-12-11,55.412254333496094
2018-12-12,55.5924072265625
2018-12-13,55.72586441040039
2018-12-14,55.49232482910156
2018-12-17,55.131961822509766
2018-12-18,55.0321044921875
2018-12-19,54.53592300415039
2018-12-20,54.05988311767578
2018-12-21,53.79170227050781
2018-12-24,53.3894157409668
2018-12-26,54.287845611572266
2018-12-27,54.25432586669922
2018-12-28,54.334808349609375
2018-12-31,54.37504196166992
2019-01-02,54.30127716064453
2019-01-03,54.328086853027344
2019-01-04,55.239933013916016
2019-01-07,55.77630615234375
2019-01-08,56.138343811035156
2019-01-09,56.20539474487305
2019-01-10,56.42665100097656
2019-01-11,56.245635986328125
2019-01-14,56.06459045410156
2019-01-15,56.25233459472656
2019-01-16,56.33951950073242
2019-01-17,56.49369812011719
2019-01-18,56.654624938964844
2019-01-22,56.27912902832031
2019-01-23,56.393123626708984
2019-01-24,56.45349884033203
2019-01-25,56.59425354003906
2019-01-28,56.5070915222168
2019-01-29,56.47359085083008
2019-01-30,56.92280197143555
2019-01-31,57.06360626220703
2019-02-01,57.035987854003906
2019-02-04,57.170692443847656
2019-02-05,57.37276840209961
2019-02-06,57.31890106201172
2019-02-07,57.12352752685547
2019-02-08,57.11005401611328
2019-02-11,57.13699722290039
2019-02-12,57.413177490234375
2019-02-13,57.33235168457031
2019-02-14,57.33905792236328
2019-02-15,57.52092361450195
2019-02-19,57.541133880615234
2019-02-20,57.588287353515625
2019-02-21,57.534423828125
2019-02-22,57.64892578125
2019-02-25,57.69606399536133
2019-02-26,57.7701530456543
2019-02-27,57.790367126464844
2019-02-28,57.756675720214844
2019-03-01,57.920406341552734
2019-03-04,57.83247375488281
2019-03-05,57.80540084838867
2019-03-06,57.71067810058594
2019-03-07,57.67008972167969
2019-03-08,57.57539367675781
2019-03-11,57.764793395996094
2019-03-12,57.86625289916992
2019-03-13,58.02190399169922
2019-03-14,57.981300354003906
2019-03-15,58.035404205322266
2019-03-18,58.01512145996094
2019-03-19,58.04896926879883
2019-03-20,58.299278259277344
2019-03-21,58.28573989868164
2019-03-22,58.075992584228516
2019-03-25,58.05571746826172
2019-03-26,58.19778823852539
2019-03-27,58.238399505615234
2019-03-28,58.35337829589844
2019-03-29,58.502262115478516
2019-04-01,58.48796844482422
2019-04-02,58.51515579223633
2019-04-03,58.53557586669922
2019-04-04,58.623878479003906
2019-04-05,58.732627868652344
2019-04-08,58.69864273071289
2019-04-09,58.657875061035156
2019-04-10,58.91606140136719
2019-04-11,59.004432678222656
2019-04-12,59.09275436401367
2019-04-15,59.05202865600586
2019-04-16,59.01801681518555
2019-04-17,58.87530517578125
2019-04-18,58.90245819091797
2019-04-22,58.800559997558594
2019-04-23,59.004432678222656
2019-04-24,58.92286682128906
2019-04-25,58.95008850097656
2019-04-26,59.09955978393555
2019-04-29,59.0723876953125
2019-04-30,59.07918167114258
2019-05-01,58.88536834716797
2019-05-02,58.92631912231445
2019-05-03,59.07646560668945
2019-05-06,59.10373306274414
2019-05-07,58.74887466430664
2019-05-08,58.769378662109375
2019-05-09,58.68064498901367
2019-05-10,58.844451904296875
2019-05-13,58.30533218383789
2019-05-14,58.43497848510742
2019-05-15,58.48957061767578
2019-05-16,58.6670036315918
2019-05-17,58.64653396606445
2019-05-20,58.591915130615234
2019-05-21,58.776161193847656
2019-05-22,58.82395935058594
2019-05-23,58.53052520751953
2019-05-24,58.44862747192383
2019-05-28,58.394081115722656
2019-05-29,58.237098693847656
2019-05-30,58.35990524291992
2019-05-31,57.936832427978516
2019-06-03,58.03004455566406
2019-06-04,58.61275863647461
2019-06-05,58.74985885620117
2019-06-06,58.873260498046875
2019-06-07,59.02408218383789
2019-06-10,59.113182067871094
2019-06-11,59.1954460144043
2019-06-12,59.05833053588867
2019-06-13,59.1954460144043
2019-06-14,59.154296875
2019-06-17,59.06521224975586
2019-06-18,59.476531982421875
2019-06-19,59.75759506225586
2019-06-20,60.05923080444336
2019-06-21,59.86726379394531
2019-06-24,59.86043930053711
2019-06-25,59.606746673583984
2019-06-26,59.579349517822266
2019-06-27,59.7438850402832
2019-06-28,59.764461517333984
2019-07-01,59.78234100341797
2019-07-02,59.91315841674805
2019-07-03,60.14039993286133
2019-07-05,59.89940643310547
2019-07-08,59.78234100341797
2019-07-09,59.71345138549805
2019-07-10,59.87874221801758
2019-07-11,59.76166915893555
2019-07-12,59.85807800292969
2019-07-15,59.89940643310547
2019-07-16,59.775455474853516
2019-07-17,59.699668884277344
2019-07-18,59.727272033691406
2019-07-19,59.623966217041016
2019-07-22,59.82362365722656
2019-07-23,59.926918029785156
2019-07-24,59.97514343261719
2019-07-25,59.89250946044922
2019-07-26,60.023353576660156
2019-07-29,59.93382263183594
2019-07-30,59.961368560791016
2019-07-31,59.85807800292969
2019-08-01,59.82834243774414
2019-08-02,59.73844909667969
2019-08-05,59.11611557006836
2019-08-06,59.49644088745117
2019-08-07,59.489501953125
2019-08-08,59.72462844848633
2019-08-09,59.64163589477539
2019-08-12,59.43421936035156
2019-08-13,59.696990966796875
2019-08-14,59.16453552246094
2019-08-15,59.337398529052734
2019-08-16,59.53792190551758
2019-08-19,59.71078872680664
2019-08-20,59.75920104980469
2019-08-21,60.01502990722656
2019-08-22,60.125675201416016
2019-08-23,59.84907913208008
2019-08-26,60.14643096923828
2019-08-27,60.118770599365234
2019-08-28,60.26401138305664
2019-08-29,60.326229095458984
2019-08-30,60.270904541015625
2019-09-03,60.098026275634766
2019-09-04,60.22297286987305
2019-09-05,60.4591178894043
2019-09-06,60.514625549316406
2019-09-09,60.577171325683594
2019-09-10,60.61188507080078
2019-09-11,60.60494613647461
2019-09-12,60.63966751098633
2019-09-13,60.5285530090332
2019-09-16,60.74380111694336
2019-09-17,60.778541564941406
2019-09-18,60.74380111694336
2019-09-19,60.67437744140625
2019-09-20,60.75078201293945
2019-09-23,60.72300720214844
2019-09-24,60.63966751098633
2019-09-25,60.577171325683594
2019-09-26,60.53548812866211
2019-09-27,60.466064453125
2019-09-30,60.53548812866211
2019-10-01,60.39604949951172
2019-10-02,60.04045486450195
2019-10-03,60.07533645629883
2019-10-04,60.263587951660156
2019-10-07,60.21475601196289
2019-10-08,59.99164581298828
2019-10-09,60.17292404174805
2019-10-10,60.24962615966797
2019-10-11,60.50062561035156
2019-10-14,60.542476654052734
2019-10-15,60.674949645996094
2019-10-16,60.62614059448242
2019-10-17,60.70979690551758
2019-10-18,60.723751068115234
2019-10-21,60.74469757080078
2019-10-22,60.758609771728516
2019-10-23,60.814395904541016
2019-10-24,60.88410949707031
2019-10-25,60.93293762207031
2019-10-28,60.925960540771484
2019-10-29,60.814395904541016
2019-10-30,60.737701416015625
2019-10-31,60.528507232666016
2019-11-01,60.78830337524414
2019-11-04,60.914329528808594
2019-11-05,60.851295471191406
2019-11-06,60.781280517578125
2019-11-07,60.75328063964844
2019-11-08,60.809329986572266
2019-11-11,60.77427673339844
2019-11-12,60.78830337524414
2019-11-13,60.72529983520508
2019-11-14,60.69023132324219
2019-11-15,60.872283935546875
2019-11-18,60.79532241821289
2019-11-19,60.5782356262207
2019-11-20,60.45219039916992
2019-11-21,60.466217041015625
2019-11-22,60.697242736816406
2019-11-25,60.8582649230957
2019-11-26,60.92829895019531
2019-11-27,61.00531005859375
2019-11-29,60.872283935546875
2019-12-02,60.83085632324219
2019-12-03,60.7464714050293
2019-12-04,60.92920684814453
2019-12-05,61.02062225341797
2019-12-06,61.104976654052734
2019-12-09,61.104976654052734
2019-12-10,61.252586364746094
2019-12-11,61.37912368774414
2019-12-12,61.519657135009766
2019-12-13,61.58295440673828
2019-12-16,61.70246124267578
2019-12-17,61.89226531982422
2019-12-18,62.00468826293945
2019-12-19,61.972251892089844
2019-12-20,61.88057327270508
2019-12-23,61.908756256103516
2019-12-24,61.958168029785156
2019-12-26,62.04986572265625
2019-12-27,62.02163314819336
2019-12-30,61.979305267333984
2019-12-31,62.03575897216797
2020-01-02,62.29677963256836
2020-01-03,62.233253479003906
2020-01-06,62.169776916503906
2020-01-07,62.11335372924805
2020-01-08,62.169776916503906
2020-01-09,62.33203887939453
2020-01-10,62.3531608581543
2020-01-13,62.3531608581543
2020-01-14,62.346153259277344
2020-01-15,62.36025619506836
2020-01-16,62.38142395019531
2020-01-17,62.33203887939453
2020-01-21,62.197994232177734
2020-01-22,62.31085205078125
2020-01-23,62.120391845703125
2020-01-24,61.859397888183594
2020-01-27,61.44321823120117
2020-01-28,61.972251892089844
2020-01-29,61.9370002746582
2020-01-30,62.000465393066406
2020-01-31,61.74653244018555
2020-02-03,61.73661422729492
2020-02-04,62.104976654052734
2020-02-05,62.36000061035156
2020-02-06,62.40958023071289
2020-02-07,62.317466735839844
2020-02-10,62.40250015258789
2020-02-11,62.44499206542969
2020-02-12,62.60793685913086
2020-02-13,62.62915802001953
2020-02-14,62.622093200683594
2020-02-18,62.49458312988281
2020-02-19,62.522926330566406
2020-02-20,62.62915802001953
2020-02-21,62.572513580322266
2020-02-24,61.899532318115234
2020-02-25,61.46741485595703
2020-02-26,61.53117752075195
2020-02-27,60.70234680175781
2020-02-28,60.9503059387207
2020-03-02,61.41278076171875
2020-03-03,61.1495246887207
2020-03-04,61.98910903930664
2020-03-05,61.2064094543457
2020-03-06,60.516231536865234
2020-03-09,57.91203689575195
2020-03-10,58.80144500732422
2020-03-11,57.52067565917969
2020-03-12,55.2224006652832
2020-03-13,56.95854949951172
2020-03-16,53.82780456542969
2020-03-17,54.33297348022461
2020-03-18,51.935096740722656
2020-03-19,50.7681770324707
2020-03-20,49.62973403930664
2020-03-23,48.83280944824219
2020-03-24,50.84645080566406
2020-03-25,52.27663803100586
2020-03-26,54.66743469238281
2020-03-27,54.8097038269043
2020-03-30,55.27933883666992
2020-03-31,54.838172912597656
2020-04-01,53.33287048339844
2020-04-02,53.74765396118164
2020-04-03,52.5963134765625
2020-04-06,53.876365661621094
2020-04-07,53.876365661621094
2020-04-08,55.2779655456543
2020-04-09,58.89640426635742
2020-04-13,58.05260467529297
2020-04-14,58.29574966430664
2020-04-15,57.752262115478516
2020-04-16,57.695037841796875
2020-04-17,57.98822021484375
2020-04-20,57.11578369140625
2020-04-21,56.071720123291016
2020-04-22,56.56516647338867
2020-04-23,56.536582946777344
2020-04-24,56.00737762451172
2020-04-27,56.236209869384766
2020-04-28,56.4078483581543
2020-04-29,57.40184783935547
2020-04-30,57.51627731323242
2020-05-01,56.524166107177734
2020-05-04,56.44511413574219
2020-05-05,56.933631896972656
2020-05-06,56.61036682128906
2020-05-07,56.75404739379883
2020-05-08,57.29282760620117
2020-05-11,57.03419494628906
2020-05-12,56.96238708496094
2020-05-13,56.66061782836914
2020-05-14,56.4666633605957
2020-05-15,56.54571533203125
2020-05-18,57.544273376464844
2020-05-19,57.61613464355469
2020-05-20,58.22677230834961
2020-05-21,58.21238708496094
2020-05-22,58.3560676574707
2020-05-26,58.79431915283203
2020-05-27,58.91646194458008
2020-05-28,58.97392272949219
2020-05-29,59.21098327636719
2020-06-01,59.65886306762695
2020-06-02,60.2502555847168
2020-06-03,60.53154754638672
2020-06-04,60.344017028808594
2020-06-05,60.91376876831055
2020-06-08,60.985904693603516
2020-06-09,60.50990295410156
2020-06-10,60.42336654663086
2020-06-11,58.87272644042969
2020-06-12,59.45692443847656
2020-06-15,60.03389358520508
2020-06-16,60.27912521362305
2020-06-17,59.99782180786133
2020-06-18,59.97618103027344
2020-06-19,59.77425765991211
2020-06-22,59.73097610473633
2020-06-23,59.8175163269043
2020-06-24,59.20450973510742
2020-06-25,59.22612762451172
2020-06-26,58.66359329223633
2020-06-29,58.33182144165039
2020-06-30,58.865509033203125
2020-07-01,59.04875564575195
2020-07-02,59.483306884765625
2020-07-06,59.910621643066406
2020-07-07,59.512306213378906
2020-07-08,59.671630859375
2020-07-09,59.5412483215332
2020-07-10,59.74406433105469
2020-07-13,59.41813659667969
2020-07-14,59.92512512207031
2020-07-15,60.2655143737793
2020-07-16,60.323448181152344
2020-07-17,60.49004364013672
2020-07-20,60.852149963378906
2020-07-21,61.13460159301758
2020-07-22,61.25777816772461
2020-07-23,61.214290618896484
2020-07-24,61.27222442626953
2020-07-27,61.417083740234375
2020-07-28,61.25777816772461
2020-07-29,61.59817886352539
2020-07-30,61.728519439697266
2020-07-31,61.844398498535156
2020-08-03,61.85967254638672
2020-08-04,61.837886810302734
2020-08-05,61.946922302246094
2020-08-06,62.085086822509766
2020-08-07,61.93239212036133
2020-08-10,61.961448669433594
2020-08-11,61.40156173706055
2020-08-12,61.41610336303711
2020-08-13,61.24882125854492
2020-08-14,61.13976287841797
2020-08-17,61.503387451171875
2020-08-18,61.59791564941406
2020-08-19,61.423377990722656
2020-08-20,61.62701416015625
2020-08-21,61.619693756103516
2020-08-24,61.90327453613281
2020-08-25,61.96875
2020-08-26,61.961448669433594
2020-08-27,61.866943359375
2020-08-28,61.91783142089844
2020-08-31,61.830570220947266
2020-09-01,62.16714096069336
2020-09-02,62.24014663696289
2020-09-03,61.85321807861328
2020-09-04,61.685306549072266
2020-09-08,61.342159271240234
2020-09-09,61.823997497558594
2020-09-10,61.531959533691406
2020-09-11,61.65610122680664
2020-09-14,61.59037399291992
2020-09-15,61.7582893371582
2020-09-16,61.7582893371582
2020-09-17,61.69259262084961
2020-09-18,61.53929901123047
2020-09-21,61.04282760620117
2020-09-22,61.25455093383789
2020-09-23,60.633995056152344
2020-09-24,60.670475006103516
2020-09-25,60.56095504760742
2020-09-28,60.955223083496094
2020-09-29,61.00629425048828
2020-09-30,61.25455093383789
2020-10-01,61.4649658203125
2020-10-02,61.4649658203125
2020-10-05,61.9268798828125
2020-10-06,61.78757095336914
2020-10-07,62.00754165649414
2020-10-08,62.1468391418457
2020-10-09,62.28614807128906
2020-10-12,62.601478576660156
2020-10-13,62.32286834716797
2020-10-14,62.16886520385742
2020-10-15,62.12485885620117
2020-10-16,62.0515251159668
2020-10-19,61.831565856933594
2020-10-20,62.0515251159668
2020-10-21,62.044212341308594
2020-10-22,62.15416717529297
2020-10-23,62.22749328613281
2020-10-26,61.6776008605957
2020-10-27,61.70695495605469
2020-10-28,61.19365692138672
2020-10-29,61.36963653564453
2020-10-30,61.501625061035156
2020-11-02,61.64817810058594
2020-11-03,62.1783561706543
2020-11-04,62.76009750366211
2020-11-05,62.980979919433594
2020-11-06,62.76009750366211
2020-11-09,63.23874282836914
2020-11-10,63.15032196044922
2020-11-11,63.12824249267578
2020-11-12,62.701148986816406
2020-11-13,62.91471481323242
2020-11-16,63.268157958984375
2020-11-17,63.290245056152344
2020-11-18,63.17240905761719
2020-11-19,63.38600158691406
2020-11-20,63.268157958984375
2020-11-23,63.363914489746094
2020-11-24,63.555335998535156
2020-11-25,63.525875091552734
2020-11-27,63.628971099853516
2020-11-30,63.56270980834961
2020-12-01,63.726097106933594
2020-12-02,63.90352249145508
2020-12-03,63.94044876098633
2020-12-04,64.20661926269531
2020-12-07,64.17706298828125
2020-12-08,64.12528228759766
2020-12-09,64.0291748046875
2020-12-10,64.14746856689453
2020-12-11,64.08094024658203
2020-12-14,64.09571075439453
2020-12-15,64.29533386230469
2020-12-16,64.19922637939453
2020-12-17,64.29497528076172
2020-12-18,64.34695434570312
2020-12-21,64.1168212890625
2020-12-22,64.1985092163086
2020-12-23,64.48802947998047
2020-12-24,64.62165069580078
2020-12-28,64.70328521728516
2020-12-29,64.62165069580078
2020-12-30,64.75524139404297
2020-12-31,64.80720520019531
2021-01-04,64.6736068725586
2021-01-05,64.69583892822266
2021-01-06,64.57707214355469
2021-01-07,64.76265716552734
2021-01-08,64.85917663574219
2021-01-11,64.51026153564453
2021-01-12,64.5919418334961
2021-01-13,64.7849349975586
2021-01-14,64.77011108398438
2021-01-15,64.66617584228516
2021-01-19,64.85176086425781
2021-01-20,64.97055053710938
2021-01-21,64.93340301513672
2021-01-22,64.80720520019531
2021-01-25,64.82202911376953
2021-01-26,64.72555541992188
2021-01-27,64.53996276855469
2021-01-28,64.73296356201172
2021-01-29,64.56224060058594
2021-02-01,64.76940155029297
2021-02-02,64.92584228515625
2021-02-03,64.97798156738281
2021-02-04,65.11212158203125
2021-02-05,65.20896911621094
2021-02-08,65.40267181396484
2021-02-09,65.28349304199219
2021-02-10,65.2685546875
2021-02-11,65.29834747314453
2021-02-12,65.40267181396484
2021-02-16,65.29834747314453
2021-02-17,65.2760009765625
2021-02-18,65.18659973144531
2021-02-19,65.194091796875
2021-02-22,64.99286651611328
2021-02-23,65.14934539794922
2021-02-24,65.21643829345703
2021-02-25,64.59798431396484
2021-02-26,64.404296875
2021-03-01,65.12733459472656
2021-03-02,65.03013610839844
2021-03-03,64.8207778930664
2021-03-04,64.57400512695312
2021-03-05,64.7684326171875
2021-03-08,64.29737091064453
2021-03-09,64.38711547851562
2021-03-10,64.58898162841797
2021-03-11,64.8282241821289
2021-03-12,64.64881896972656
2021-03-15,64.65629577636719
2021-03-16,64.5067367553711
2021-03-17,64.59644317626953
2021-03-18,64.10293579101562
2021-03-19,64.34969329833984
2021-03-22,64.58146667480469
2021-03-23,64.64881896972656
2021-03-24,64.68619537353516
2021-03-25,64.79832458496094
2021-03-26,64.99274444580078
2021-03-29,65.03013610839844
2021-03-30,64.87310791015625
2021-03-31,65.1871566772461
2021-04-01,65.32521057128906
2021-04-05,65.35523223876953
2021-04-06,65.46776580810547
2021-04-07,65.4452133178711
2021-04-08,65.46776580810547
2021-04-09,65.4227294921875
2021-04-12,65.35523223876953
2021-04-13,65.40020751953125
2021-04-14,65.37020874023438
2021-04-15,65.63280487060547
2021-04-16,65.49775695800781
2021-04-19,65.3927230834961
2021-04-20,65.28022003173828
2021-04-21,65.49775695800781
2021-04-22,65.37771606445312
2021-04-23,65.55028533935547
2021-04-26,65.52027130126953
2021-04-27,65.43022918701172
2021-04-28,65.55779266357422
2021-04-29,65.63280487060547
2021-04-30,65.60279083251953
2021-05-03,65.62837982177734
2021-05-04,65.59075164794922
2021-05-05,65.7187271118164
2021-05-06,65.6961441040039
2021-05-07,65.74129486083984
2021-05-10,65.59075164794922
2021-05-11,65.52299499511719
2021-05-12,65.2068099975586
2021-05-13,65.44019317626953
2021-05-14,65.6509780883789
2021-05-17,65.53052520751953
2021-05-18,65.37248992919922
2021-05-19,65.19928741455078
2021-05-20,65.47783660888672
2021-05-21,65.5757064819336
2021-05-24,65.6509780883789
2021-05-25,65.65850830078125
2021-05-26,65.68107604980469
2021-05-27,65.6509780883789
2021-05-28,65.62837982177734
2021-06-01,65.8255386352539
2021-06-02,65.90862274169922
2021-06-03,65.77265167236328
2021-06-04,65.91614532470703
2021-06-07,65.93885040283203
2021-06-08,65.984130859375
2021-06-09,66.03701782226562
2021-06-10,66.15786743164062
2021-06-11,66.1805191040039
2021-06-14,66.12007904052734
2021-06-15,66.11255645751953
2021-06-16,66.02193450927734
2021-06-17,66.06722259521484
2021-06-18,66.03701782226562
2021-06-21,66.16542053222656
2021-06-22,66.21074676513672
2021-06-23,66.14273834228516
2021-06-24,66.34668731689453
2021-06-25,66.41466522216797
2021-06-28,66.40714263916016
2021-06-29,66.49022674560547
2021-06-30,66.49778747558594
2021-07-01,66.62811279296875
2021-07-02,66.73419952392578
2021-07-06,66.6963119506836
2021-07-07,66.71905517578125
2021-07-08,66.57506561279297
2021-07-09,66.68876647949219
2021-07-12,66.666015625
2021-07-13,66.46900177001953
2021-07-14,66.57506561279297
2021-07-15,66.52957916259766
2021-07-16,66.43864440917969
2021-07-19,65.99152374267578
2021-07-20,66.32495880126953
2021-07-21,66.4841079711914
2021-07-22,66.52201080322266
2021-07-23,66.65084838867188
2021-07-26,66.55233764648438
2021-07-27,66.46138763427734
2021-07-28,66.51443481445312
2021-07-29,66.65841674804688
2021-07-30,66.5674819946289
2021-08-02,66.40250396728516
2021-08-03,66.478515625
2021-08-04,66.35686492919922
2021-08-05,66.50892639160156
2021-08-06,66.43290710449219
2021-08-09,66.28087615966797
2021-08-10,66.1288070678711
2021-08-11,66.2352294921875
2021-08-12,66.3492660522461
2021-08-13,66.49374389648438
2021-08-16,66.51654052734375
2021-08-17,66.36448669433594
2021-08-18,66.2124252319336
2021-08-19,66.204833984375
2021-08-20,66.36448669433594
2021-08-23,66.56976318359375
2021-08-24,66.66101837158203
2021-08-25,66.72942352294922
2021-08-26,66.69140625
2021-08-27,66.8738784790039
2021-08-30,66.95748901367188
2021-08-31,66.97271728515625
2021-09-01,67.0299072265625
2021-09-02,67.11380004882812
2021-09-03,67.12142944335938
2021-09-07,66.94600677490234
2021-09-08,67.02228546142578
2021-09-09,67.08329772949219
2021-09-10,66.98413848876953
2021-09-13,67.15196990966797
2021-09-14,67.12142944335938
2021-09-15,67.22055053710938
2021-09-16,67.19768524169922
2021-09-17,67.11380004882812
2021-09-20,66.87736511230469
2021-09-21,66.99174499511719
2021-09-22,67.11380004882812
2021-09-23,67.14432525634766
2021-09-24,67.04515838623047
2021-09-27,66.98413848876953
2021-09-28,66.67906951904297
2021-09-29,66.80110931396484
2021-09-30,66.72486114501953
2021-10-01,66.88479614257812
2021-10-04,66.64755249023438
2021-10-05,66.61698913574219
2021-10-06,66.57869720458984
2021-10-07,66.58634948730469
2021-10-08,66.38738250732422
2021-10-11,66.1807861328125
2021-10-12,66.30326080322266
2021-10-13,66.47920989990234
2021-10-14,66.85417938232422
2021-10-15,66.73941040039062
2021-10-18,66.70877838134766
2021-10-19,66.75465393066406
2021-10-20,66.77760314941406
2021-10-21,66.60929870605469
2021-10-22,66.44862365722656
2021-10-25,66.56336212158203
2021-10-26,66.57869720458984
2021-10-27,66.52510833740234
2021-10-28,66.69346618652344
2021-10-29,66.5174789428711
2021-11-01,66.44609069824219
2021-11-02,66.60728454589844
2021-11-03,66.73777770996094
2021-11-04,66.91433715820312
2021-11-05,67.16764068603516
2021-11-08,67.08324432373047
2021-11-09,67.13697052001953
2021-11-10,66.76082611083984
2021-11-11,66.64567565917969
2021-11-12,66.668701171875
2021-11-15,66.59192657470703
2021-11-16,66.62260437011719
2021-11-17,66.55354309082031
2021-11-18,66.49980926513672
2021-11-19,66.44609069824219
2021-11-22,66.19274139404297
2021-11-23,66.10066986083984
2021-11-24,66.08531188964844
2021-11-26,65.6093521118164
2021-11-29,66.0162353515625
2021-11-30,65.73986053466797
2021-12-01,65.74913024902344
2021-12-02,66.23432922363281
2021-12-03,66.23432922363281
2021-12-06,66.5270004272461
2021-12-07,66.88126373291016
2021-12-08,66.8658676147461
2021-12-09,66.56548309326172
2021-12-10,66.71951293945312
2021-12-13,66.71951293945312
2021-12-14,66.60397338867188
2021-12-15,66.85816192626953
2021-12-16,66.8086929321289
2021-12-17,66.74686431884766
2021-12-20,66.63093566894531
2021-12-21,66.98644256591797
2021-12-22,67.1641845703125
2021-12-23,67.3573989868164
2021-12-27,67.42694091796875
2021-12-28,67.3960189819336
2021-12-29,67.28779602050781
2021-12-30,67.25687408447266
2021-12-31,67.24146270751953
2022-01-03,67.21055603027344
2022-01-04,67.04053497314453
2022-01-05,66.52277374267578
2022-01-06,66.53044891357422
2022-01-07,66.36045837402344
2022-01-10,66.41454315185547
2022-01-11,66.72366333007812
2022-01-12,66.83187866210938
2022-01-13,66.59231567382812
2022-01-14,66.53044891357422
2022-01-18,66.20592498779297
2022-01-19,66.14409637451172
2022-01-20,66.02042388916016
2022-01-21,66.0281753540039
2022-01-24,65.95861053466797
2022-01-25,65.76541900634766
2022-01-26,65.54127502441406
2022-01-27,65.25535583496094
2022-01-28,65.44083404541016
2022-01-31,65.4562759399414
2022-02-01,65.71612548828125
2022-02-02,65.81692504882812
2022-02-03,65.22748565673828
2022-02-04,64.97154998779297
2022-02-07,64.92501068115234
2022-02-08,64.85523223876953
2022-02-09,65.19645690917969
2022-02-10,64.33555603027344
2022-02-11,64.11067199707031
2022-02-14,64.00202941894531
2022-02-15,64.11067199707031
2022-02-16,64.46742248535156
2022-02-17,64.1959457397461
2022-02-18,64.28898620605469
2022-02-22,64.14163970947266
2022-02-23,64.02532196044922
2022-02-24,64.48290252685547
2022-02-25,64.84742736816406
2022-02-28,64.89395904541016
2022-03-01,64.71261596679688
2022-03-02,64.8683090209961
2022-03-03,64.67369079589844
2022-03-04,64.25333404541016
2022-03-07,63.69282913208008
2022-03-08,63.467071533203125
2022-03-09,63.99641418457031
2022-03-10,63.45928955078125
2022-03-11,63.00001525878906
2022-03-14,62.252708435058594
2022-03-15,62.71978759765625
2022-03-16,63.59939956665039
2022-03-17,64.03533172607422
2022-03-18,64.24552917480469
2022-03-21,63.50599670410156
2022-03-22,63.83295822143555
2022-03-23,63.630558013916016
2022-03-24,63.762874603271484
2022-03-25,63.30358123779297
2022-03-28,63.70063018798828
2022-03-29,64.48687744140625
2022-03-30,64.29225158691406
2022-03-31,64.05870819091797
2022-04-01,64.05403137207031
2022-04-04,64.53863525390625
2022-04-05,63.70227813720703
2022-04-06,63.2020378112793
2022-04-07,63.100440979003906
2022-04-08,62.71742248535156
2022-04-11,62.28755187988281
2022-04-12,62.76434326171875
2022-04-13,63.139522552490234
2022-04-14,62.71742248535156
2022-04-18,62.61582946777344
2022-04-19,62.561119079589844
2022-04-20,62.756534576416016
2022-04-21,62.32663345336914
2022-04-22,61.95144271850586
2022-04-25,62.475128173828125
2022-04-26,62.1077766418457
2022-04-27,61.802940368652344
2022-04-28,62.146881103515625
2022-04-29,61.380859375
2022-05-02,61.38478469848633
2022-05-03,61.70646286010742
2022-05-04,62.3342170715332
2022-05-05,61.22785568237305
2022-05-06,60.88260269165039
2022-05-09,60.23915481567383
2022-05-10,60.584434509277344
2022-05-11,60.22346878051758
2022-05-12,60.19993591308594
2022-05-13,60.27056121826172
2022-05-16,60.184261322021484
2022-05-17,60.12931442260742
2022-05-18,59.63498306274414
2022-05-19,60.03514099121094
2022-05-20,59.99589920043945
2022-05-23,60.23133087158203
2022-05-24,60.59226608276367
2022-05-25,61.510337829589844
2022-05-26,62.36564254760742
2022-05-27,62.92275619506836
2022-05-31,62.381343841552734
2022-06-01,62.15052795410156
2022-06-02,62.41047286987305
2022-06-03,61.945709228515625
2022-06-06,61.480979919433594
2022-06-07,61.62274932861328
2022-06-08,61.094993591308594
2022-06-09,60.606605529785156
2022-06-10,59.57470703125
2022-06-13,57.581790924072266
2022-06-14,57.95988082885742
2022-06-15,59.08632278442383
2022-06-16,58.14894104003906
2022-06-17,58.33008575439453
2022-06-21,58.290740966796875
2022-06-22,58.27499771118164
2022-06-23,58.692466735839844
2022-06-24,59.10994338989258
2022-06-27,58.74760818481445
2022-06-28,58.1016845703125
2022-06-29,58.01502227783203
2022-06-30,57.983524322509766
2022-07-01,58.536624908447266
2022-07-05,58.48122024536133
2022-07-06,58.2596549987793
2022-07-07,59.20917892456055
2022-07-08,59.25665283203125
2022-07-11,58.92433166503906
2022-07-12,59.16169357299805
2022-07-13,59.09840393066406
2022-07-14,58.98761749267578
2022-07-15,59.739295959472656
2022-07-18,59.16169357299805
2022-07-19,59.94502258300781
2022-07-20,60.20612335205078
2022-07-21,60.918270111083984
2022-07-22,60.839141845703125
2022-07-25,60.823326110839844
2022-07-26,60.39604568481445
2022-07-27,61.060672760009766
2022-07-28,61.68577194213867
2022-07-29,61.86774444580078
2022-08-01,61.88685607910156
2022-08-02,61.60085678100586
2022-08-03,62.141021728515625
2022-08-04,62.30781555175781
2022-08-05,61.9901123046875
2022-08-08,62.04570770263672
2022-08-09,61.5849609375
2022-08-10,62.50640869140625
2022-08-11,62.14891052246094
2022-08-12,62.70498275756836
2022-08-15,62.593780517578125
2022-08-16,62.29986572265625
2022-08-17,61.65647506713867
2022-08-18,61.751773834228516
2022-08-19,61.12428665161133
2022-08-22,60.43318557739258
2022-08-23,60.584102630615234
2022-08-24,60.65561294555664
2022-08-25,61.2275276184082
2022-08-26,60.21870422363281
2022-08-29,59.98835754394531
2022-08-30,59.52765655517578
2022-08-31,59.20193862915039
2022-09-01,59.35842514038086
2022-09-02,59.31852340698242
2022-09-06,59.158870697021484
2022-09-07,60.012996673583984
2022-09-08,60.276432037353516
2022-09-09,60.51588821411133
2022-09-12,60.69949722290039
2022-09-13,59.31852340698242
2022-09-14,59.40629959106445
2022-09-15,59.03113555908203
2022-09-16,59.23069381713867
2022-09-19,59.454219818115234
2022-09-20,58.847537994384766
2022-09-21,58.67191696166992
2022-09-22,58.32067108154297
2022-09-23,57.57831573486328
2022-09-26,56.8997917175293
2022-09-27,56.78003692626953
2022-09-28,57.7938346862793
2022-09-29,57.251033782958984
2022-09-30,56.98759460449219
2022-10-03,57.73445129394531
2022-10-04,58.97785186767578
2022-10-05,58.74522018432617
2022-10-06,58.5687370300293
2022-10-07,57.854774475097656
2022-10-10,57.148834228515625
2022-10-11,57.3253288269043
2022-10-12,57.42161178588867
2022-10-13,57.5499382019043
2022-10-14,57.36542892456055
2022-10-17,58.07138442993164
2022-10-18,58.48052215576172
2022-10-19,57.91895294189453
2022-10-20,57.59809112548828
2022-10-21,58.15159606933594
2022-10-24,58.191707611083984
2022-10-25,58.75324630737305
2022-10-26,58.913673400878906
2022-10-27,59.34688949584961
2022-10-28,59.80413055419922
2022-10-31,58.905662536621094
2022-11-01,59.25999069213867
2022-11-02,58.720458984375
2022-11-03,58.30168914794922
2022-11-04,58.70437240600586
2022-11-07,58.69629669189453
2022-11-08,58.63992691040039
2022-11-09,57.9393424987793
2022-11-10,59.74315643310547
2022-11-11,59.9525260925293
2022-11-14,59.509605407714844
2022-11-15,60.03305435180664
2022-11-16,59.90420150756836
2022-11-17,59.646514892578125
2022-11-18,59.775360107421875
2022-11-21,59.75117874145508
2022-11-22,60.186058044433594
2022-11-23,60.524261474609375
2022-11-25,60.40346145629883
2022-11-28,59.76729965209961
2022-11-29,60.02499771118164
2022-11-30,60.92690658569336
2022-12-01,61.15253448486328
2022-12-02,61.1039924621582
2022-12-05,60.52176284790039
2022-12-06,60.30340576171875
2022-12-07,60.63493728637695
2022-12-08,60.68348693847656
2022-12-09,60.68348693847656
2022-12-12,60.918006896972656
2022-12-13,61.54876708984375
2022-12-14,61.20103454589844
2022-12-15,60.97014617919922
2022-12-16,60.64500045776367
2022-12-19,60.336082458496094
2022-12-20,60.181610107421875
2022-12-21,60.69377517700195
2022-12-22,60.3198127746582
2022-12-23,60.474281311035156
2022-12-27,59.848304748535156
2022-12-28,59.04352569580078
2022-12-29,59.807655334472656
2022-12-30,59.8564338684082
2023-01-03,59.97026062011719
2023-01-04,60.6612548828125
2023-01-05,60.53931427001953
2023-01-06,61.4010124206543
2023-01-09,61.62052917480469
2023-01-10,61.547359466552734
2023-01-11,61.953819274902344
2023-01-12,62.303367614746094
2023-01-13,62.303367614746094
2023-01-17,62.09202194213867
2023-01-18,62.165191650390625
2023-01-19,61.79936981201172
2023-01-20,61.921302795410156
2023-01-23,61.91318130493164
2023-01-24,61.953819274902344
2023-01-25,61.9456901550293
2023-01-26,62.10014343261719
2023-01-27,61.91318130493164
2023-01-30,61.57171630859375
2023-01-31,62.0513801574707
2023-02-01,62.7032356262207
2023-02-02,63.06269073486328
2023-02-03,62.401004791259766
2023-02-06,62.000732421875
2023-02-07,62.221282958984375
2023-02-08,61.959877014160156
2023-02-09,61.5595817565918
2023-02-10,61.08583068847656
2023-02-13,61.241024017333984
2023-02-14,61.25734329223633
2023-02-15,61.15932846069336
2023-02-16,60.66922378540039
2023-02-17,60.9061279296875
2023-02-21,59.96672439575195
2023-02-22,60.358802795410156
2023-02-23,60.955116271972656
2023-02-24,60.58754348754883
2023-02-27,60.99596405029297
2023-02-28,60.881614685058594
2023-03-01,60.709014892578125
2023-03-02,60.782958984375
2023-03-03,61.4075927734375
2023-03-06,61.4075927734375
2023-03-07,60.97201919555664
2023-03-08,60.68437957763672
2023-03-09,60.3474235534668
2023-03-10,60.35563278198242
2023-03-13,60.02690124511719
2023-03-14,60.46245574951172
2023-03-15,60.265228271484375
2023-03-16,60.65971374511719
2023-03-17,60.29812240600586
2023-03-20,60.13373565673828
2023-03-21,60.791236877441406
2023-03-22,60.84874725341797
2023-03-23,60.61038589477539
2023-03-24,60.48713302612305
2023-03-27,60.33917999267578
2023-03-28,60.30630111694336
2023-03-29,61.062408447265625
2023-03-30,61.424015045166016
2023-03-31,62.08970642089844
2023-04-03,62.04182052612305
2023-04-04,61.860206604003906
2023-04-05,61.51348114013672
2023-04-06,61.78588104248047
2023-04-10,61.72810363769531
2023-04-11,61.860206604003906
2023-04-12,61.843685150146484
2023-04-13,62.26472473144531
2023-04-14,62.149147033691406
2023-04-17,61.98403549194336
2023-04-18,62.025325775146484
2023-04-19,61.77763748168945
2023-04-20,61.71986770629883
2023-04-21,61.909732818603516
2023-04-24,62.08308792114258
2023-04-25,61.98403549194336
2023-04-26,61.74462890625
2023-04-27,61.95102310180664
2023-04-28,62.21519088745117
2023-05-01,61.92995071411133
2023-05-02,61.871910095214844
2023-05-03,61.83876419067383
2023-05-04,61.656341552734375
2023-05-05,61.988006591796875
2023-05-08,61.81389617919922
2023-05-09,61.656341552734375
2023-05-10,62.02943420410156
2023-05-11,61.92995071411133
2023-05-12,61.706092834472656
2023-05-15,61.689510345458984
2023-05-16,61.25835037231445
2023-05-17,61.424163818359375
2023-05-18,61.45734405517578
2023-05-19,61.523677825927734
2023-05-22,61.79728317260742
2023-05-23,61.47392654418945
2023-05-24,61.04277801513672
2023-05-25,61.00131607055664
2023-05-26,61.37443542480469
2023-05-30,61.63976287841797
2023-05-31,61.449066162109375
2023-06-01,61.818119049072266
2023-06-02,62.13470458984375
2023-06-05,62.08472442626953
2023-06-06,62.18470001220703
2023-06-07,61.843101501464844
2023-06-08,62.23469543457031
2023-06-09,62.25136184692383
2023-06-12,62.18470001220703
2023-06-13,62.25969696044922
2023-06-14,62.2846794128418
2023-06-15,62.584617614746094
2023-06-16,62.42631149291992
2023-06-20,62.25969696044922
2023-06-21,62.10139846801758
2023-06-22,61.91809844970703
2023-06-23,61.80979537963867
2023-06-26,61.843101501464844
2023-06-27,62.0514030456543
2023-06-28,62.40965270996094
2023-06-29,62.243003845214844
2023-06-30,62.54294967651367
2023-07-03,62.444950103759766
2023-07-05,62.25227737426758
2023-07-06,61.79998779296875
2023-07-07,61.85863494873047
2023-07-10,62.168514251708984
2023-07-11,62.50358200073242
2023-07-12,62.98940658569336
2023-07-13,63.366336822509766
2023-07-14,62.90563201904297
2023-07-17,63.02289962768555
2023-07-18,63.198822021484375
2023-07-19,63.249053955078125
2023-07-20,62.97266387939453
2023-07-21,63.131813049316406
2023-07-24,63.02289962768555
2023-07-25,62.98103713989258
2023-07-26,63.232303619384766
2023-07-27,62.729736328125
2023-07-28,63.089900970458984
2023-07-31,63.240692138671875
2023-08-01,62.927608489990234
2023-08-02,62.65827560424805
2023-08-03,62.456298828125
2023-08-04,62.82662582397461
2023-08-07,62.9444465637207
2023-08-08,63.079097747802734
2023-08-09,63.0875358581543
2023-08-10,63.0706672668457
2023-08-11,62.97812271118164
2023-08-14,62.96969985961914
2023-08-15,62.76770782470703
2023-08-16,62.574127197265625
2023-08-17,62.31324768066406
2023-08-18,62.35531997680664
2023-08-21,62.3384895324707
2023-08-22,62.37213134765625
2023-08-23,62.87710952758789
2023-08-24,62.53205108642578
2023-08-25,62.792945861816406
2023-08-28,63.028602600097656
2023-08-29,63.424171447753906
2023-08-30,63.39891052246094
2023-08-31,63.35682678222656
2023-09-01,63.47604751586914
2023-09-05,63.061729431152344
2023-09-06,62.90953826904297
2023-09-07,63.12093734741211
2023-09-08,63.0955696105957
2023-09-11,63.205467224121094
2023-09-12,63.1040153503418
2023-09-13,63.27313995361328
2023-09-14,63.34922409057617
2023-09-15,63.11246871948242
2023-09-18,63.15475082397461
2023-09-19,62.960269927978516
2023-09-20,62.90953826904297
2023-09-21,62.461368560791016
2023-09-22,62.57130813598633
2023-09-25,62.48676681518555
2023-09-26,62.21617889404297
2023-09-27,62.131629943847656
2023-09-28,62.42757797241211
2023-09-29,62.33458709716797
2023-10-02,61.95631408691406
2023-10-03,61.327327728271484
2023-10-04,61.64181900024414
2023-10-05,61.701297760009766
2023-10-06,61.78630447387695
2023-10-09,62.24531555175781
2023-10-10,62.22832107543945
2023-10-11,62.21977996826172
2023-10-12,61.88828659057617
2023-10-13,61.83729934692383
2023-10-16,61.820316314697266
2023-10-17,61.531314849853516
2023-10-18,61.23380661010742
2023-10-19,61.0128059387207
2023-10-20,61.14030075073242
2023-10-23,61.38679504394531
2023-10-24,61.701297760009766
2023-10-25,61.369781494140625
2023-10-26,61.58230972290039
2023-10-27,61.505802154541016
2023-10-30,61.52281188964844
2023-10-31,61.68430709838867
2023-11-01,62.272247314453125
2023-11-02,62.972991943359375
2023-11-03,63.58827209472656
2023-11-06,63.331886291503906
2023-11-07,63.3404426574707
2023-11-08,63.374637603759766
2023-11-09,62.98153305053711
2023-11-10,63.28916549682617
2023-11-13,63.22936248779297
2023-11-14,63.87028121948242
2023-11-15,63.6651725769043
2023-11-16,63.75063705444336
2023-11-17,63.89591598510742
2023-11-20,63.96427536010742
2023-11-21,64.04973602294922
2023-11-22,64.16083526611328
2023-11-24,64.09246063232422
2023-11-27,64.18647766113281
2023-11-28,64.46849060058594
2023-11-29,64.81886291503906
2023-11-30,64.69921112060547
2023-12-01,65.23489379882812
2023-12-04,65.07178497314453
2023-12-05,65.13188934326172
2023-12-06,65.14046478271484
2023-12-07,65.2520751953125
2023-12-08,65.1233139038086
2023-12-11,65.08036804199219
2023-12-12,65.22630310058594
2023-12-13,66.22212982177734
2023-12-14,66.51458740234375
2023-12-15,66.36791229248047
2023-12-18,66.41107940673828
2023-12-19,66.60086059570312
2023-12-20,66.6094741821289
2023-12-21,66.91144561767578
2023-12-22,66.83377075195312
2023-12-26,66.96318817138672
2023-12-27,67.23926544189453
2023-12-28,67.0235824584961
2023-12-29,66.76476287841797
2024-01-02,66.54045867919922
2024-01-03,66.35931396484375
2024-01-04,66.10049438476562
2024-01-05,66.15226745605469
2024-01-08,66.52322387695312
2024-01-09,66.6267318725586
2024-01-10,66.74750518798828
2024-01-11,66.96318817138672
2024-01-12,67.03221893310547
2024-01-16,66.6094741821289
2024-01-17,66.32478332519531
2024-01-18,66.46282958984375
2024-01-19,66.57496643066406
2024-01-22,66.6267318725586
2024-01-23,66.5490951538086
2024-01-24,66.51458740234375
2024-01-25,67.0235824584961
2024-01-26,66.97183227539062
2024-01-29,67.11846923828125
2024-01-30,67.03221893310547
2024-01-31,66.84242248535156
2024-02-01,67.22737884521484
2024-02-02,66.92391204833984
2024-02-05,66.61180877685547
2024-02-06,66.85456085205078
2024-02-07,66.96725463867188
2024-02-08,66.93257141113281
2024-02-09,67.07129669189453
2024-02-12,66.92391204833984
2024-02-13,66.3863754272461
2024-02-14,66.64649963378906
2024-02-15,66.88055419921875
2024-02-16,66.68116760253906
2024-02-20,66.81989288330078
2024-02-21,66.69849395751953
2024-02-22,67.019287109375
2024-02-23,67.06265258789062
2024-02-26,66.84587097167969
2024-02-27,66.93257141113281
2024-02-28,66.92391204833984
2024-02-29,67.04529571533203
2024-03-01,67.29641723632812
2024-03-04,67.27898406982422
2024-03-05,67.2266616821289
2024-03-06,67.39232635498047
2024-03-07,67.4708023071289
2024-03-08,67.4882583618164
2024-03-11,67.47954559326172
2024-03-12,67.54054260253906
2024-03-13,67.56671142578125
2024-03-14,67.24411010742188
2024-03-15,67.20047760009766
2024-03-18,67.35746765136719
2024-03-19,67.62773895263672
2024-03-20,67.85444641113281
2024-03-21,67.819580078125
2024-03-22,67.74983215332031
2024-03-25,67.64519500732422
2024-03-26,67.56671142578125
2024-03-27,67.92423248291016
2024-03-28,67.77599334716797
2024-04-01,67.49993896484375
2024-04-02,67.385986328125
2024-04-03,67.43856811523438
2024-04-04,67.385986328125
2024-04-05,67.32465362548828
2024-04-08,67.48239135742188
2024-04-09,67.62261962890625
2024-04-10,67.02666473388672
2024-04-11,66.96533203125
2024-04-12,66.93026733398438
2024-04-15,66.5446548461914
2024-04-16,66.32556915283203
2024-04-17,66.41320037841797
2024-04-18,66.46576690673828
2024-04-19,66.58846282958984
2024-04-22,66.95655059814453
2024-04-23,67.22825622558594
2024-04-24,67.07925415039062
2024-04-25,66.93903350830078
2024-04-26,67.14936828613281
2024-04-29,67.35096740722656
2024-04-30,66.86016082763672
2024-05-01,67.21255493164062
2024-05-02,67.62665557861328
2024-05-03,67.90856170654297
2024-05-06,67.98784637451172
2024-05-07,67.9966812133789
2024-05-08,67.83808135986328
2024-05-09,67.85570526123047
2024-05-10,67.74999237060547
2024-05-13,67.73235321044922
2024-05-14,67.83808135986328
2024-05-15,68.23454284667969
2024-05-16,68.07595825195312
2024-05-17,68.08475494384766
2024-05-20,68.12000274658203
2024-05-21,68.067138671875
2024-05-22,67.91734313964844
2024-05-23,67.67948913574219
2024-05-24,67.91734313964844
2024-05-28,67.64425659179688
2024-05-29,67.44161987304688
2024-05-30,67.7147445678711
2024-05-31,67.95259094238281
2024-06-03,68.16327667236328
2024-06-04,68.12788391113281
2024-06-05,68.34915161132812
2024-06-06,68.23406219482422
2024-06-07,68.05705261230469
2024-06-10,68.1190185546875
2024-06-11,68.20753479003906
2024-06-12,68.48192596435547
2024-06-13,68.47306823730469
2024-06-14,68.20753479003906
2024-06-17,68.25177764892578
2024-06-18,68.46420288085938
2024-06-20,68.41996002197266
2024-06-21,68.49961853027344
2024-06-24,68.4288101196289
2024-06-25,68.51732635498047
2024-06-26,68.3668441772461
2024-06-27,68.44651794433594
2024-06-28,68.27833557128906
2024-07-01,68.2649917602539
2024-07-02,68.45184326171875
2024-07-03,68.69207763671875
2024-07-05,68.8967514038086
2024-07-08,68.87896728515625
2024-07-09,68.79887390136719
2024-07-10,68.95903778076172
2024-07-11,69.20816040039062
2024-07-12,69.38614654541016
2024-07-15,69.39505767822266
2024-07-16,69.66195678710938
2024-07-17,69.58189392089844
2024-07-18,69.43953704833984
2024-07-19,69.38614654541016
2024-07-22,69.64414978027344
2024-07-23,69.653076171875
2024-07-24,69.43061828613281
2024-07-25,69.43953704833984
2024-07-26,69.66195678710938
2024-07-29,69.59969329833984
2024-07-30,69.63526916503906
2024-07-31,69.8844223022461
2024-08-01,69.73145294189453
2024-08-02,69.49890899658203
2024-08-05,69.06957244873047
2024-08-06,69.32896423339844
2024-08-07,69.46314239501953
2024-08-08,69.74935150146484
2024-08-09,69.74040985107422
2024-08-12,69.78512573242188
2024-08-13,70.10713958740234
2024-08-14,70.23233032226562
2024-08-15,70.29496765136719
2024-08-16,70.51856231689453
2024-08-19,70.63487243652344
2024-08-20,70.57222747802734
2024-08-21,70.73324584960938
2024-08-22,70.6438217163086
2024-08-23,71.0195083618164
2024-08-26,70.87635040283203
2024-08-27,70.92108917236328
2024-08-28,70.88529968261719
2024-08-29,70.95687103271484
2024-08-30,70.96581268310547
2024-09-03,70.71417236328125
2024-09-04,70.97481536865234
2024-09-05,71.21745300292969
2024-09-06,71.12757873535156
2024-09-09,71.29835510253906
2024-09-10,71.16352081298828
2024-09-11,71.27139282226562
2024-09-12,71.37025451660156
2024-09-13,71.5679702758789
2024-09-16,71.74771881103516
2024-09-17,71.76571655273438
2024-09-18,71.82862091064453
2024-09-19,72.0443115234375
2024-09-20,72.1341781616211
2024-09-23,71.9993896484375
2024-09-24,72.00837707519531
2024-09-25,71.92748260498047
2024-09-26,72.0443115234375
2024-09-27,72.22408294677734
2024-09-30,72.17013549804688
2024-10-01,72.13401794433594
2024-10-02,72.1430435180664
2024-10-03,71.9714584350586
2024-10-04,71.89016723632812
2024-10-07,71.58311462402344
2024-10-08,71.75469207763672
2024-10-09,71.70952606201172
2024-10-10,71.67341613769531
2024-10-11,71.86306762695312
2024-10-14,71.89920806884766
2024-10-15,71.88113403320312
2024-10-16,72.00759887695312
2024-10-17,71.89920806884766
2024-10-18,72.07080841064453
2024-10-21,71.78178405761719
2024-10-22,71.68243408203125
2024-10-23,71.46569061279297
2024-10-24,71.67341613769531
2024-10-25,71.60116577148438
2024-10-28,71.78178405761719
2024-10-29,71.79986572265625
2024-10-30,71.67341613769531
2024-10-31,71.4747314453125
2024-11-01,71.47925567626953
2024-11-04,71.67896270751953
2024-11-05,71.8786392211914
2024-11-06,72.0057144165039
2024-11-07,72.31432342529297
2024-11-08,72.43231964111328
2024-11-11,72.35063934326172
2024-11-12,72.0601806640625
2024-11-13,72.07833862304688
2024-11-14,71.92401885986328
2024-11-15,71.91494750976562
2024-11-18,72.05109405517578
2024-11-19,72.16002655029297
2024-11-20,72.14186096191406
2024-11-21,72.16909790039062
2024-11-22,72.15094757080078
2024-11-25,72.42324829101562
2024-11-26,72.28707885742188
2024-11-27,72.50492858886719
2024-11-29,72.6501693725586
2024-12-02,72.62371826171875
2024-12-03,72.62371826171875
2024-12-04,72.79695892333984
2024-12-05,72.73313903808594
2024-12-06,72.85165405273438
2024-12-09,72.76049041748047
2024-12-10,72.79695892333984
2024-12-11,72.815185546875
2024-12-12,72.61459350585938
2024-12-13,72.40489959716797
2024-12-16,72.54167175292969
2024-12-17,72.38666534423828
2024-12-18,71.64337158203125
2024-12-19,71.57005310058594
2024-12-20,72.01913452148438
2024-12-23,71.8266830444336
2024-12-24,72.05580139160156
2024-12-26,72.23908996582031
2024-12-27,71.99165344238281
2024-12-30,72.09244537353516
2024-12-31,72.08329772949219
2025-01-02,72.2574234008789
2025-01-03,72.36742401123047
2025-01-06,72.49571990966797
2025-01-07,72.2574234008789
2025-01-08,72.34909057617188
2025-01-10,71.97329711914062
2025-01-13,71.95498657226562
2025-01-14,72.046630859375
2025-01-15,72.67903900146484
2025-01-16,72.76151275634766
2025-01-17,72.82565307617188
2025-01-21,73.01811218261719
2025-01-22,72.91730499267578
2025-01-23,73.00897216796875
2025-01-24,73.0914535522461
2025-01-27,73.14644622802734
2025-01-28,73.11894226074219
2025-01-29,73.07312774658203
2025-01-30,73.21057891845703
2025-01-31,73.0639419555664
2025-02-03,72.97188568115234
2025-02-04,73.20204162597656
2025-02-05,73.3953857421875
2025-02-06,73.28491973876953
2025-02-07,73.05475616455078
2025-02-10,73.20204162597656
2025-02-11,73.17442321777344
2025-02-12,73.01792907714844
2025-02-13,73.34934997558594
2025-02-14,73.4322280883789
2025-02-18,73.36779022216797
2025-02-19,73.42301177978516
2025-02-20,73.46904754638672
2025-02-21,73.33094787597656
2025-02-24,73.42301177978516
2025-02-25,73.60716247558594
2025-02-26,73.70841217041016
2025-02-27,73.57032012939453
2025-02-28,73.77286529541016
2025-03-03,73.61932373046875
2025-03-04,73.61006927490234
2025-03-05,73.64706420898438
2025-03-06,73.36958312988281
2025-03-07,73.48981475830078
2025-03-10,73.21233367919922
2025-03-11,72.95335388183594
2025-03-12,73.03659057617188
2025-03-13,72.62959289550781
2025-03-14,72.96257019042969
2025-03-17,73.1383056640625
2025-03-18,73.00882720947266
2025-03-19,73.48981475830078
2025-03-20,73.38806915283203
2025-03-21,73.27708435058594
2025-03-24,73.48981475830078
2025-03-25,73.45283508300781
2025-03-26,73.15681457519531
2025-03-27,73.01808166503906
2025-03-28,72.88858032226562
2025-03-31,72.9718246459961
2025-04-01,73.1409912109375
2025-04-02,73.28971862792969
2025-04-03,72.37882232666016
2025-04-04,71.34709930419922
2025-04-07,70.73362731933594
2025-04-08,70.40830993652344
2025-04-09,72.29515838623047
2025-04-10,71.11473846435547
2025-04-11,71.3285140991211
2025-04-14,71.68170928955078
2025-04-15,71.87689971923828
2025-04-16,71.86760711669922
2025-04-17,72.2858657836914
2025-04-21,71.8582992553711
2025-04-22,72.13716125488281
2025-04-23,72.49964141845703
2025-04-24,73.1502914428711
2025-04-25,73.2153549194336
2025-04-28,73.2525405883789
2025-04-29,73.4477310180664
2025-04-30,73.05732727050781
2025-05-01,73.15169525146484
2025-05-02,73.37593078613281
2025-05-05,73.347900390625
2025-05-06,73.29182434082031
2025-05-07,73.35724639892578
2025-05-08,73.33856201171875
2025-05-09,73.38526916503906
2025-05-12,74.11398315429688
2025-05-13,74.24476623535156
2025-05-14,73.97383117675781
2025-05-15,74.11398315429688
2025-05-16,74.19805908203125
2025-05-19,74.16069030761719
2025-05-20,74.1233139038086
2025-05-21,73.62816619873047
2025-05-22,73.77766418457031
2025-05-23,73.75896453857422
2025-05-27,74.20740509033203
2025-05-28,74.16069030761719
2025-05-29,74.27281188964844
2025-05-30,74.33821868896484
2025-06-02,74.32504272460938
2025-06-03,74.46586608886719
2025-06-04,74.60667419433594
2025-06-05,74.44709777832031
2025-06-06,74.43770599365234
2025-06-09,74.47525024414062
2025-06-10,74.6535873413086
2025-06-11,74.63482666015625
2025-06-12,74.71931457519531
2025-06-13,74.4940185546875
2025-06-16,74.64421081542969
2025-06-17,74.5597152709961
2025-06-18,74.67237854003906
2025-06-20,74.90703582763672
2025-06-23,75.04784393310547
2025-06-24,75.25435638427734
2025-06-25,75.23558044433594
2025-06-26,75.45149230957031
2025-06-27,75.41392517089844
2025-06-30,75.70492553710938
2025-07-01,75.60967254638672
2025-07-02,75.75113677978516
2025-07-03,75.79827880859375
2025-07-07,75.54365539550781
2025-07-08,75.43991088867188
2025-07-09,75.64737701416016
2025-07-10,75.57192993164062
2025-07-11,75.47763061523438
2025-07-14,75.53421783447266
2025-07-15,75.30787658691406
2025-07-16,75.50591278076172
2025-07-17,75.58137512207031
2025-07-18,75.68513488769531
2025-07-21,75.78886413574219
2025-07-22,75.92089080810547
2025-07-23,75.95862579345703
2025-07-24,75.86431884765625
2025-07-25,75.91146850585938
2025-07-28,75.87374114990234
2025-07-29,75.92089080810547
2025-07-30,75.76055908203125
2025-07-31,75.80772399902344
2025-08-01,75.81153106689453
2025-08-04,76.06743621826172
2025-08-05,76.0295181274414
2025-08-06,76.10536193847656
2025-08-07,76.0295181274414
2025-08-08,76.03900909423828
2025-08-11,76.03900909423828
2025-08-12,76.2096176147461
2025-08-13,76.40868377685547
2025-08-14,76.2096176147461
2025-08-15,76.2665023803711
2025-08-18,76.2096176147461
2025-08-19,76.19065856933594
2025-08-20,76.16222381591797
2025-08-21,76.02005767822266
2025-08-22,76.63616943359375
2025-08-25,76.48450469970703
2025-08-26,76.65512084960938
2025-08-27,76.74991607666016
2025-08-28,76.78783416748047
2025-08-29,76.6456527709961
2025-09-02,76.56278991699219
2025-09-03,76.77232360839844
2025-09-04,76.98184967041016
2025-09-05,77.01994323730469
2025-09-08,77.01994323730469
2025-09-09,76.93421173095703
2025-09-10,76.99136352539062
2025-09-11,77.18185424804688
2025-09-12,77.10565185546875
2025-09-15,77.32471466064453
2025-09-16,77.2675552368164
2025-09-17,77.19136810302734
2025-09-18,77.36280059814453
2025-09-19,77.3913803100586
2025-09-22,77.44851684570312
2025-09-23,77.3913803100586
2025-09-24,77.28662109375
2025-09-25,77.06756591796875
2025-09-26,77.21994018554688
2025-09-29,77.35327911376953
2025-09-30,77.32471466064453
2025-10-01,77.46918487548828
2025-10-02,77.44047546386719
2025-10-03,77.35436248779297
2025-10-06,77.37350463867188
2025-10-07,77.28738403320312
2025-10-08,77.17255401611328
2025-10-09,76.95247650146484
2025-10-10,76.50274658203125
2025-10-13,76.98118591308594
2025-10-14,77.06729888916016
2025-10-15,77.31610107421875
2025-10-16,77.03858947753906
2025-10-17,77.23955535888672
2025-10-20,77.39264678955078
2025-10-21,77.27781677246094
2025-10-22,77.20126342773438
2025-10-23,77.37350463867188
2025-10-24,77.58401489257812
2025-10-27,77.77539825439453
2025-10-28,77.6988296508789
2025-10-29,77.4596176147461
2025-10-30,77.31610107421875
2025-10-31,77.31610107421875
2025-11-03,77.07565307617188
2025-11-04,77.08527374267578
2025-11-05,77.1622085571289
2025-11-06,77.19107055664062
2025-11-07,77.25838470458984
2025-11-10,77.51806640625
2025-11-11,77.60462951660156
2025-11-12,77.45074462890625
2025-11-13,77.13335418701172
2025-11-14,77.15259552001953
2025-11-17,77.0275650024414
2025-11-18,77.04679107666016
2025-11-19,77.08527374267578
2025-11-20,77.03717803955078
2025-11-21,77.29684448242188
2025-11-24,77.50845336914062
2025-11-25,77.77774047851562
2025-11-26,77.85466766357422
2025-11-28,77.89315032958984
2025-12-01,77.75303649902344
2025-12-02,77.89797973632812
2025-12-03,77.96562957763672
2025-12-04,78.02359008789062
2025-12-05,78.02359008789062
2025-12-08,77.83033752441406
2025-12-09,77.74337768554688
2025-12-10,78.00426483154297
2025-12-11,77.99459838867188
2025-12-12,77.84967041015625
2025-12-15,77.88832092285156
2025-12-16,77.9366455078125
2025-12-17,77.84000396728516
2025-12-18,78.05257415771484
2025-12-19,78.01470947265625
2025-12-22,78.08267211914062
2025-12-23,78.14093017578125
2025-12-24,78.28654479980469
2025-12-26,78.24771118164062
2025-12-29,78.2768325805664
2025-12-30,78.35450744628906
2025-12-31,78.2768325805664
