Date,LQD
2015-01-02,80.1242904663086
2015-01-05,80.45191192626953
2015-01-06,80.77954864501953
2015-01-07,80.88653564453125
2015-01-08,80.62576293945312
2015-01-09,80.8397216796875
2015-01-12,80.9935073852539
2015-01-13,81.0670394897461
2015-01-14,81.20747375488281
2015-01-15,81.62873840332031
2015-01-16,81.17406463623047
2015-01-20,81.36128234863281
2015-01-21,81.32786560058594
2015-01-22,81.28771209716797
2015-01-23,81.76246643066406
2015-01-26,81.74240112304688
2015-01-27,81.80261993408203
2015-01-28,82.35759735107422
2015-01-29,82.1636734008789
2015-01-30,82.8390121459961
2015-02-02,82.91610717773438
2015-02-03,82.24565124511719
2015-02-04,82.35960388183594
2015-02-05,82.09812927246094
2015-02-06,81.23993682861328
2015-02-09,81.2936019897461
2015-02-10,81.07233428955078
2015-02-11,81.12596893310547
2015-02-12,81.33377075195312
2015-02-13,81.0119857788086
2015-02-17,80.63654327392578
2015-02-18,80.92481994628906
2015-02-19,80.91144561767578
2015-02-20,81.0321044921875
2015-02-23,81.3069839477539
2015-02-24,81.83665466308594
2015-02-25,81.91041564941406
2015-02-26,81.46794128417969
2015-02-27,81.66233825683594
2015-03-02,80.95442962646484
2015-03-03,80.90738677978516
2015-03-04,80.85364532470703
2015-03-05,80.96114349365234
2015-03-06,80.10067749023438
2015-03-09,80.42332458496094
2015-03-10,80.5510482788086
2015-03-11,80.96114349365234
2015-03-12,80.8804702758789
2015-03-13,80.65189361572266
2015-03-16,80.73255920410156
2015-03-17,80.86705017089844
2015-03-18,81.8619613647461
2015-03-19,81.4451675415039
2015-03-20,81.6737289428711
2015-03-23,81.8619613647461
2015-03-24,81.98297119140625
2015-03-25,81.71409606933594
2015-03-26,81.20989990234375
2015-03-27,81.53260040283203
2015-03-30,81.6737289428711
2015-03-31,81.82162475585938
2015-04-01,82.05693817138672
2015-04-02,81.92210388183594
2015-04-06,82.02991485595703
2015-04-07,82.3265609741211
2015-04-08,82.29959106445312
2015-04-09,81.88165283203125
2015-04-10,81.99628448486328
2015-04-13,81.96923828125
2015-04-14,82.15800476074219
2015-04-15,82.21197509765625
2015-04-16,82.16478729248047
2015-04-17,82.38725280761719
2015-04-20,82.19172668457031
2015-04-21,82.17152404785156
2015-04-22,81.63897705078125
2015-04-23,81.84796905517578
2015-04-24,82.00298309326172
2015-04-27,81.94233703613281
2015-04-28,81.45698547363281
2015-04-29,80.78289031982422
2015-04-30,80.85030364990234
2015-05-01,80.40414428710938
2015-05-04,80.14730072021484
2015-05-05,80.0121078491211
2015-05-06,79.66738891601562
2015-05-07,79.98506927490234
2015-05-08,80.44474792480469
2015-05-11,79.63356018066406
2015-05-12,79.51868438720703
2015-05-13,79.44435119628906
2015-05-14,79.71469116210938
2015-05-15,80.26901245117188
2015-05-18,79.65386199951172
2015-05-19,79.2280044555664
2015-05-20,79.32266998291016
2015-05-21,79.70115661621094
2015-05-22,79.64710998535156
2015-05-26,79.99857330322266
2015-05-27,80.07977294921875
2015-05-28,79.91072845458984
2015-05-29,79.94451141357422
2015-06-01,79.4964599609375
2015-06-02,79.08979797363281
2015-06-03,78.58137512207031
2015-06-04,78.98809051513672
2015-06-05,78.58818054199219
2015-06-08,78.53400421142578
2015-06-09,78.18148040771484
2015-06-10,77.97140502929688
2015-06-11,78.66275787353516
2015-06-12,78.52713775634766
2015-06-15,78.51361846923828
2015-06-16,78.71018981933594
2015-06-17,78.70341491699219
2015-06-18,78.56109619140625
2015-06-19,78.98130798339844
2015-06-22,78.35774230957031
2015-06-23,78.18148040771484
2015-06-24,78.39837646484375
2015-06-25,78.26958465576172
2015-06-26,77.91031646728516
2015-06-29,78.58818054199219
2015-06-30,78.43904113769531
2015-07-01,78.18750762939453
2015-07-02,78.48661804199219
2015-07-06,78.79936981201172
2015-07-07,79.12564086914062
2015-07-08,79.23435974121094
2015-07-09,78.71096801757812
2015-07-10,78.20794677734375
2015-07-13,78.03797149658203
2015-07-14,78.10596466064453
2015-07-15,78.30985260009766
2015-07-16,78.4322509765625
2015-07-17,78.48661804199219
2015-07-20,78.30308532714844
2015-07-21,78.46623992919922
2015-07-22,78.56820678710938
2015-07-23,78.79936981201172
2015-07-24,78.765380859375
2015-07-27,78.77210235595703
2015-07-28,78.71096801757812
2015-07-29,78.64299774169922
2015-07-30,78.68376159667969
2015-07-31,79.09160614013672
2015-08-03,79.27571105957031
2015-08-04,78.87349700927734
2015-08-05,78.56675720214844
2015-08-06,78.7166976928711
2015-08-07,78.9893798828125
2015-08-10,78.67581176757812
2015-08-11,79.0030288696289
2015-08-12,78.88031005859375
2015-08-13,78.60762786865234
2015-08-14,78.68263244628906
2015-08-17,78.93486022949219
2015-08-18,78.63487243652344
2015-08-19,79.01664733886719
2015-08-20,79.0643539428711
2015-08-21,79.08478546142578
2015-08-24,78.86669921875
2015-08-25,78.46443939208984
2015-08-26,78.41677856445312
2015-08-27,78.49175262451172
2015-08-28,78.63487243652344
2015-08-31,78.43720245361328
2015-09-01,78.91236877441406
2015-09-02,78.7961654663086
2015-09-03,79.17217254638672
2015-09-04,79.34991455078125
2015-09-08,78.98075103759766
2015-09-09,79.15166473388672
2015-09-10,78.99441528320312
2015-09-11,79.0490951538086
2015-09-14,79.04228210449219
2015-09-15,78.44745635986328
2015-09-16,78.59104919433594
2015-09-17,79.24053192138672
2015-09-18,79.47984313964844
2015-09-21,79.07650756835938
2015-09-22,79.4183120727539
2015-09-23,79.37041473388672
2015-09-24,79.38414001464844
2015-09-25,79.14483642578125
2015-09-28,79.28157043457031
2015-09-29,79.38414001464844
2015-09-30,79.37041473388672
2015-10-01,79.35255432128906
2015-10-02,79.70230102539062
2015-10-05,79.48973846435547
2015-10-06,79.6474609375
2015-10-07,79.92853546142578
2015-10-08,79.61318969726562
2015-10-09,79.6474609375
2015-10-12,79.9697494506836
2015-10-13,79.90798950195312
2015-10-14,80.22342681884766
2015-10-15,80.18915557861328
2015-10-16,80.21654510498047
2015-10-19,80.20972442626953
2015-10-20,80.05884552001953
2015-10-21,80.45658111572266
2015-10-22,80.62796783447266
2015-10-23,80.33311462402344
2015-10-26,80.47714233398438
2015-10-27,80.49769592285156
2015-10-28,80.18224334716797
2015-10-29,79.62002563476562
2015-10-30,79.82571411132812
2015-11-02,79.48262023925781
2015-11-03,79.48948669433594
2015-11-04,79.40010070800781
2015-11-05,79.42072296142578
2015-11-06,78.90496826171875
2015-11-09,78.77434539794922
2015-11-10,78.97374725341797
2015-11-11,78.96686553955078
2015-11-12,78.93938446044922
2015-11-13,79.17318725585938
2015-11-16,79.18693542480469
2015-11-17,79.26942443847656
2015-11-18,79.29008483886719
2015-11-19,79.52387237548828
2015-11-20,79.5101089477539
2015-11-23,79.53759765625
2015-11-24,79.56512451171875
2015-11-25,79.64075469970703
2015-11-27,79.66827392578125
2015-11-30,79.7026596069336
2015-12-01,80.3019027709961
2015-12-02,80.10884857177734
2015-12-03,79.04689025878906
2015-12-04,79.47439575195312
2015-12-07,79.61227416992188
2015-12-08,79.50885009765625
2015-12-09,79.4881591796875
2015-12-10,79.30198669433594
2015-12-11,79.4399185180664
2015-12-14,78.85374450683594
2015-12-15,78.86064910888672
2015-12-16,78.84688568115234
2015-12-17,78.93650817871094
2015-12-18,78.93650817871094
2015-12-21,78.99168395996094
2015-12-22,78.88826751708984
2015-12-23,78.95724487304688
2015-12-24,79.21446990966797
2015-12-28,79.11764526367188
2015-12-29,78.70962524414062
2015-12-30,78.70962524414062
2015-12-31,78.84097290039062
2016-01-04,78.7995376586914
2016-01-05,78.84097290039062
2016-01-06,79.15219116210938
2016-01-07,79.21446990966797
2016-01-08,79.27665710449219
2016-01-11,79.02081298828125
2016-01-12,79.20065307617188
2016-01-13,79.4426498413086
2016-01-14,79.04849243164062
2016-01-15,78.93093872070312
2016-01-19,78.5782699584961
2016-01-20,78.69578552246094
2016-01-21,78.46757507324219
2016-01-22,78.51597595214844
2016-01-25,78.43299865722656
2016-01-26,78.65432739257812
2016-01-27,78.43993377685547
2016-01-28,78.52986145019531
2016-01-29,78.93783569335938
2016-02-01,78.68607330322266
2016-02-02,78.83173370361328
2016-02-03,78.63751220703125
2016-02-04,78.67220306396484
2016-02-05,78.65830993652344
2016-02-08,79.06753540039062
2016-02-09,78.79707336425781
2016-02-10,78.8941650390625
2016-02-11,79.1576919555664
2016-02-12,78.71379089355469
2016-02-16,78.33927154541016
2016-02-17,78.31848907470703
2016-02-18,78.95657348632812
2016-02-19,78.90111541748047
2016-02-22,79.06058502197266
2016-02-23,79.22016143798828
2016-02-24,79.29642486572266
2016-02-25,79.74030303955078
2016-02-26,79.71253967285156
2016-02-29,79.76803588867188
2016-03-01,79.33332061767578
2016-03-02,79.49327850341797
2016-03-03,79.86894226074219
2016-03-04,79.85501861572266
2016-03-07,79.9454574584961
2016-03-08,80.36973571777344
2016-03-09,80.27937316894531
2016-03-10,80.61324310302734
2016-03-11,80.8427734375
2016-03-14,81.07930755615234
2016-03-15,81.05142974853516
2016-03-16,81.44097137451172
2016-03-17,81.6913833618164
2016-03-18,81.87921905517578
2016-03-21,81.78182983398438
2016-03-22,81.62879180908203
2016-03-23,82.03923034667969
2016-03-24,82.0044174194336
2016-03-28,82.05308532714844
2016-03-29,82.42180633544922
2016-03-30,82.3243637084961
2016-03-31,82.65130615234375
2016-04-01,82.91777038574219
2016-04-04,82.9247817993164
2016-04-05,83.1898422241211
2016-04-06,83.12007904052734
2016-04-07,83.34327697753906
2016-04-08,83.15494537353516
2016-04-11,83.14797973632812
2016-04-12,82.82009887695312
2016-04-13,83.10609436035156
2016-04-14,83.0503158569336
2016-04-15,83.39913940429688
2016-04-18,83.48979949951172
2016-04-19,83.64325714111328
2016-04-20,83.41307830810547
2016-04-21,83.37818145751953
2016-04-22,83.46887969970703
2016-04-25,83.27346801757812
2016-04-26,83.2386703491211
2016-04-27,83.768798828125
2016-04-28,83.8455581665039
2016-04-29,83.93621826171875
2016-05-02,83.82783508300781
2016-05-03,83.97468566894531
2016-05-04,83.83477020263672
2016-05-05,84.00261688232422
2016-05-06,83.82078552246094
2016-05-09,83.7369155883789
2016-05-10,83.87679290771484
2016-05-11,83.96772766113281
2016-05-12,83.7928466796875
2016-05-13,83.94666290283203
2016-05-16,83.66690826416016
2016-05-17,83.63896179199219
2016-05-18,82.92554473876953
2016-05-19,83.12137603759766
2016-05-20,83.17733001708984
2016-05-23,83.17733001708984
2016-05-24,83.03739929199219
2016-05-25,83.184326171875
2016-05-26,83.4220962524414
2016-05-27,83.35916137695312
2016-05-31,83.50607299804688
2016-06-01,83.56495666503906
2016-06-02,83.73332214355469
2016-06-03,84.40664672851562
2016-06-06,84.20327758789062
2016-06-07,84.32952117919922
2016-06-08,84.61003875732422
2016-06-09,84.72924041748047
2016-06-10,84.82752227783203
2016-06-13,84.70122528076172
2016-06-14,84.5118637084961
2016-06-15,84.82752227783203
2016-06-16,84.95374298095703
2016-06-17,84.70122528076172
2016-06-20,84.59600830078125
2016-06-21,84.51887512207031
2016-06-22,84.67317962646484
2016-06-23,84.58900451660156
2016-06-24,84.98883819580078
2016-06-27,85.34654998779297
2016-06-28,85.81651306152344
2016-06-29,85.78840637207031
2016-06-30,86.09001159667969
2016-07-01,86.54083251953125
2016-07-05,86.83622741699219
2016-07-06,86.9909439086914
2016-07-07,87.00503540039062
2016-07-08,87.49027252197266
2016-07-11,87.26522827148438
2016-07-12,86.77294158935547
2016-07-13,87.11051177978516
2016-07-14,86.8995132446289
2016-07-15,86.56895446777344
2016-07-18,86.56895446777344
2016-07-19,86.72366333007812
2016-07-20,86.69558715820312
2016-07-21,86.79399871826172
2016-07-22,86.74476623535156
2016-07-25,86.69558715820312
2016-07-26,86.6111831665039
2016-07-27,86.9698486328125
2016-07-28,86.88543701171875
2016-07-29,87.20189666748047
2016-08-01,86.71043395996094
2016-08-02,86.22393035888672
2016-08-03,86.33671569824219
2016-08-04,86.70338439941406
2016-08-05,86.350830078125
2016-08-08,86.4072494506836
2016-08-09,86.91493225097656
2016-08-10,87.16170501708984
2016-08-11,86.87265014648438
2016-08-12,87.26750946044922
2016-08-15,86.99957275390625
2016-08-16,86.84447479248047
2016-08-17,87.08415985107422
2016-08-18,87.2956771850586
2016-08-19,87.0347900390625
2016-08-22,87.33094024658203
2016-08-23,87.42964935302734
2016-08-24,87.37326049804688
2016-08-25,87.2886962890625
2016-08-26,87.01363372802734
2016-08-29,87.50724792480469
2016-08-30,87.39447021484375
2016-08-31,87.35916900634766
2016-09-01,87.35916900634766
2016-09-02,87.2036361694336
2016-09-06,87.50762939453125
2016-09-07,87.38741302490234
2016-09-08,86.77240753173828
2016-09-09,86.12200164794922
2016-09-12,86.12906646728516
2016-09-13,85.84624481201172
2016-09-14,85.90283203125
2016-09-15,85.9593734741211
2016-09-16,86.05838012695312
2016-09-19,86.03006744384766
2016-09-20,86.1431655883789
2016-09-21,86.58151245117188
2016-09-22,86.93499755859375
2016-09-23,86.87134552001953
2016-09-26,87.00567626953125
2016-09-27,87.21778869628906
2016-09-28,87.27432250976562
2016-09-29,87.23896789550781
2016-09-30,87.08344268798828
2016-10-03,86.83678436279297
2016-10-04,86.43279266357422
2016-10-05,86.34060668945312
2016-10-06,86.34768676757812
2016-10-07,86.55326080322266
2016-10-10,86.55326080322266
2016-10-11,86.28392028808594
2016-10-12,86.39730072021484
2016-10-13,86.60994720458984
2016-10-14,86.20594024658203
2016-10-17,86.48949432373047
2016-10-18,86.70211791992188
2016-10-19,86.81554412841797
2016-10-20,86.78715515136719
2016-10-21,86.83678436279297
2016-10-24,86.5887222290039
2016-10-25,86.52490997314453
2016-10-26,86.16342163085938
2016-10-27,85.77360534667969
2016-10-28,85.67432403564453
2016-10-31,85.75232696533203
2016-11-01,85.64424896240234
2016-11-02,85.77222442626953
2016-11-03,85.60164642333984
2016-11-04,85.85750579833984
2016-11-07,85.80062866210938
2016-11-08,85.60874938964844
2016-11-09,84.35086059570312
2016-11-10,84.27977752685547
2016-11-11,83.91731262207031
2016-11-14,83.4837875366211
2016-11-15,83.73967742919922
2016-11-16,83.86042785644531
2016-11-17,83.32743835449219
2016-11-18,82.85836791992188
2016-11-21,82.94367980957031
2016-11-22,83.15689086914062
2016-11-23,82.85132598876953
2016-11-25,82.85836791992188
2016-11-28,83.23505401611328
2016-11-29,83.34874725341797
2016-11-30,83.03610229492188
2016-12-01,82.57078552246094
2016-12-02,82.94844818115234
2016-12-05,83.12657928466797
2016-12-06,83.11947631835938
2016-12-07,83.46862030029297
2016-12-08,83.12657928466797
2016-12-09,82.80589294433594
2016-12-12,82.72752380371094
2016-12-13,82.91278839111328
2016-12-14,82.3854751586914
2016-12-15,82.44244384765625
2016-12-16,82.37834167480469
2016-12-19,82.77738189697266
2016-12-20,82.72752380371094
2016-12-21,82.99116516113281
2016-12-22,82.9969253540039
2016-12-23,83.12550354003906
2016-12-27,82.97545623779297
2016-12-28,83.28266906738281
2016-12-29,83.60431671142578
2016-12-30,83.73291015625
2017-01-03,83.8043212890625
2017-01-04,84.09016418457031
2017-01-05,84.54035186767578
2017-01-06,84.0973129272461
2017-01-09,84.26165771484375
2017-01-10,84.211669921875
2017-01-11,84.34027099609375
2017-01-12,84.33312225341797
2017-01-13,84.1616439819336
2017-01-17,84.52603912353516
2017-01-18,83.9687271118164
2017-01-19,83.68289184570312
2017-01-20,83.83291625976562
2017-01-23,84.21880340576172
2017-01-24,83.9687271118164
2017-01-25,83.6471939086914
2017-01-26,83.7472152709961
2017-01-27,83.84722900390625
2017-01-30,83.70433807373047
2017-01-31,83.85435485839844
2017-02-01,83.751220703125
2017-02-02,83.7726821899414
2017-02-03,83.86581420898438
2017-02-06,84.13090515136719
2017-02-07,84.27425384521484
2017-02-08,84.5680160522461
2017-02-09,84.23123168945312
2017-02-10,84.20978546142578
2017-02-13,84.1739501953125
2017-02-14,83.97332763671875
2017-02-15,83.90882110595703
2017-02-16,84.1452865600586
2017-02-17,84.36023712158203
2017-02-21,84.39604949951172
2017-02-22,84.46053314208984
2017-02-23,84.67547607421875
2017-02-24,85.10538482666016
2017-02-27,84.9047622680664
2017-02-28,84.96207427978516
2017-03-01,84.4598617553711
2017-03-02,84.33053588867188
2017-03-03,84.41678619384766
2017-03-06,84.2658920288086
2017-03-07,83.84922790527344
2017-03-08,83.59054565429688
2017-03-09,83.13796997070312
2017-03-10,83.34629821777344
2017-03-13,83.06611633300781
2017-03-14,83.13796997070312
2017-03-15,83.85640716552734
2017-03-16,83.73423767089844
2017-03-17,83.92823791503906
2017-03-20,84.12226867675781
2017-03-21,84.33053588867188
2017-03-22,84.54608154296875
2017-03-23,84.48860168457031
2017-03-24,84.57486724853516
2017-03-27,84.75447845458984
2017-03-28,84.57486724853516
2017-03-29,84.84781646728516
2017-03-30,84.62515258789062
2017-03-31,84.71134185791016
2017-04-03,85.09170532226562
2017-04-04,84.86840057373047
2017-04-05,84.9764175415039
2017-04-06,85.05567169189453
2017-04-07,84.84675598144531
2017-04-10,85.00528717041016
2017-04-11,85.4014663696289
2017-04-12,85.68241119384766
2017-04-13,85.82649230957031
2017-04-17,85.66081237792969
2017-04-18,86.16510009765625
2017-04-19,85.90575408935547
2017-04-20,85.78329467773438
2017-04-21,85.78329467773438
2017-04-24,85.66801452636719
2017-04-25,85.32942962646484
2017-04-26,85.53834533691406
2017-04-27,85.61758422851562
2017-04-28,85.71842956542969
2017-05-01,85.45263671875
2017-05-02,85.7054443359375
2017-05-03,85.66207122802734
2017-05-04,85.49596405029297
2017-05-05,85.52484130859375
2017-05-08,85.37316131591797
2017-05-09,85.38758087158203
2017-05-10,85.5031967163086
2017-05-11,85.5464859008789
2017-05-12,85.97991180419922
2017-05-15,85.97273254394531
2017-05-16,86.09551239013672
2017-05-17,86.62284088134766
2017-05-18,86.60838317871094
2017-05-19,86.65894317626953
2017-05-22,86.5866928100586
2017-05-23,86.31941986083984
2017-05-24,86.45672607421875
2017-05-25,86.49278259277344
2017-05-26,86.55783081054688
2017-05-30,86.76005554199219
2017-05-31,86.8611831665039
2017-06-01,86.87999725341797
2017-06-02,87.28559875488281
2017-06-05,87.03935241699219
2017-06-06,87.29283142089844
2017-06-07,87.1841812133789
2017-06-08,87.03208923339844
2017-06-09,86.94520568847656
2017-06-12,86.96691131591797
2017-06-13,87.06106567382812
2017-06-14,87.65496063232422
2017-06-15,87.4449234008789
2017-06-16,87.517333984375
2017-06-19,87.40872955322266
2017-06-20,87.6042709350586
2017-06-21,87.64767456054688
2017-06-22,87.72015380859375
2017-06-23,87.76358795166016
2017-06-26,87.92291259765625
2017-06-27,87.52457427978516
2017-06-28,87.61878967285156
2017-06-29,87.35072326660156
2017-06-30,87.27832794189453
2017-07-03,87.08951568603516
2017-07-05,87.23474884033203
2017-07-06,87.00965118408203
2017-07-07,86.93704223632812
2017-07-10,87.08231353759766
2017-07-11,87.11859893798828
2017-07-12,87.50342559814453
2017-07-13,87.35095977783203
2017-07-14,87.5543212890625
2017-07-17,87.6341781616211
2017-07-18,88.01180267333984
2017-07-19,87.98271179199219
2017-07-20,88.06261444091797
2017-07-21,88.26596069335938
2017-07-24,88.16426849365234
2017-07-25,87.64144897460938
2017-07-26,87.9319076538086
2017-07-27,87.71401977539062
2017-07-28,87.9464340209961
2017-07-31,87.9464340209961
2017-08-01,88.26529693603516
2017-08-02,88.12699127197266
2017-08-03,88.25079345703125
2017-08-04,87.9085693359375
2017-08-07,87.93037414550781
2017-08-08,87.50808715820312
2017-08-09,87.59550476074219
2017-08-10,87.56636047363281
2017-08-11,87.72653198242188
2017-08-14,87.66829681396484
2017-08-15,87.56636047363281
2017-08-16,87.81388854980469
2017-08-17,87.90127563476562
2017-08-18,87.84302520751953
2017-08-21,87.96680450439453
2017-08-22,87.87940979003906
2017-08-23,88.21434020996094
2017-08-24,88.04688262939453
2017-08-25,88.25079345703125
2017-08-28,88.25079345703125
2017-08-29,88.3163070678711
2017-08-30,88.38912200927734
2017-08-31,88.5420150756836
2017-09-01,88.19158935546875
2017-09-05,88.7391128540039
2017-09-06,88.42520141601562
2017-09-07,88.76826477050781
2017-09-08,88.50548553466797
2017-09-11,88.23538208007812
2017-09-12,88.14051055908203
2017-09-13,88.05290985107422
2017-09-14,88.27185821533203
2017-09-15,88.3448715209961
2017-09-18,88.25729370117188
2017-09-19,88.30838775634766
2017-09-20,88.1988754272461
2017-09-21,88.1988754272461
2017-09-22,88.31571197509766
2017-09-25,88.6441650390625
2017-09-26,88.6296157836914
2017-09-27,88.2864761352539
2017-09-28,88.41789245605469
2017-09-29,88.49822235107422
2017-10-02,88.58089447021484
2017-10-03,88.77853393554688
2017-10-04,88.72726440429688
2017-10-05,88.60286712646484
2017-10-06,88.52965545654297
2017-10-09,88.60286712646484
2017-10-10,88.66142272949219
2017-10-11,88.61746978759766
2017-10-12,88.63949584960938
2017-10-13,88.99078369140625
2017-10-16,88.86637878417969
2017-10-17,88.85173034667969
2017-10-18,88.719970703125
2017-10-19,88.85173034667969
2017-10-20,88.610107421875
2017-10-23,88.69800567626953
2017-10-24,88.47840881347656
2017-10-25,88.24417114257812
2017-10-26,88.23688507080078
2017-10-27,88.50038146972656
2017-10-30,88.79318237304688
2017-10-31,88.6687240600586
2017-11-01,88.80894470214844
2017-11-02,88.7942123413086
2017-11-03,88.89698028564453
2017-11-06,88.91899871826172
2017-11-07,88.8455581665039
2017-11-08,88.7281723022461
2017-11-09,88.49335479736328
2017-11-10,87.98694610595703
2017-11-13,88.0016098022461
2017-11-14,88.02363586425781
2017-11-15,88.39791107177734
2017-11-16,88.295166015625
2017-11-17,88.4052734375
2017-11-20,88.4052734375
2017-11-21,88.69879150390625
2017-11-22,89.04377746582031
2017-11-24,88.94100952148438
2017-11-27,88.8896484375
2017-11-28,89.014404296875
2017-11-29,88.6621322631836
2017-11-30,88.55941772460938
2017-12-01,88.83308410644531
2017-12-04,88.97293090820312
2017-12-05,89.14216613769531
2017-12-06,89.31144714355469
2017-12-07,89.13484191894531
2017-12-08,89.02447509765625
2017-12-11,89.0906753540039
2017-12-12,89.02447509765625
2017-12-13,89.3334732055664
2017-12-14,89.49540710449219
2017-12-15,89.62049865722656
2017-12-18,89.35559844970703
2017-12-19,88.89935302734375
2017-12-20,88.66384887695312
2017-12-21,88.90277862548828
2017-12-22,88.96915435791016
2017-12-26,89.087158203125
2017-12-27,89.58126068115234
2017-12-28,89.52222442626953
2017-12-29,89.64020538330078
2018-01-02,89.04290771484375
2018-01-03,89.20512390136719
2018-01-04,89.17562866210938
2018-01-05,89.14617156982422
2018-01-08,89.13875579833984
2018-01-09,88.81433868408203
2018-01-10,88.87329864501953
2018-01-11,89.087158203125
2018-01-12,89.10192108154297
2018-01-16,89.18302154541016
2018-01-17,88.9396743774414
2018-01-18,88.59307098388672
2018-01-19,88.32025909423828
2018-01-22,88.23912811279297
2018-01-23,88.62260437011719
2018-01-24,88.56356048583984
2018-01-25,89.01342010498047
2018-01-26,88.89543914794922
2018-01-29,88.65941619873047
2018-01-30,88.35713195800781
2018-01-31,88.54146575927734
2018-02-01,88.15031433105469
2018-02-02,87.69931030273438
2018-02-05,87.75106048583984
2018-02-06,87.57363891601562
2018-02-07,87.32960510253906
2018-02-08,86.9525146484375
2018-02-09,86.67154693603516
2018-02-12,86.67154693603516
2018-02-13,86.64197540283203
2018-02-14,86.32404327392578
2018-02-15,86.73069763183594
2018-02-16,86.98947143554688
2018-02-20,86.61976623535156
2018-02-21,86.1466064453125
2018-02-22,86.26487731933594
2018-02-23,86.66415405273438
2018-02-26,86.77503204345703
2018-02-27,86.39795684814453
2018-02-28,86.56061553955078
2018-03-01,86.4716567993164
2018-03-02,86.19734954833984
2018-03-05,86.16767120361328
2018-03-06,86.24176788330078
2018-03-07,86.21212768554688
2018-03-08,86.38265991210938
2018-03-09,86.07865142822266
2018-03-12,86.18991088867188
2018-03-13,86.19734954833984
2018-03-14,86.39006805419922
2018-03-15,86.47906494140625
2018-03-16,86.57549285888672
2018-03-19,86.28626251220703
2018-03-20,85.9822769165039
2018-03-21,85.93035125732422
2018-03-22,86.07865142822266
2018-03-23,85.80432891845703
2018-03-26,86.1082763671875
2018-03-27,86.41976165771484
2018-03-28,86.64961242675781
2018-03-29,87.0426254272461
2018-04-02,86.99573516845703
2018-04-03,86.7652359008789
2018-04-04,86.7652359008789
2018-04-05,86.79496765136719
2018-04-06,87.05525207519531
2018-04-09,87.09989166259766
2018-04-10,87.1221694946289
2018-04-11,87.181640625
2018-04-12,86.94371032714844
2018-04-13,86.97346496582031
2018-04-16,86.98088073730469
2018-04-17,86.98833465576172
2018-04-18,86.54212188720703
2018-04-19,86.21495819091797
2018-04-20,85.86544036865234
2018-04-23,85.82829284667969
2018-04-24,85.57543182373047
2018-04-25,85.3077392578125
2018-04-26,85.5605697631836
2018-04-27,85.75389862060547
2018-04-30,85.67955017089844
2018-05-01,85.44761657714844
2018-05-02,85.38053131103516
2018-05-03,85.3954086303711
2018-05-04,85.51472473144531
2018-05-07,85.41779327392578
2018-05-08,85.38792419433594
2018-05-09,85.373046875
2018-05-10,85.80557250976562
2018-05-11,85.95471954345703
2018-05-14,85.79810333251953
2018-05-15,85.14933776855469
2018-05-16,85.03746032714844
2018-05-17,84.87335968017578
2018-05-18,85.2238540649414
2018-05-21,85.27606201171875
2018-05-22,85.18659973144531
2018-05-23,85.55200958251953
2018-05-24,85.7906723022461
2018-05-25,86.04421997070312
2018-05-29,86.49910736083984
2018-05-30,86.16352844238281
2018-05-31,86.12625885009766
2018-06-01,85.9609375
2018-06-04,85.76641845703125
2018-06-05,85.82625579833984
2018-06-06,85.51207733154297
2018-06-07,85.79634094238281
2018-06-08,85.6541976928711
2018-06-11,85.5719223022461
2018-06-12,85.57941436767578
2018-06-13,85.49707794189453
2018-06-14,85.88610076904297
2018-06-15,85.76641845703125
2018-06-18,85.6766586303711
2018-06-19,85.72151947021484
2018-06-20,85.24273681640625
2018-06-21,85.17544555664062
2018-06-22,85.2801513671875
2018-06-25,85.19788360595703
2018-06-26,85.48211669921875
2018-06-27,85.77392578125
2018-06-28,85.66169738769531
2018-06-29,85.7065658569336
2018-07-02,85.7178726196289
2018-07-03,86.03295135498047
2018-07-05,86.3031005859375
2018-07-06,86.42314910888672
2018-07-09,86.48316192626953
2018-07-10,86.38562774658203
2018-07-11,86.5582275390625
2018-07-12,86.74575805664062
2018-07-13,86.81333923339844
2018-07-16,86.67076873779297
2018-07-17,86.61073303222656
2018-07-18,86.59574127197266
2018-07-19,86.73076629638672
2018-07-20,86.47566986083984
2018-07-23,86.13053894042969
2018-07-24,86.40066528320312
2018-07-25,86.51318359375
2018-07-26,86.59574127197266
2018-07-27,86.7082748413086
2018-07-30,86.58822631835938
2018-07-31,86.85834503173828
2018-08-01,86.55204010009766
2018-08-02,86.65744018554688
2018-08-03,86.92832946777344
2018-08-06,87.01112365722656
2018-08-07,86.7402114868164
2018-08-08,86.60470581054688
2018-08-09,86.67245483398438
2018-08-10,86.8154296875
2018-08-13,86.7928695678711
2018-08-14,86.90574645996094
2018-08-15,87.08636474609375
2018-08-16,87.19926452636719
2018-08-17,87.27449798583984
2018-08-20,87.50025177001953
2018-08-21,87.28205871582031
2018-08-22,87.27449798583984
2018-08-23,87.30461120605469
2018-08-24,87.47772216796875
2018-08-27,87.34223937988281
2018-08-28,87.01112365722656
2018-08-29,86.92080688476562
2018-08-30,87.00357818603516
2018-08-31,86.87562561035156
2018-09-04,86.71562194824219
2018-09-05,86.66277313232422
2018-09-06,86.90432739257812
2018-09-07,86.54199981689453
2018-09-10,86.82887268066406
2018-09-11,86.63259887695312
2018-09-12,86.80623626708984
2018-09-13,86.98738098144531
2018-09-14,86.88168334960938
2018-09-17,86.82887268066406
2018-09-18,86.47409057617188
2018-09-19,86.34576416015625
2018-09-20,86.57219696044922
2018-09-21,86.5872802734375
2018-09-24,86.39102935791016
2018-09-25,86.39102935791016
2018-09-26,86.70053100585938
2018-09-27,86.81375885009766
2018-09-28,86.75336456298828
2018-10-01,86.63373565673828
2018-10-02,86.7094497680664
2018-10-03,86.2021484375
2018-10-04,85.84629821777344
2018-10-05,85.51314544677734
2018-10-08,85.42230224609375
2018-10-09,85.66456604003906
2018-10-10,85.42988586425781
2018-10-11,85.78573608398438
2018-10-12,85.80083465576172
2018-10-15,85.6418685913086
2018-10-16,85.86141204833984
2018-10-17,85.43743133544922
2018-10-18,85.43743133544922
2018-10-19,85.33138275146484
2018-10-22,85.22542572021484
2018-10-23,85.34654998779297
2018-10-24,85.46772766113281
2018-10-25,85.36172485351562
2018-10-26,85.50553131103516
2018-10-29,85.40714263916016
2018-10-30,85.21784210205078
2018-10-31,84.97555541992188
2018-11-01,85.23310089111328
2018-11-02,84.89122009277344
2018-11-05,85.04318237304688
2018-11-06,85.18748474121094
2018-11-07,85.40782165527344
2018-11-08,85.15714263916016
2018-11-09,85.21788787841797
2018-11-12,85.21031188964844
2018-11-13,85.09632873535156
2018-11-14,84.86848449707031
2018-11-15,84.70890808105469
2018-11-16,84.8760757446289
2018-11-19,84.79248046875
2018-11-20,84.58736419677734
2018-11-21,84.76971435546875
2018-11-23,84.80766296386719
2018-11-26,84.84566497802734
2018-11-27,84.73931121826172
2018-11-28,84.96720886230469
2018-11-29,84.72412872314453
2018-11-30,84.67093658447266
2018-12-03,84.98567962646484
2018-12-04,85.00090789794922
2018-12-06,85.25999450683594
2018-12-07,85.26762390136719
2018-12-10,85.52674102783203
2018-12-11,85.67913818359375
2018-12-12,85.77059173583984
2018-12-13,85.99921417236328
2018-12-14,85.90778350830078
2018-12-17,85.99921417236328
2018-12-18,86.30655670166016
2018-12-19,86.23773956298828
2018-12-20,85.95487213134766
2018-12-21,85.87078094482422
2018-12-24,85.67202758789062
2018-12-26,85.6032485961914
2018-12-27,85.6032485961914
2018-12-28,86.00839233398438
2018-12-31,86.24539184570312
2019-01-02,86.5129165649414
2019-01-03,86.55118560791016
2019-01-04,86.49761199951172
2019-01-07,86.50532531738281
2019-01-08,86.6964111328125
2019-01-09,87.0251235961914
2019-01-10,86.79576873779297
2019-01-11,86.9562759399414
2019-01-14,86.72697448730469
2019-01-15,86.7804946899414
2019-01-16,86.94865417480469
2019-01-17,87.12450408935547
2019-01-18,87.27735900878906
2019-01-22,87.42259979248047
2019-01-23,87.64429473876953
2019-01-24,87.8736572265625
2019-01-25,87.95008850097656
2019-01-28,87.93480682373047
2019-01-29,88.12592315673828
2019-01-30,88.53106689453125
2019-01-31,89.15029907226562
2019-02-01,88.93790435791016
2019-02-04,88.81522369384766
2019-02-05,89.17559814453125
2019-02-06,89.00689697265625
2019-02-07,88.99158477783203
2019-02-08,89.21394348144531
2019-02-11,89.0145492553711
2019-02-12,89.13723754882812
2019-02-13,88.90719604492188
2019-02-14,89.00689697265625
2019-02-15,89.11425018310547
2019-02-19,89.16793823242188
2019-02-20,89.09122467041016
2019-02-21,88.83821105957031
2019-02-22,89.23690795898438
2019-02-25,89.20624542236328
2019-02-26,89.34429168701172
2019-02-27,89.09122467041016
2019-02-28,88.96855163574219
2019-03-01,88.8132095336914
2019-03-04,89.01315307617188
2019-03-05,89.0439453125
2019-03-06,89.1285171508789
2019-03-07,89.42081451416016
2019-03-08,89.53618621826172
2019-03-11,89.63621520996094
2019-03-12,89.88230895996094
2019-03-13,89.73616790771484
2019-03-14,89.559326171875
2019-03-15,89.88230895996094
2019-03-18,89.83617401123047
2019-03-19,89.85153198242188
2019-03-20,90.45917510986328
2019-03-21,90.62837982177734
2019-03-22,91.18217468261719
2019-03-25,91.36676025390625
2019-03-26,91.40522003173828
2019-03-27,91.5282974243164
2019-03-28,91.64363861083984
2019-03-29,91.57442474365234
2019-04-01,91.23344421386719
2019-04-02,91.35688018798828
2019-04-03,91.16398620605469
2019-04-04,91.31060028076172
2019-04-05,91.45716857910156
2019-04-08,91.32600402832031
2019-04-09,91.51888275146484
2019-04-10,91.9663314819336
2019-04-11,91.87373352050781
2019-04-12,91.81976318359375
2019-04-15,91.67315673828125
2019-04-16,91.41858673095703
2019-04-17,91.40316009521484
2019-04-18,91.48027038574219
2019-04-22,91.3337173461914
2019-04-23,91.7117691040039
2019-04-24,92.02035522460938
2019-04-25,91.97405242919922
2019-04-26,92.29808807373047
2019-04-29,91.93550872802734
2019-04-30,91.97405242919922
2019-05-01,91.94464111328125
2019-05-02,91.6119384765625
2019-05-03,92.02204132080078
2019-05-06,92.14581298828125
2019-05-07,92.13810729980469
2019-05-08,91.82859802246094
2019-05-09,91.91368103027344
2019-05-10,91.96784973144531
2019-05-13,92.02204132080078
2019-05-14,92.1535415649414
2019-05-15,92.40888977050781
2019-05-16,92.2618637084961
2019-05-17,92.26959991455078
2019-05-20,92.05299377441406
2019-05-21,92.1303482055664
2019-05-22,92.24641418457031
2019-05-23,92.44756317138672
2019-05-24,92.6410140991211
2019-05-28,92.70291137695312
2019-05-29,92.74161529541016
2019-05-30,93.27547454833984
2019-05-31,93.4921646118164
2019-06-03,93.78008270263672
2019-06-04,93.81111145019531
2019-06-05,93.74903869628906
2019-06-06,93.92756652832031
2019-06-07,94.34664916992188
2019-06-10,94.00517272949219
2019-06-11,94.09053039550781
2019-06-12,94.23025512695312
2019-06-13,94.4708480834961
2019-06-14,94.50965118408203
2019-06-17,94.55621337890625
2019-06-18,95.18490600585938
2019-06-19,95.79029083251953
2019-06-20,96.3102798461914
2019-06-21,95.96102142333984
2019-06-24,96.20159149169922
2019-06-25,95.91445922851562
2019-06-26,95.72039794921875
2019-06-27,96.27921295166016
2019-06-28,96.527587890625
2019-07-01,96.71052551269531
2019-07-02,96.97515106201172
2019-07-03,97.23974609375
2019-07-05,96.38358306884766
2019-07-08,96.25127410888672
2019-07-09,96.04891967773438
2019-07-10,96.26685333251953
2019-07-11,95.69864654541016
2019-07-12,95.79205322265625
2019-07-15,95.95549011230469
2019-07-16,95.75313568115234
2019-07-17,96.25904846191406
2019-07-18,96.48479461669922
2019-07-19,96.33689880371094
2019-07-22,96.6327133178711
2019-07-23,96.68718719482422
2019-07-24,96.95958709716797
2019-07-25,96.64825439453125
2019-07-26,96.78054809570312
2019-07-29,96.71833801269531
2019-07-30,96.68718719482422
2019-07-31,96.77277374267578
2019-08-01,97.5595703125
2019-08-02,97.66102600097656
2019-08-05,97.73128509521484
2019-08-06,98.34010314941406
2019-08-07,98.32450866699219
2019-08-08,98.58989715576172
2019-08-09,98.30106353759766
2019-08-12,98.917724609375
2019-08-13,98.83964538574219
2019-08-14,99.12844848632812
2019-08-15,99.61236572265625
2019-08-16,99.79188537597656
2019-08-19,99.46405029296875
2019-08-20,100.04167175292969
2019-08-21,100.22117614746094
2019-08-22,99.8543930053711
2019-08-23,100.22117614746094
2019-08-26,100.22903442382812
2019-08-27,100.76759338378906
2019-08-28,100.76759338378906
2019-08-29,100.54901123046875
2019-08-30,100.53340911865234
2019-09-03,100.43873596191406
2019-09-04,100.62654113769531
2019-09-05,99.8908462524414
2019-09-06,100.25086212158203
2019-09-09,99.51516723632812
2019-09-10,98.67769622802734
2019-09-11,98.59945678710938
2019-09-12,98.46641540527344
2019-09-13,97.58203887939453
2019-09-16,98.07508850097656
2019-09-17,98.32551574707031
2019-09-18,98.56816864013672
2019-09-19,98.84994506835938
2019-09-20,99.53080749511719
2019-09-23,99.46037292480469
2019-09-24,99.7734603881836
2019-09-25,99.20992279052734
2019-09-26,99.42127990722656
2019-09-27,99.44471740722656
2019-09-30,99.7734603881836
2019-10-01,99.88800811767578
2019-10-02,99.84883117675781
2019-10-03,100.24114990234375
2019-10-04,100.65705108642578
2019-10-07,100.1469955444336
2019-10-08,100.06066131591797
2019-10-09,100.0998764038086
2019-10-10,99.51134490966797
2019-10-11,99.33088684082031
2019-10-14,99.66046142578125
2019-10-15,99.39362335205078
2019-10-16,99.5035171508789
2019-10-17,99.6447525024414
2019-10-18,99.77030944824219
2019-10-21,99.54273223876953
2019-10-22,99.71538543701172
2019-10-23,99.77030944824219
2019-10-24,99.98999786376953
2019-10-25,99.8174057006836
2019-10-28,99.51919555664062
2019-10-29,99.26023864746094
2019-10-30,99.61334991455078
2019-10-31,100.21761322021484
2019-11-01,100.31597137451172
2019-11-04,99.8438491821289
2019-11-05,99.26946258544922
2019-11-06,99.82814025878906
2019-11-07,99.04914093017578
2019-11-08,98.9153823852539
2019-11-11,98.94683074951172
2019-11-12,99.04127502441406
2019-11-13,99.27731323242188
2019-11-14,99.796630859375
2019-11-15,99.8123779296875
2019-11-18,99.92252349853516
2019-11-19,100.11927795410156
2019-11-20,100.26087188720703
2019-11-21,100.02481842041016
2019-11-22,100.30024719238281
2019-11-25,100.646484375
2019-11-26,100.90608978271484
2019-11-27,100.89823913574219
2019-11-29,100.69363403320312
2019-12-02,100.25658416748047
2019-12-03,101.02973937988281
2019-12-04,100.89564514160156
2019-12-05,100.78517150878906
2019-12-06,100.72994232177734
2019-12-09,100.71420288085938
2019-12-10,100.71420288085938
2019-12-11,101.10865020751953
2019-12-12,100.64318084716797
2019-12-13,101.29801177978516
2019-12-16,101.0691909790039
2019-12-17,100.99031829833984
2019-12-18,100.91932678222656
2019-12-19,101.01902770996094
2019-12-20,100.98733520507812
2019-12-23,101.03479766845703
2019-12-24,101.13766479492188
2019-12-26,101.3196029663086
2019-12-27,101.46197509765625
2019-12-30,101.6439437866211
2019-12-31,101.22463989257812
2020-01-02,101.438232421875
2020-01-03,101.78629302978516
2020-01-06,101.44612121582031
2020-01-07,101.18511962890625
2020-01-08,101.04271697998047
2020-01-09,101.5252685546875
2020-01-10,101.8100357055664
2020-01-13,101.56481170654297
2020-01-14,101.69137573242188
2020-01-15,101.91291046142578
2020-01-16,102.0552749633789
2020-01-17,102.03944396972656
2020-01-21,102.52992248535156
2020-01-22,102.58527374267578
2020-01-23,102.71977996826172
2020-01-24,102.8938217163086
2020-01-27,103.09159851074219
2020-01-28,103.03622436523438
2020-01-29,103.36846923828125
2020-01-30,103.43175506591797
2020-01-31,103.70067596435547
2020-02-03,103.61900329589844
2020-02-04,103.365234375
2020-02-05,103.30177307128906
2020-02-06,103.25415802001953
2020-02-07,103.65072631835938
2020-02-10,103.8966064453125
2020-02-11,103.74588775634766
2020-02-12,103.69832611083984
2020-02-13,103.6269302368164
2020-02-14,103.88077545166016
2020-02-18,104.07899475097656
2020-02-19,103.93626403808594
2020-02-20,104.28524017333984
2020-02-21,104.4914321899414
2020-02-24,104.50725555419922
2020-02-25,104.61035919189453
2020-02-26,104.22174835205078
2020-02-27,103.66664123535156
2020-02-28,104.83248901367188
2020-03-02,104.72828674316406
2020-03-03,105.92106628417969
2020-03-04,106.07215118408203
2020-03-05,106.03241729736328
2020-03-06,106.7719497680664
2020-03-09,104.17959594726562
2020-03-10,101.83373260498047
2020-03-11,98.48593139648438
2020-03-12,93.78629302978516
2020-03-13,97.84974670410156
2020-03-16,96.45814514160156
2020-03-17,92.50601959228516
2020-03-18,87.87792205810547
2020-03-19,83.53609466552734
2020-03-20,84.88001251220703
2020-03-23,91.15418243408203
2020-03-24,93.02290344238281
2020-03-25,97.47603607177734
2020-03-26,97.55554962158203
2020-03-27,97.35671997070312
2020-03-30,98.54161071777344
2020-03-31,98.21559143066406
2020-04-01,96.78855895996094
2020-04-02,97.04368591308594
2020-04-03,96.54145812988281
2020-04-06,98.44673919677734
2020-04-07,98.5982437133789
2020-04-08,100.37598419189453
2020-04-09,105.0954360961914
2020-04-13,104.07502746582031
2020-04-14,103.5648193359375
2020-04-15,104.25836181640625
2020-04-16,103.74015808105469
2020-04-17,104.0830078125
2020-04-20,103.49303436279297
2020-04-21,103.12635803222656
2020-04-22,103.19010925292969
2020-04-23,103.62859344482422
2020-04-24,103.55684661865234
2020-04-27,102.71977996826172
2020-04-28,102.99879455566406
2020-04-29,103.67643737792969
2020-04-30,102.97489166259766
2020-05-01,102.5672836303711
2020-05-04,102.72710418701172
2020-05-05,102.5912857055664
2020-05-06,101.44044494628906
2020-05-07,101.71217346191406
2020-05-08,101.22466278076172
2020-05-11,100.33753204345703
2020-05-12,101.30458068847656
2020-05-13,101.5363540649414
2020-05-14,102.37548065185547
2020-05-15,102.73509216308594
2020-05-18,103.31853485107422
2020-05-19,103.39847564697266
2020-05-20,104.53327941894531
2020-05-21,104.45335388183594
2020-05-22,104.45335388183594
2020-05-26,104.30951690673828
2020-05-27,104.74105834960938
2020-05-28,104.82902526855469
2020-05-29,105.50826263427734
2020-06-01,105.46183776855469
2020-06-02,105.79829406738281
2020-06-03,105.7342300415039
2020-06-04,105.41378021240234
2020-06-05,105.95854187011719
2020-06-08,106.31103515625
2020-06-09,106.08673095703125
2020-06-10,106.7836685180664
2020-06-11,105.50988006591797
2020-06-12,106.02261352539062
2020-06-15,107.52873229980469
2020-06-16,107.23234558105469
2020-06-17,107.02401733398438
2020-06-18,107.26436614990234
2020-06-19,107.34445190429688
2020-06-22,107.24036407470703
2020-06-23,107.04006958007812
2020-06-24,106.74364471435547
2020-06-25,106.8558120727539
2020-06-26,106.95195007324219
2020-06-29,107.4486312866211
2020-06-30,107.7530517578125
2020-07-01,108.17865753173828
2020-07-02,108.44364166259766
2020-07-06,108.7247085571289
2020-07-07,108.86924743652344
2020-07-08,108.69255828857422
2020-07-09,109.3028335571289
2020-07-10,109.10212707519531
2020-07-13,108.81301879882812
2020-07-14,109.44741821289062
2020-07-15,109.66417694091797
2020-07-16,109.96928405761719
2020-07-17,110.26642608642578
2020-07-20,110.57157897949219
2020-07-21,110.71611022949219
2020-07-22,111.07743835449219
2020-07-23,111.15776824951172
2020-07-24,110.9088134765625
2020-07-27,110.57157897949219
2020-07-28,110.45917510986328
2020-07-29,111.0614013671875
2020-07-30,110.94100952148438
2020-07-31,111.09352111816406
2020-08-03,111.24240112304688
2020-08-04,111.65280151367188
2020-08-05,111.4998550415039
2020-08-06,111.97465515136719
2020-08-07,111.66082000732422
2020-08-10,111.41941833496094
2020-08-11,110.7193374633789
2020-08-12,110.44577026367188
2020-08-13,109.44790649414062
2020-08-14,108.96505737304688
2020-08-17,109.19035339355469
2020-08-18,109.50421905517578
2020-08-19,109.21453094482422
2020-08-20,109.60081481933594
2020-08-21,109.80196380615234
2020-08-24,109.60887145996094
2020-08-25,109.13404083251953
2020-08-26,109.17427062988281
2020-08-27,108.30525970458984
2020-08-28,108.63513946533203
2020-08-31,109.11798858642578
2020-09-01,109.80752563476562
2020-09-02,110.24300384521484
2020-09-03,110.00100708007812
2020-09-04,108.83168029785156
2020-09-08,108.93650817871094
2020-09-09,109.00907135009766
2020-09-10,109.08969116210938
2020-09-11,109.17037963867188
2020-09-14,109.4445571899414
2020-09-15,109.5655517578125
2020-09-16,109.63813781738281
2020-09-17,109.66233825683594
2020-09-18,109.46072387695312
2020-09-21,109.35591125488281
2020-09-22,109.42037200927734
2020-09-23,108.63005828857422
2020-09-24,108.35584259033203
2020-09-25,108.24296569824219
2020-09-28,108.79134368896484
2020-09-29,108.6542739868164
2020-09-30,108.63814544677734
2020-10-01,108.94039916992188
2020-10-02,108.95661163330078
2020-10-05,108.5928726196289
2020-10-06,108.50396728515625
2020-10-07,108.53630828857422
2020-10-08,108.80304718017578
2020-10-09,109.05352020263672
2020-10-12,109.68399047851562
2020-10-13,109.57891082763672
2020-10-14,109.68399047851562
2020-10-15,109.57080841064453
2020-10-16,109.38492584228516
2020-10-19,109.17476654052734
2020-10-20,108.94849395751953
2020-10-21,108.77066802978516
2020-10-22,108.5281982421875
2020-10-23,108.80304718017578
2020-10-26,109.02931213378906
2020-10-27,109.47386932373047
2020-10-28,108.93228149414062
2020-10-29,108.64942169189453
2020-10-30,108.08368682861328
2020-11-02,108.50727844238281
2020-11-03,108.61256408691406
2020-11-04,110.24053192138672
2020-11-05,110.65361785888672
2020-11-06,110.30530548095703
2020-11-09,109.47107696533203
2020-11-10,109.18766784667969
2020-11-11,109.39012145996094
2020-11-12,109.82746887207031
2020-11-13,109.95702362060547
2020-11-16,110.31342315673828
2020-11-17,110.66981506347656
2020-11-18,110.90471649169922
2020-11-19,111.52029418945312
2020-11-20,111.42308807373047
2020-11-23,111.56072235107422
2020-11-24,111.3096923828125
2020-11-25,111.37443542480469
2020-11-27,111.7713394165039
2020-11-30,112.16011810302734
2020-12-01,111.73487854003906
2020-12-02,111.36153411865234
2020-12-03,111.7997817993164
2020-12-04,111.18299102783203
2020-12-07,111.28036499023438
2020-12-08,111.1505126953125
2020-12-09,110.74473571777344
2020-12-10,111.29662322998047
2020-12-11,111.4102554321289
2020-12-14,111.32903289794922
2020-12-15,111.5481948852539
2020-12-16,111.45891571044922
2020-12-17,111.62159729003906
2020-12-18,111.54019165039062
2020-12-21,111.32064056396484
2020-12-22,111.62965393066406
2020-12-23,111.65409088134766
2020-12-24,112.03630828857422
2020-12-28,112.10948944091797
2020-12-29,112.15823364257812
2020-12-30,112.30463409423828
2020-12-31,112.3290786743164
2021-01-04,111.75982666015625
2021-01-05,111.40198516845703
2021-01-06,110.49931335449219
2021-01-07,110.48304748535156
2021-01-08,110.40169525146484
2021-01-11,109.93008422851562
2021-01-12,110.16590118408203
2021-01-13,111.0197982788086
2021-01-14,110.53998565673828
2021-01-15,110.71076965332031
2021-01-19,110.90593719482422
2021-01-20,110.87335968017578
2021-01-21,110.43426513671875
2021-01-22,110.35294342041016
2021-01-25,110.82456970214844
2021-01-26,110.81648254394531
2021-01-27,110.62127685546875
2021-01-28,110.44242858886719
2021-01-29,110.27162170410156
2021-02-01,110.48918151855469
2021-02-02,110.19587707519531
2021-02-03,109.93511199951172
2021-02-04,110.12250518798828
2021-02-05,109.82917785644531
2021-02-08,110.30178833007812
2021-02-09,110.1306381225586
2021-02-10,110.39137268066406
2021-02-11,110.09806823730469
2021-02-12,109.739501953125
2021-02-16,108.9654541015625
2021-02-17,109.51141357421875
2021-02-18,109.29956817626953
2021-02-19,108.50917053222656
2021-02-22,107.83287048339844
2021-02-23,107.91429901123047
2021-02-24,108.07733154296875
2021-02-25,106.36620330810547
2021-02-26,107.77584075927734
2021-03-01,107.88117218017578
2021-03-02,107.75867462158203
2021-03-03,106.9585189819336
2021-03-04,106.08490753173828
2021-03-05,105.94610595703125
2021-03-08,104.95812225341797
2021-03-09,105.75016784667969
2021-03-10,106.24819946289062
2021-03-11,106.31352233886719
2021-03-12,105.08882904052734
2021-03-15,105.44802856445312
2021-03-16,105.37456512451172
2021-03-17,105.47252655029297
2021-03-18,104.86840057373047
2021-03-19,105.02352905273438
2021-03-22,105.39907836914062
2021-03-23,105.7093505859375
2021-03-24,106.02770233154297
2021-03-25,105.90530395507812
2021-03-26,105.83179473876953
2021-03-29,105.57868957519531
2021-03-30,105.90530395507812
2021-03-31,106.18289184570312
2021-04-01,106.84880828857422
2021-04-05,106.32523345947266
2021-04-06,107.03694915771484
2021-04-07,106.82423400878906
2021-04-08,107.21693420410156
2021-04-09,106.99603271484375
2021-04-12,106.97152709960938
2021-04-13,107.44600677490234
2021-04-14,107.29876708984375
2021-04-15,107.9614028930664
2021-04-16,107.22513580322266
2021-04-19,106.94693756103516
2021-04-20,107.15147399902344
2021-04-21,107.51962280273438
2021-04-22,107.62596130371094
2021-04-23,107.71593475341797
2021-04-26,107.6668701171875
2021-04-27,107.1842269897461
2021-04-28,107.20056915283203
2021-04-29,107.06969451904297
2021-04-30,107.29055786132812
2021-05-03,107.54874420166016
2021-05-04,107.61431884765625
2021-05-05,107.74549102783203
2021-05-06,107.9504165649414
2021-05-07,107.99140167236328
2021-05-10,107.40940856933594
2021-05-11,107.0159683227539
2021-05-12,106.43404388427734
2021-05-13,106.83566284179688
2021-05-14,107.41758728027344
2021-05-17,107.29466247558594
2021-05-18,106.94219207763672
2021-05-19,106.7536849975586
2021-05-20,107.48318481445312
2021-05-21,107.55696105957031
2021-05-24,107.85205841064453
2021-05-25,108.25367736816406
2021-05-26,108.1962890625
2021-05-27,107.8684310913086
2021-05-28,107.95860290527344
2021-06-01,107.97256469726562
2021-06-02,108.14501953125
2021-06-03,107.71798706054688
2021-06-04,108.48171997070312
2021-06-07,108.39141082763672
2021-06-08,108.80204010009766
2021-06-09,109.19624328613281
2021-06-10,109.68902587890625
2021-06-11,109.77936553955078
2021-06-14,109.37687683105469
2021-06-15,109.45901489257812
2021-06-16,109.14695739746094
2021-06-17,109.75473022460938
2021-06-18,110.3295669555664
2021-06-21,109.68902587890625
2021-06-22,109.86966705322266
2021-06-23,109.69723510742188
2021-06-24,109.9107666015625
2021-06-25,109.62332153320312
2021-06-28,110.0914535522461
2021-06-29,110.22289276123047
2021-06-30,110.34600067138672
2021-07-01,110.24977111816406
2021-07-02,110.56244659423828
2021-07-06,110.96561431884766
2021-07-07,111.34412384033203
2021-07-08,111.40172576904297
2021-07-09,110.93274688720703
2021-07-12,110.87510681152344
2021-07-13,110.46369934082031
2021-07-14,110.9738540649414
2021-07-15,111.21244812011719
2021-07-16,111.05611419677734
2021-07-19,111.8542709350586
2021-07-20,111.69789123535156
2021-07-21,111.302978515625
2021-07-22,111.76377868652344
2021-07-23,111.71438598632812
2021-07-26,111.46753692626953
2021-07-27,111.94478607177734
2021-07-28,112.14222717285156
2021-07-29,111.82133483886719
2021-07-30,111.91184997558594
2021-08-02,112.23579406738281
2021-08-03,112.35120391845703
2021-08-04,112.3759536743164
2021-08-05,111.9143295288086
2021-08-06,110.99938201904297
2021-08-09,110.52127075195312
2021-08-10,110.27398681640625
2021-08-11,110.4471206665039
2021-08-12,110.60367584228516
2021-08-13,111.3455810546875
2021-08-16,111.41148376464844
2021-08-17,111.21371459960938
2021-08-18,111.13947296142578
2021-08-19,111.39501953125
2021-08-20,111.46922302246094
2021-08-23,111.5516357421875
2021-08-24,111.29608917236328
2021-08-25,111.00762939453125
2021-08-26,110.97463989257812
2021-08-27,111.5928955078125
2021-08-30,111.7824478149414
2021-08-31,111.52693939208984
2021-09-01,111.67054748535156
2021-09-02,111.86875915527344
2021-09-03,111.46414947509766
2021-09-07,110.93572235107422
2021-09-08,111.290771484375
2021-09-09,112.01739501953125
2021-09-10,111.69535827636719
2021-09-13,111.96786499023438
2021-09-14,112.30641174316406
2021-09-15,112.17427062988281
2021-09-16,112.01739501953125
2021-09-17,111.76963806152344
2021-09-20,112.11647033691406
2021-09-21,112.10824584960938
2021-09-22,112.42201232910156
2021-09-23,111.64581298828125
2021-09-24,111.40636444091797
2021-09-27,111.34857940673828
2021-09-28,110.1595230102539
2021-09-29,110.13477325439453
2021-09-30,109.84574127197266
2021-10-01,110.64409637451172
2021-10-04,110.46211242675781
2021-10-05,110.007080078125
2021-10-06,110.04017639160156
2021-10-07,109.55201721191406
2021-10-08,109.04736328125
2021-10-11,108.84058380126953
2021-10-12,109.53550720214844
2021-10-13,110.08984375
2021-10-14,110.61100769042969
2021-10-15,110.21390533447266
2021-10-18,110.1229019165039
2021-10-19,109.5189437866211
2021-10-20,109.25421142578125
2021-10-21,109.0225601196289
2021-10-22,109.46104431152344
2021-10-25,109.51068878173828
2021-10-26,109.98226165771484
2021-10-27,110.65242004394531
2021-10-28,110.48695373535156
2021-10-29,110.42903900146484
2021-11-01,110.23174285888672
2021-11-02,110.65447235107422
2021-11-03,110.37261962890625
2021-11-04,110.95287322998047
2021-11-05,111.76521301269531
2021-11-08,111.50830841064453
2021-11-09,111.80668640136719
2021-11-10,110.66275787353516
2021-11-11,110.34779357910156
2021-11-12,110.23174285888672
2021-11-15,109.39447784423828
2021-11-16,109.21215057373047
2021-11-17,109.65145874023438
2021-11-18,109.900146484375
2021-11-19,110.31461334228516
2021-11-22,109.35303497314453
2021-11-23,108.57384490966797
2021-11-24,109.09607696533203
2021-11-26,109.9830551147461
2021-11-29,110.05765533447266
2021-11-30,110.29803466796875
2021-12-01,110.3138198852539
2021-12-02,110.57123565673828
2021-12-03,111.49299621582031
2021-12-06,110.92830657958984
2021-12-07,110.97816467285156
2021-12-08,110.23905181884766
2021-12-09,110.147705078125
2021-12-10,110.27229309082031
2021-12-13,110.77056121826172
2021-12-14,110.27229309082031
2021-12-15,110.41349029541016
2021-12-16,110.41010284423828
2021-12-17,110.6680679321289
2021-12-20,110.18548583984375
2021-12-21,110.40184020996094
2021-12-22,110.57653045654297
2021-12-23,110.41010284423828
2021-12-27,110.73460388183594
2021-12-28,110.59318542480469
2021-12-29,109.98583221435547
2021-12-30,110.4267807006836
2021-12-31,110.2603759765625
2022-01-03,109.08719635009766
2022-01-04,109.17868041992188
2022-01-05,108.53804016113281
2022-01-06,108.39663696289062
2022-01-07,107.93067169189453
2022-01-10,107.83085632324219
2022-01-11,108.15533447265625
2022-01-12,108.0804672241211
2022-01-13,108.42157745361328
2022-01-14,107.46475219726562
2022-01-18,106.44132232666016
2022-01-19,106.60774993896484
2022-01-20,106.54951477050781
2022-01-21,107.24844360351562
2022-01-24,106.91559600830078
2022-01-25,106.6160659790039
2022-01-26,105.89222717285156
2022-01-27,106.13350677490234
2022-01-28,106.25000762939453
2022-01-31,106.29991149902344
2022-02-01,106.47663116455078
2022-02-02,106.48497772216797
2022-02-03,105.62635040283203
2022-02-04,104.57601165771484
2022-02-07,104.76774597167969
2022-02-08,104.37593078613281
2022-02-09,104.72603607177734
2022-02-10,103.30059814453125
2022-02-11,104.0675048828125
2022-02-14,103.1422119140625
2022-02-15,102.6253890991211
2022-02-16,102.77544403076172
2022-02-17,102.85042572021484
2022-02-18,103.10052490234375
2022-02-22,102.96715545654297
2022-02-23,102.03352355957031
2022-02-24,102.51699829101562
2022-02-25,102.9338150024414
2022-02-28,104.03417205810547
2022-03-01,104.3899917602539
2022-03-02,102.80289459228516
2022-03-03,103.1788101196289
2022-03-04,103.2790298461914
2022-03-07,102.02603912353516
2022-03-08,101.41629028320312
2022-03-09,101.59169006347656
2022-03-10,100.43058776855469
2022-03-11,100.38885498046875
2022-03-14,98.9354019165039
2022-03-15,99.71223449707031
2022-03-16,100.56426239013672
2022-03-17,101.5499267578125
2022-03-18,101.75040435791016
2022-03-21,100.33871459960938
2022-03-22,100.09648895263672
2022-03-23,100.38046264648438
2022-03-24,100.42222595214844
2022-03-25,99.62867736816406
2022-03-28,100.17996978759766
2022-03-29,101.02367401123047
2022-03-30,101.25755310058594
2022-03-31,101.02367401123047
2022-04-01,101.36268615722656
2022-04-04,101.7142562866211
2022-04-05,99.93128967285156
2022-04-06,99.34532928466797
2022-04-07,98.88495635986328
2022-04-08,98.10640716552734
2022-04-11,97.15214538574219
2022-04-12,97.21913146972656
2022-04-13,97.72135925292969
2022-04-14,96.58292388916016
2022-04-18,95.84630584716797
2022-04-19,95.08454895019531
2022-04-20,96.07232666015625
2022-04-21,95.05107879638672
2022-04-22,94.9422607421875
2022-04-25,95.9969711303711
2022-04-26,95.9467544555664
2022-04-27,95.02595520019531
2022-04-28,95.31059265136719
2022-04-29,94.255859375
2022-05-02,93.69705200195312
2022-05-03,94.30115509033203
2022-05-04,95.22402954101562
2022-05-05,93.76417541503906
2022-05-06,92.9671630859375
2022-05-09,93.29439544677734
2022-05-10,93.6886978149414
2022-05-11,94.12496948242188
2022-05-12,94.16690826416016
2022-05-13,93.67190551757812
2022-05-16,93.79776000976562
2022-05-17,93.2608413696289
2022-05-18,93.60477447509766
2022-05-19,93.85650634765625
2022-05-20,94.31790924072266
2022-05-23,93.9822998046875
2022-05-24,95.21560668945312
2022-05-25,96.1972427368164
2022-05-26,96.22236633300781
2022-05-27,96.72577667236328
2022-05-31,96.0126953125
2022-06-01,95.45254516601562
2022-06-02,95.49462127685547
2022-06-03,95.19184875488281
2022-06-06,94.51905059814453
2022-06-07,95.02367401123047
2022-06-08,94.47699737548828
2022-06-09,93.85466003417969
2022-06-10,92.94641876220703
2022-06-13,90.80189514160156
2022-06-14,90.33092498779297
2022-06-15,91.7437973022461
2022-06-16,91.8447036743164
2022-06-17,92.02973175048828
2022-06-21,91.10465240478516
2022-06-22,91.76900482177734
2022-06-23,92.47545623779297
2022-06-24,92.58477020263672
2022-06-27,91.7353744506836
2022-06-28,91.71012115478516
2022-06-29,92.25675201416016
2022-06-30,92.5343246459961
2022-07-01,93.70391845703125
2022-07-05,93.67860412597656
2022-07-06,93.21483612060547
2022-07-07,93.2064208984375
2022-07-08,93.05459594726562
2022-07-11,93.31600952148438
2022-07-12,93.45095825195312
2022-07-13,94.15087127685547
2022-07-14,93.55213928222656
2022-07-15,94.30264282226562
2022-07-18,93.64488220214844
2022-07-19,93.90631103515625
2022-07-20,93.80509948730469
2022-07-21,95.08688354492188
2022-07-22,95.82051849365234
2022-07-25,95.01101684570312
2022-07-26,94.99413299560547
2022-07-27,95.6265869140625
2022-07-28,96.41924285888672
2022-07-29,96.64696502685547
2022-08-01,96.83795928955078
2022-08-02,95.6545639038086
2022-08-03,96.69426727294922
2022-08-04,96.84642028808594
2022-08-05,95.53620910644531
2022-08-08,95.91659545898438
2022-08-09,95.4854736328125
2022-08-10,96.38996124267578
2022-08-11,95.46012878417969
2022-08-12,96.56748962402344
2022-08-15,96.4998550415039
2022-08-16,96.1279067993164
2022-08-17,95.22345733642578
2022-08-18,95.46862030029297
2022-08-19,94.33586883544922
2022-08-22,93.701904296875
2022-08-23,93.8033218383789
2022-08-24,93.52439880371094
2022-08-25,94.48802185058594
2022-08-26,93.92169189453125
2022-08-29,93.22850036621094
2022-08-30,93.34687042236328
2022-08-31,92.36632537841797
2022-09-01,91.81022644042969
2022-09-02,91.87806701660156
2022-09-06,90.63202667236328
2022-09-07,91.86958312988281
2022-09-08,91.65766906738281
2022-09-09,91.86958312988281
2022-09-12,91.6661605834961
2022-09-13,91.00495147705078
2022-09-14,91.43729400634766
2022-09-15,90.99649810791016
2022-09-16,90.78459167480469
2022-09-19,90.93717956542969
2022-09-20,90.03018188476562
2022-09-21,90.3692398071289
2022-09-22,89.09772491455078
2022-09-23,88.84345245361328
2022-09-26,87.3006820678711
2022-09-27,85.98685455322266
2022-09-28,87.71604919433594
2022-09-29,87.0633544921875
2022-09-30,86.84296417236328
2022-10-03,88.44952392578125
2022-10-04,88.85777282714844
2022-10-05,88.18588256835938
2022-10-06,87.98175048828125
2022-10-07,87.10575103759766
2022-10-10,86.32331848144531
2022-10-11,86.14469909667969
2022-10-12,86.04264831542969
2022-10-13,86.19573211669922
2022-10-14,85.37078094482422
2022-10-17,85.77901458740234
2022-10-18,86.28927612304688
2022-10-19,85.10711669921875
2022-10-20,84.36723327636719
2022-10-21,84.60535430908203
2022-10-24,84.56281280517578
2022-10-25,85.69395446777344
2022-10-26,86.08517456054688
2022-10-27,86.48489379882812
2022-10-28,86.66350555419922
2022-10-31,86.19573211669922
2022-11-01,86.81591033935547
2022-11-02,86.39791107177734
2022-11-03,86.09082794189453
2022-11-04,86.26144409179688
2022-11-07,85.94580078125
2022-11-08,86.30409240722656
2022-11-09,86.08226013183594
2022-11-10,88.96563720703125
2022-11-11,89.2044677734375
2022-11-14,88.7523422241211
2022-11-15,89.9892807006836
2022-11-16,90.75704956054688
2022-11-17,90.27079772949219
2022-11-18,90.26226806640625
2022-11-21,90.12577819824219
2022-11-22,90.92767333984375
2022-11-23,91.8404312133789
2022-11-25,91.93427276611328
2022-11-28,91.26888275146484
2022-11-29,90.81676483154297
2022-11-30,91.92575073242188
2022-12-01,93.07594299316406
2022-12-02,93.64073181152344
2022-12-05,92.84485626220703
2022-12-06,93.12728118896484
2022-12-07,94.16278076171875
2022-12-08,93.86325073242188
2022-12-09,93.1614990234375
2022-12-12,93.04173278808594
2022-12-13,93.85472106933594
2022-12-14,93.9402847290039
2022-12-15,94.01924896240234
2022-12-16,93.61579895019531
2022-12-19,92.67159271240234
2022-12-20,91.5814437866211
2022-12-21,92.20807647705078
2022-12-22,92.18230438232422
2022-12-23,91.89901733398438
2022-12-27,90.71444702148438
2022-12-28,90.43119812011719
2022-12-29,91.07498168945312
2022-12-30,90.49986267089844
2023-01-03,91.12647247314453
2023-01-04,91.78744506835938
2023-01-05,91.71878814697266
2023-01-06,93.2209701538086
2023-01-09,93.5900650024414
2023-01-10,93.2724609375
2023-01-11,94.07073974609375
2023-01-12,95.13516235351562
2023-01-13,94.82614135742188
2023-01-17,94.48278045654297
2023-01-18,95.5901107788086
2023-01-19,95.3927001953125
2023-01-20,94.89482116699219
2023-01-23,94.62012481689453
2023-01-24,95.11797332763672
2023-01-25,95.16093444824219
2023-01-26,95.1265640258789
2023-01-27,94.85189819335938
2023-01-30,94.4913558959961
2023-01-31,95.16949462890625
2023-02-01,96.13558197021484
2023-02-02,96.27336120605469
2023-02-03,95.17984771728516
2023-02-06,94.44794464111328
2023-02-07,94.13798522949219
2023-02-08,94.2326889038086
2023-02-09,93.44054412841797
2023-02-10,92.78611755371094
2023-02-13,93.13055419921875
2023-02-14,92.89804077148438
2023-02-15,92.5450210571289
2023-02-16,91.80450439453125
2023-02-17,92.16616821289062
2023-02-21,90.85738372802734
2023-02-22,91.11570739746094
2023-02-23,91.83036041259766
2023-02-24,91.14154052734375
2023-02-27,91.16737365722656
2023-02-28,91.20181274414062
2023-03-01,90.63324737548828
2023-03-02,90.71101379394531
2023-03-03,91.73926544189453
2023-03-06,91.48870086669922
2023-03-07,91.22945404052734
2023-03-08,91.08259582519531
2023-03-09,90.99613952636719
2023-03-10,92.3009033203125
2023-03-13,92.37869262695312
2023-03-14,92.1021728515625
2023-03-15,92.9835205078125
2023-03-16,92.84527587890625
2023-03-17,93.3118896484375
2023-03-20,93.0353775024414
2023-03-21,93.48471069335938
2023-03-22,94.029052734375
2023-03-23,94.29692840576172
2023-03-24,94.59070587158203
2023-03-27,93.45879364013672
2023-03-28,93.30323791503906
2023-03-29,93.73529815673828
2023-03-30,93.86489868164062
2023-03-31,94.7116928100586
2023-04-03,95.28373718261719
2023-04-04,95.40512084960938
2023-04-05,95.71713256835938
2023-04-06,95.63047790527344
2023-04-10,95.18842315673828
2023-04-11,95.16239166259766
2023-04-12,94.96306610107422
2023-04-13,95.12773895263672
2023-04-14,94.81571197509766
2023-04-17,94.21761322021484
2023-04-18,94.5296859741211
2023-04-19,94.06163024902344
2023-04-20,94.41697692871094
2023-04-21,94.47765350341797
2023-04-24,94.89370727539062
2023-04-25,95.30974578857422
2023-04-26,94.89370727539062
2023-04-27,94.54701232910156
2023-04-28,95.28373718261719
2023-05-01,93.74610900878906
2023-05-02,94.8767318725586
2023-05-03,95.03328704833984
2023-05-04,94.7723617553711
2023-05-05,94.3984146118164
2023-05-08,93.72002410888672
2023-05-09,93.68523406982422
2023-05-10,94.42449188232422
2023-05-11,94.78975677490234
2023-05-12,94.20704650878906
2023-05-15,93.70263671875
2023-05-16,93.23297882080078
2023-05-17,93.22427368164062
2023-05-18,92.83293151855469
2023-05-19,92.71983337402344
2023-05-22,92.68507385253906
2023-05-23,92.87641143798828
2023-05-24,92.5111312866211
2023-05-25,92.20670318603516
2023-05-26,92.59808349609375
2023-05-30,93.29385375976562
2023-05-31,93.59825134277344
2023-06-01,93.88533782958984
2023-06-02,93.63230895996094
2023-06-05,93.43161010742188
2023-06-06,93.61485290527344
2023-06-07,92.77721405029297
2023-06-08,93.3967056274414
2023-06-09,93.15238952636719
2023-06-12,93.44904327392578
2023-06-13,93.0302505493164
2023-06-14,93.31817626953125
2023-06-15,94.12964630126953
2023-06-16,93.9638442993164
2023-06-20,94.30415344238281
2023-06-21,94.19944763183594
2023-06-22,93.7108154296875
2023-06-23,93.97258758544922
2023-06-26,94.0772933959961
2023-06-27,93.97258758544922
2023-06-28,94.3826675415039
2023-06-29,93.66719818115234
2023-06-30,94.35648345947266
2023-07-03,94.09215545654297
2023-07-05,93.41812896728516
2023-07-06,92.47274780273438
2023-07-07,92.38520050048828
2023-07-10,92.86662292480469
2023-07-11,93.3043212890625
2023-07-12,94.12715148925781
2023-07-13,94.79244232177734
2023-07-14,94.05712127685547
2023-07-17,94.21471405029297
2023-07-18,94.45104217529297
2023-07-19,94.9850082397461
2023-07-20,94.34598541259766
2023-07-21,94.51233673095703
2023-07-24,94.39852142333984
2023-07-25,94.24970245361328
2023-07-26,94.68738555908203
2023-07-27,93.53191375732422
2023-07-28,94.14464569091797
2023-07-31,94.40727233886719
2023-08-01,93.466552734375
2023-08-02,92.89561462402344
2023-08-03,92.0611572265625
2023-08-04,93.01858520507812
2023-08-07,92.79019927978516
2023-08-08,93.15910339355469
2023-08-09,93.2469711303711
2023-08-10,92.58819580078125
2023-08-11,92.27198791503906
2023-08-14,92.23683166503906
2023-08-15,91.75372314453125
2023-08-16,91.34091186523438
2023-08-17,91.09497833251953
2023-08-18,91.43754577636719
2023-08-21,90.8929443359375
2023-08-22,91.17401123046875
2023-08-23,92.45641326904297
2023-08-24,92.14021301269531
2023-08-25,92.19293212890625
2023-08-28,92.48280334472656
2023-08-29,93.22059631347656
2023-08-30,93.08882904052734
2023-08-31,93.2469711303711
2023-09-01,92.58317565917969
2023-09-05,91.92206573486328
2023-09-06,91.83394622802734
2023-09-07,92.23938751220703
2023-09-08,92.30994415283203
2023-09-11,92.13362121582031
2023-09-12,92.10719299316406
2023-09-13,92.30994415283203
2023-09-14,92.14244079589844
2023-09-15,92.00139617919922
2023-09-18,92.17770385742188
2023-09-19,91.86918640136719
2023-09-20,91.90442657470703
2023-09-21,90.97887420654297
2023-09-22,91.53421020507812
2023-09-25,90.64389038085938
2023-09-26,90.38825988769531
2023-09-27,89.9651870727539
2023-09-28,90.12381744384766
2023-09-29,89.92989349365234
2023-10-02,89.10598754882812
2023-10-03,88.0794677734375
2023-10-04,88.84937286376953
2023-10-05,88.74317169189453
2023-10-06,88.47770690917969
2023-10-09,89.57503509521484
2023-10-10,89.61045837402344
2023-10-11,90.15911865234375
2023-10-12,89.22103881835938
2023-10-13,89.7166519165039
2023-10-16,89.0971908569336
2023-10-17,88.3891830444336
2023-10-18,87.6812515258789
2023-10-19,86.97328186035156
2023-10-20,87.31838989257812
2023-10-23,87.99980926513672
2023-10-24,88.4953842163086
2023-10-25,87.69007873535156
2023-10-26,88.32726287841797
2023-10-27,88.15023803710938
2023-10-30,87.88478088378906
2023-10-31,87.7608871459961
2023-11-01,89.0168228149414
2023-11-02,90.07379150390625
2023-11-03,90.51789093017578
2023-11-06,90.03827667236328
2023-11-07,90.7577133178711
2023-11-08,91.2195816040039
2023-11-09,90.29582977294922
2023-11-10,90.74883270263672
2023-11-13,90.7577133178711
2023-11-14,92.1788558959961
2023-11-15,91.69922637939453
2023-11-16,92.45419311523438
2023-11-17,92.72067260742188
2023-11-20,93.09371185302734
2023-11-21,93.12034606933594
2023-11-22,93.49341583251953
2023-11-24,93.01378631591797
2023-11-27,93.76876831054688
2023-11-28,94.14181518554688
2023-11-29,94.90567016601562
2023-11-30,94.40827941894531
2023-12-01,95.54496765136719
2023-12-04,95.10810852050781
2023-12-05,95.86592102050781
2023-12-06,96.22252655029297
2023-12-07,96.2314682006836
2023-12-08,95.71435546875
2023-12-11,95.6875991821289
2023-12-12,96.2314682006836
2023-12-13,97.84510803222656
2023-12-14,98.88565826416016
2023-12-15,98.7425308227539
2023-12-18,98.3309555053711
2023-12-19,98.45623016357422
2023-12-20,98.71569061279297
2023-12-21,98.67988586425781
2023-12-22,98.5098876953125
2023-12-26,98.71569061279297
2023-12-27,99.63724517822266
2023-12-28,99.37776947021484
2023-12-29,99.01094055175781
2024-01-02,98.33990478515625
2024-01-03,98.11621856689453
2024-01-04,97.5704345703125
2024-01-05,97.22147369384766
2024-01-08,97.96411895751953
2024-01-09,98.13408660888672
2024-01-10,98.00882720947266
2024-01-11,98.59937286376953
2024-01-12,98.8140869140625
2024-01-16,97.81201934814453
2024-01-17,97.60619354248047
2024-01-18,97.4183120727539
2024-01-19,97.51673889160156
2024-01-22,97.78516387939453
2024-01-23,97.42726135253906
2024-01-24,97.23937225341797
2024-01-25,97.88358306884766
2024-01-26,97.60619354248047
2024-01-29,98.00882720947266
2024-01-30,98.3219985961914
2024-01-31,98.572509765625
2024-02-01,99.3348388671875
2024-02-02,98.42798614501953
2024-02-05,97.48516082763672
2024-02-06,98.03288269042969
2024-02-07,97.74555969238281
2024-02-08,97.24272918701172
2024-02-09,97.11703491210938
2024-02-12,97.12600708007812
2024-02-13,96.0574951171875
2024-02-14,96.5064468383789
2024-02-15,96.85663604736328
2024-02-16,96.5064468383789
2024-02-20,96.82972717285156
2024-02-21,96.58724212646484
2024-02-22,96.73990631103516
2024-02-23,97.02725219726562
2024-02-26,96.72193145751953
2024-02-27,96.58724212646484
2024-02-28,96.57828521728516
2024-02-29,96.66807556152344
2024-03-01,97.25654602050781
2024-03-04,97.0762939453125
2024-03-05,97.60799407958984
2024-03-06,97.86936950683594
2024-03-07,98.1126937866211
2024-03-08,98.24784851074219
2024-03-11,98.26589965820312
2024-03-12,97.95046997070312
2024-03-13,97.85135650634766
2024-03-14,97.13036346435547
2024-03-15,97.15740966796875
2024-03-18,96.9952163696289
2024-03-19,97.27458953857422
2024-03-20,97.45479583740234
2024-03-21,97.59899139404297
2024-03-22,97.93244934082031
2024-03-25,97.59899139404297
2024-03-26,97.57197570800781
2024-03-27,98.24784851074219
2024-03-28,98.15774536132812
2024-04-01,97.21785736083984
2024-04-02,97.0731201171875
2024-04-03,97.13645935058594
2024-04-04,97.24498748779297
2024-04-05,96.81983947753906
2024-04-08,96.81078338623047
2024-04-09,97.30831909179688
2024-04-10,95.92428588867188
2024-04-11,95.72526550292969
2024-04-12,95.94237518310547
2024-04-15,94.88398742675781
2024-04-16,94.56736755371094
2024-04-17,95.0829849243164
2024-04-18,94.89302825927734
2024-04-19,94.99252319335938
2024-04-22,95.22772979736328
2024-04-23,95.39054107666016
2024-04-24,95.0196762084961
2024-04-25,94.73925018310547
2024-04-26,95.10108947753906
2024-04-29,95.49910736083984
2024-04-30,94.97442626953125
2024-05-01,95.3695068359375
2024-05-02,95.95982360839844
2024-05-03,96.63189697265625
2024-05-06,96.90435791015625
2024-05-07,96.94976043701172
2024-05-08,96.70452117919922
2024-05-09,96.85895538330078
2024-05-10,96.55017852783203
2024-05-13,96.58647155761719
2024-05-14,96.8680191040039
2024-05-15,97.73082733154297
2024-05-16,97.57642364501953
2024-05-17,97.349365234375
2024-05-20,97.303955078125
2024-05-21,97.46742248535156
2024-05-22,97.32212829589844
2024-05-23,96.895263671875
2024-05-24,97.15865325927734
2024-05-28,96.577392578125
2024-05-29,96.0597152709961
2024-05-30,96.65005493164062
2024-05-31,97.07689666748047
2024-06-03,97.74697875976562
2024-06-04,98.1298599243164
2024-06-05,98.45804595947266
2024-06-06,98.39424896240234
2024-06-07,97.50995635986328
2024-06-10,97.30937194824219
2024-06-11,97.72872924804688
2024-06-12,98.3304443359375
2024-06-13,98.79535675048828
2024-06-14,98.8774185180664
2024-06-17,98.4124755859375
2024-06-18,98.86829376220703
2024-06-20,98.54009246826172
2024-06-21,98.56745910644531
2024-06-24,98.6677474975586
2024-06-25,98.63127899169922
2024-06-26,98.09339904785156
2024-06-27,98.28484344482422
2024-06-28,97.65580749511719
2024-07-01,97.07577514648438
2024-07-02,97.6978759765625
2024-07-03,98.42062377929688
2024-07-05,98.93295288085938
2024-07-08,98.92378234863281
2024-07-09,98.74083709716797
2024-07-10,98.97869873046875
2024-07-11,99.5093002319336
2024-07-12,99.875244140625
2024-07-15,99.32632446289062
2024-07-16,99.90270233154297
2024-07-17,99.94844818115234
2024-07-18,99.51844787597656
2024-07-19,99.15249633789062
2024-07-22,99.09759521484375
2024-07-23,99.02444458007812
2024-07-24,98.42062377929688
2024-07-25,98.81401824951172
2024-07-26,99.36292266845703
2024-07-29,99.57334899902344
2024-07-30,99.65567016601562
2024-07-31,100.23202514648438
2024-08-01,100.56442260742188
2024-08-02,101.54682159423828
2024-08-05,101.28976440429688
2024-08-06,100.62870025634766
2024-08-07,100.16962432861328
2024-08-08,100.21552276611328
2024-08-09,100.72966766357422
2024-08-12,100.94086456298828
2024-08-13,101.64781188964844
2024-08-14,102.09771728515625
2024-08-15,101.7855224609375
2024-08-16,102.08853912353516
2024-08-19,102.32725524902344
2024-08-20,102.593505859375
2024-08-21,102.82303619384766
2024-08-22,102.40069580078125
2024-08-23,102.98831176757812
2024-08-26,102.85978698730469
2024-08-27,102.77716064453125
2024-08-28,102.56595611572266
2024-08-29,102.39153289794922
2024-08-30,102.10688781738281
2024-09-03,102.41560363769531
2024-09-04,103.05143737792969
2024-09-05,103.55824279785156
2024-09-06,103.51219177246094
2024-09-09,103.74256896972656
2024-09-10,104.02823638916016
2024-09-11,104.07430267333984
2024-09-12,104.00057220458984
2024-09-13,104.3231201171875
2024-09-16,104.78385925292969
2024-09-17,104.7930908203125
2024-09-18,104.35997009277344
2024-09-19,104.45211029052734
2024-09-20,104.54425811767578
2024-09-23,104.39683532714844
2024-09-24,104.5719223022461
2024-09-25,103.95452880859375
2024-09-26,103.95452880859375
2024-09-27,104.36919403076172
2024-09-30,104.11116027832031
2024-10-01,104.61151885986328
2024-10-02,104.38028717041016
2024-10-03,103.70515441894531
2024-10-04,103.14097595214844
2024-10-07,102.6137924194336
2024-10-08,102.8172607421875
2024-10-09,102.6137924194336
2024-10-10,102.50282287597656
2024-10-11,102.48433685302734
2024-10-14,102.49357604980469
2024-10-15,102.99299621582031
2024-10-16,103.31668090820312
2024-10-17,102.5490493774414
2024-10-18,102.42884063720703
2024-10-21,101.38374328613281
2024-10-22,101.37449645996094
2024-10-23,101.03228759765625
2024-10-24,101.33749389648438
2024-10-25,101.0970230102539
2024-10-28,101.01378631591797
2024-10-29,101.134033203125
2024-10-30,101.00454711914062
2024-10-31,100.80108642578125
2024-11-01,100.24884033203125
2024-11-04,100.99132537841797
2024-11-05,101.47398376464844
2024-11-06,100.41588592529297
2024-11-07,101.60392761230469
2024-11-08,101.95661163330078
2024-11-11,101.76170349121094
2024-11-12,100.84283447265625
2024-11-13,100.4622802734375
2024-11-14,100.43445587158203
2024-11-15,100.48086547851562
2024-11-18,100.6664810180664
2024-11-19,100.87997436523438
2024-11-20,100.6386489868164
2024-11-21,100.51797485351562
2024-11-22,100.61080932617188
2024-11-25,101.8637924194336
2024-11-26,101.60392761230469
2024-11-27,101.97517395019531
2024-11-29,102.60630798339844
2024-12-02,102.76742553710938
2024-12-03,102.40420532226562
2024-12-04,102.89783477783203
2024-12-05,102.86988067626953
2024-12-06,103.10272979736328
2024-12-09,102.84193420410156
2024-12-10,102.68360137939453
2024-12-11,102.40420532226562
2024-12-12,101.82675170898438
2024-12-13,101.2586441040039
2024-12-16,101.38900756835938
2024-12-17,101.39832305908203
2024-12-18,100.14117431640625
2024-12-19,99.59907531738281
2024-12-20,99.99164581298828
2024-12-23,99.7018814086914
2024-12-24,100.01033020019531
2024-12-26,100.10380554199219
2024-12-27,99.68319702148438
2024-12-30,100.11315155029297
2024-12-31,99.86078643798828
2025-01-02,99.87012481689453
2025-01-03,99.63646697998047
2025-01-06,99.38409423828125
2025-01-07,98.92610168457031
2025-01-08,99.08499145507812
2025-01-10,98.51483917236328
2025-01-13,98.23445129394531
2025-01-14,98.34661102294922
2025-01-15,99.52429962158203
2025-01-16,99.7205810546875
2025-01-17,99.8047103881836
2025-01-21,100.38420104980469
2025-01-22,100.06640625
2025-01-23,99.92620086669922
2025-01-24,100.12249755859375
2025-01-27,100.81415557861328
2025-01-28,100.67395782470703
2025-01-29,100.54307556152344
2025-01-30,100.76742553710938
2025-01-31,100.44027709960938
2025-02-03,100.59880065917969
2025-02-04,100.79580688476562
2025-02-05,101.49937438964844
2025-02-06,101.31175231933594
2025-02-07,100.87085723876953
2025-02-10,100.89900207519531
2025-02-11,100.67385864257812
2025-02-12,100.12977600097656
2025-02-13,100.90835571289062
2025-02-14,101.30238342285156
2025-02-18,100.88963317871094
2025-02-19,100.94590759277344
2025-02-20,101.1898193359375
2025-02-21,101.5462646484375
2025-02-24,101.80892944335938
2025-02-25,102.5875244140625
2025-02-26,102.80329132080078
2025-02-27,102.37176513671875
2025-02-28,102.82206726074219
2025-03-03,103.14691162109375
2025-03-04,102.80792236328125
2025-03-05,102.47835540771484
2025-03-06,102.15818786621094
2025-03-07,101.99812316894531
2025-03-10,102.34651947021484
2025-03-11,101.67793273925781
2025-03-12,101.37664031982422
2025-03-13,101.69679260253906
2025-03-14,101.64970397949219
2025-03-17,101.85686492919922
2025-03-18,102.1017074584961
2025-03-19,102.70433044433594
2025-03-20,102.5536880493164
2025-03-21,102.41243743896484
2025-03-24,101.96986389160156
2025-03-25,102.0734634399414
2025-03-26,101.65912628173828
2025-03-27,101.5367202758789
2025-03-28,102.1487808227539
2025-03-31,102.34651947021484
2025-04-01,102.71234130859375
2025-04-02,102.94865417480469
2025-04-03,102.93919372558594
2025-04-04,102.82576751708984
2025-04-07,100.82183074951172
2025-04-08,99.54569244384766
2025-04-09,101.20936584472656
2025-04-10,99.48899841308594
2025-04-11,99.4700927734375
2025-04-14,100.08448791503906
2025-04-15,100.62330627441406
2025-04-16,101.04866790771484
2025-04-17,100.9068832397461
2025-04-21,99.81983947753906
2025-04-22,100.06559753417969
2025-04-23,100.5098876953125
2025-04-24,101.54019927978516
2025-04-25,102.07901763916016
2025-04-28,102.31532287597656
2025-04-29,102.5516357421875
2025-04-30,102.06953430175781
2025-05-01,101.7108154296875
2025-05-02,101.46406555175781
2025-05-05,101.32168579101562
2025-05-06,101.52100372314453
2025-05-07,101.72979736328125
2025-05-08,101.21730041503906
2025-05-09,101.17932891845703
2025-05-12,101.16036224365234
2025-05-13,101.24576568603516
2025-05-14,100.7332763671875
2025-05-15,101.4545669555664
2025-05-16,101.64437103271484
2025-05-19,101.65386962890625
2025-05-20,101.40709686279297
2025-05-21,100.2777328491211
2025-05-22,100.79022216796875
2025-05-23,100.86615753173828
2025-05-27,101.7772445678711
2025-05-28,101.53050231933594
2025-05-29,101.98602294921875
2025-05-30,102.28024291992188
2025-06-02,101.99066162109375
2025-06-03,102.0383071899414
2025-06-04,102.78128051757812
2025-06-05,102.46692657470703
2025-06-06,101.84778594970703
2025-06-09,102.15260314941406
2025-06-10,102.4002685546875
2025-06-11,102.72413635253906
2025-06-12,103.2956771850586
2025-06-13,102.67650604248047
2025-06-16,102.49552917480469
2025-06-17,102.84798431396484
2025-06-18,102.92416381835938
2025-06-20,103.00989532470703
2025-06-23,103.26709747314453
2025-06-24,103.7529067993164
2025-06-25,103.62908935546875
2025-06-26,104.0101089477539
2025-06-27,103.83863067626953
2025-06-30,104.4101791381836
2025-07-01,104.53636169433594
2025-07-02,104.51725006103516
2025-07-03,104.2686767578125
2025-07-07,103.64722442626953
2025-07-08,103.35084533691406
2025-07-09,103.9436264038086
2025-07-10,103.96273040771484
2025-07-11,103.33172607421875
2025-07-14,103.30304718017578
2025-07-15,102.93017578125
2025-07-16,103.09270477294922
2025-07-17,103.3412857055664
2025-07-18,103.53250885009766
2025-07-21,103.93404388427734
2025-07-22,104.18263244628906
2025-07-23,104.02008819580078
2025-07-24,103.86712646484375
2025-07-25,104.20173645019531
2025-07-28,103.99140167236328
2025-07-29,104.67977905273438
2025-07-30,104.28778076171875
2025-07-31,104.31649017333984
2025-08-01,105.24188232421875
2025-08-04,105.42428588867188
2025-08-05,105.50109100341797
2025-08-06,105.4722900390625
2025-08-07,105.36668395996094
2025-08-08,105.03070068359375
2025-08-11,105.19389343261719
2025-08-12,105.28987884521484
2025-08-13,105.8466796875
2025-08-14,105.48188018798828
2025-08-15,105.34747314453125
2025-08-18,105.15548706054688
2025-08-19,105.31867218017578
2025-08-20,105.36668395996094
2025-08-21,104.96348571777344
2025-08-22,105.78907775878906
2025-08-25,105.51068115234375
2025-08-26,105.58747863769531
2025-08-27,105.6258773803711
2025-08-28,105.78907775878906
2025-08-29,105.40509033203125
2025-09-02,105.05249786376953
2025-09-03,105.67866516113281
2025-09-04,106.40116882324219
2025-09-05,107.09478759765625
2025-09-08,107.47047424316406
2025-09-09,107.27783203125
2025-09-10,107.59571075439453
2025-09-11,108.0966567993164
2025-09-12,107.90399932861328
2025-09-15,108.24116516113281
2025-09-16,108.14483642578125
2025-09-17,107.95215606689453
2025-09-18,107.7305908203125
2025-09-19,107.6438980102539
2025-09-22,107.40306091308594
2025-09-23,107.614990234375
2025-09-24,107.18148040771484
2025-09-25,106.98881530761719
2025-09-26,107.1333236694336
2025-09-29,107.48975372314453
2025-09-30,107.38378143310547
2025-10-01,107.81501007080078
2025-10-02,107.9890365600586
2025-10-03,107.85369110107422
2025-10-06,107.505615234375
2025-10-07,107.70866394042969
2025-10-08,107.57329559326172
2025-10-09,107.36058807373047
2025-10-10,107.66032409667969
2025-10-13,108.02771759033203
2025-10-14,108.38545989990234
2025-10-15,108.38545989990234
2025-10-16,108.69486236572266
2025-10-17,108.48214721679688
2025-10-20,108.81087493896484
2025-10-21,108.83020782470703
2025-10-22,108.93656921386719
2025-10-23,108.80120849609375
2025-10-24,108.98492431640625
2025-10-27,109.16861724853516
2025-10-28,109.17827606201172
2025-10-29,108.55948638916016
2025-10-30,107.97937774658203
2025-10-31,107.54429626464844
2025-11-03,107.25511169433594
2025-11-04,107.40067291259766
2025-11-05,107.08045196533203
2025-11-06,107.64326477050781
2025-11-07,107.42980194091797
2025-11-10,107.4880142211914
2025-11-11,107.91496276855469
2025-11-12,107.8082275390625
2025-11-13,107.27452850341797
2025-11-14,106.9834213256836
2025-11-17,107.05133819580078
2025-11-18,107.09986877441406
2025-11-19,107.10955810546875
2025-11-20,107.25511169433594
2025-11-21,107.63356018066406
2025-11-24,108.060546875
2025-11-25,108.36134338378906
2025-11-26,108.73009490966797
2025-11-28,108.54571533203125
2025-12-01,107.96424102783203
2025-12-02,108.03242492675781
2025-12-03,108.27593231201172
2025-12-04,108.08113098144531
2025-12-05,107.97398376464844
2025-12-08,107.7499771118164
2025-12-09,107.61360931396484
2025-12-10,108.1103515625
2025-12-11,107.95450592041016
2025-12-12,107.30194854736328
2025-12-15,107.42855834960938
2025-12-16,107.67205810546875
2025-12-17,107.55518341064453
2025-12-18,107.96424102783203
2025-12-19,107.68655395507812
2025-12-22,107.66699981689453
2025-12-23,107.77455139160156
2025-12-24,108.19500732421875
2025-12-26,108.18523406982422
2025-12-29,108.33191680908203
2025-12-30,108.20478820800781
2025-12-31,107.74522399902344
