Date,SPY
2015-01-02,169.6878662109375
2015-01-05,166.6233367919922
2015-01-06,165.05392456054688
2015-01-07,167.11068725585938
2015-01-08,170.0760040283203
2015-01-09,168.7130889892578
2015-01-12,167.39154052734375
2015-01-13,166.92071533203125
2015-01-14,165.91299438476562
2015-01-15,164.3931427001953
2015-01-16,166.54898071289062
2015-01-20,166.9041748046875
2015-01-21,167.74668884277344
2015-01-22,170.24127197265625
2015-01-23,169.30787658691406
2015-01-26,169.7043914794922
2015-01-27,167.4658660888672
2015-01-28,165.31825256347656
2015-01-29,166.8463897705078
2015-01-30,164.74827575683594
2015-02-02,166.7884979248047
2015-02-03,169.2004852294922
2015-02-04,168.5561981201172
2015-02-05,170.25778198242188
2015-02-06,169.7869873046875
2015-02-09,169.0270538330078
2015-02-10,170.82781982421875
2015-02-11,170.92681884765625
2015-02-12,172.5706329345703
2015-02-13,173.28099060058594
2015-02-17,173.5535888671875
2015-02-18,173.57005310058594
2015-02-19,173.44615173339844
2015-02-20,174.48690795898438
2015-02-23,174.46224975585938
2015-02-24,174.957763671875
2015-02-25,174.80914306640625
2015-02-26,174.6025848388672
2015-02-27,174.0078582763672
2015-03-02,175.1065216064453
2015-03-03,174.3878631591797
2015-03-04,173.65269470214844
2015-03-05,173.84271240234375
2015-03-06,171.39764404296875
2015-03-09,172.10800170898438
2015-03-10,169.31614685058594
2015-03-11,168.91966247558594
2015-03-12,171.06729125976562
2015-03-13,170.018310546875
2015-03-16,172.28982543945312
2015-03-17,171.77761840820312
2015-03-18,173.84271240234375
2015-03-19,173.04966735839844
2015-03-20,174.5771484375
2015-03-23,174.23704528808594
2015-03-24,173.25804138183594
2015-03-25,170.71910095214844
2015-03-26,170.31253051757812
2015-03-27,170.7025146484375
2015-03-30,172.78506469726562
2015-03-31,171.2749786376953
2015-04-01,170.6693115234375
2015-04-02,171.28330993652344
2015-04-06,172.43661499023438
2015-04-07,171.98019409179688
2015-04-08,172.5609893798828
2015-04-09,173.32432556152344
2015-04-10,174.27023315429688
2015-04-13,173.48202514648438
2015-04-14,173.81387329101562
2015-04-15,174.5937957763672
2015-04-16,174.54396057128906
2015-04-17,172.53614807128906
2015-04-20,174.11260986328125
2015-04-21,173.90518188476562
2015-04-22,174.759765625
2015-04-23,175.1995086669922
2015-04-24,175.60601806640625
2015-04-27,174.8759307861328
2015-04-28,175.43182373046875
2015-04-29,174.7099609375
2015-04-30,172.95924377441406
2015-05-01,174.8344268798828
2015-05-04,175.3322296142578
2015-05-05,173.32432556152344
2015-05-06,172.6107940673828
2015-05-07,173.29946899414062
2015-05-08,175.58114624023438
2015-05-11,174.74314880371094
2015-05-12,174.2204132080078
2015-05-13,174.25363159179688
2015-05-14,176.07066345214844
2015-05-15,176.2615203857422
2015-05-18,176.80911254882812
2015-05-19,176.75103759765625
2015-05-20,176.6265869140625
2015-05-21,177.1409454345703
2015-05-22,176.71780395507812
2015-05-26,174.81784057617188
2015-05-27,176.47720336914062
2015-05-28,176.278076171875
2015-05-29,175.1829376220703
2015-06-01,175.5396728515625
2015-06-02,175.36544799804688
2015-06-03,175.8300323486328
2015-06-04,174.3448944091797
2015-06-05,174.0461883544922
2015-06-08,172.97592163085938
2015-06-09,172.95103454589844
2015-06-10,175.0251922607422
2015-06-11,175.58944702148438
2015-06-12,174.2453155517578
2015-06-15,173.4985809326172
2015-06-16,174.4444122314453
2015-06-17,174.72653198242188
2015-06-18,176.5435791015625
2015-06-19,175.75985717773438
2015-06-22,176.66030883789062
2015-06-23,176.785400390625
2015-06-24,175.50144958496094
2015-06-25,174.96778869628906
2015-06-26,174.9344940185547
2015-06-29,171.2660369873047
2015-06-30,171.62457275390625
2015-07-01,173.00022888183594
2015-07-02,172.8418426513672
2015-07-06,172.34991455078125
2015-07-07,173.43373107910156
2015-07-08,170.52403259277344
2015-07-09,170.83253479003906
2015-07-10,172.98355102539062
2015-07-13,174.8927764892578
2015-07-14,175.65142822265625
2015-07-15,175.5931396484375
2015-07-16,177.0021514892578
2015-07-17,177.15225219726562
2015-07-20,177.243896484375
2015-07-21,176.5435791015625
2015-07-22,176.2267303466797
2015-07-23,175.23464965820312
2015-07-24,173.4171142578125
2015-07-27,172.4082794189453
2015-07-28,174.52597045898438
2015-07-29,175.72654724121094
2015-07-30,175.76824951171875
2015-07-31,175.50144958496094
2015-08-03,174.909423828125
2015-08-04,174.56761169433594
2015-08-05,175.1429443359375
2015-08-06,173.70892333984375
2015-08-07,173.37542724609375
2015-08-10,175.55978393554688
2015-08-11,173.97564697265625
2015-08-12,174.18409729003906
2015-08-13,173.9673309326172
2015-08-14,174.6009521484375
2015-08-17,175.57644653320312
2015-08-18,175.06788635253906
2015-08-19,173.68385314941406
2015-08-20,170.0570831298828
2015-08-21,164.93797302246094
2015-08-24,157.99301147460938
2015-08-25,156.1336669921875
2015-08-26,162.12831115722656
2015-08-27,166.13861083984375
2015-08-28,166.1468505859375
2015-08-31,164.80455017089844
2015-09-01,159.88555908203125
2015-09-02,162.92034912109375
2015-09-03,163.0370330810547
2015-09-04,160.56919860839844
2015-09-08,164.6044921875
2015-09-09,162.40342712402344
2015-09-10,163.28717041015625
2015-09-11,164.02920532226562
2015-09-14,163.42059326171875
2015-09-15,165.4632110595703
2015-09-16,166.89724731445312
2015-09-17,166.5220947265625
2015-09-18,163.80084228515625
2015-09-21,164.6472625732422
2015-09-22,162.51023864746094
2015-09-23,162.25047302246094
2015-09-24,161.6637725830078
2015-09-25,161.6218719482422
2015-09-28,157.56561279296875
2015-09-29,157.65780639648438
2015-09-30,160.59947204589844
2015-10-01,161.0184783935547
2015-10-02,163.42372131347656
2015-10-05,166.33180236816406
2015-10-06,165.76194763183594
2015-10-07,167.11962890625
2015-10-08,168.62814331054688
2015-10-09,168.7286834716797
2015-10-12,168.88795471191406
2015-10-13,167.8236083984375
2015-10-14,167.01907348632812
2015-10-15,169.5835723876953
2015-10-16,170.35455322265625
2015-10-19,170.4383544921875
2015-10-20,170.22052001953125
2015-10-21,169.1645050048828
2015-10-22,172.0223388671875
2015-10-23,173.90798950195312
2015-10-26,173.48056030273438
2015-10-27,173.14535522460938
2015-10-28,175.11477661132812
2015-10-29,175.0143280029297
2015-10-30,174.25994873046875
2015-11-02,176.3216094970703
2015-11-03,176.8328857421875
2015-11-04,176.29649353027344
2015-11-05,176.1204833984375
2015-11-06,176.02830505371094
2015-11-09,174.3856964111328
2015-11-10,174.78793334960938
2015-11-11,174.10076904296875
2015-11-12,171.6703338623047
2015-11-13,169.74270629882812
2015-11-16,172.3240203857422
2015-11-17,172.19833374023438
2015-11-18,174.93043518066406
2015-11-19,174.7796173095703
2015-11-20,175.41653442382812
2015-11-23,175.21543884277344
2015-11-24,175.4500732421875
2015-11-25,175.4249267578125
2015-11-27,175.62608337402344
2015-11-30,174.8969268798828
2015-12-01,176.56466674804688
2015-12-02,174.76280212402344
2015-12-03,172.315673828125
2015-12-04,175.67630004882812
2015-12-07,174.6119842529297
2015-12-08,173.4386749267578
2015-12-09,172.0894012451172
2015-12-10,172.53359985351562
2015-12-11,169.1896514892578
2015-12-14,170.0444793701172
2015-12-15,171.82960510253906
2015-12-16,174.34381103515625
2015-12-17,171.6870574951172
2015-12-18,168.62850952148438
2015-12-21,170.01953125
2015-12-22,171.5623321533203
2015-12-23,173.68687438964844
2015-12-24,173.40016174316406
2015-12-28,173.00396728515625
2015-12-29,174.8502655029297
2015-12-30,173.6109619140625
2015-12-31,171.87428283691406
2016-01-04,169.4715576171875
2016-01-05,169.7582244873047
2016-01-06,167.61679077148438
2016-01-07,163.595458984375
2016-01-08,161.7997283935547
2016-01-11,161.95994567871094
2016-01-12,163.26669311523438
2016-01-13,159.19467163085938
2016-01-14,161.80816650390625
2016-01-15,158.33474731445312
2016-01-19,158.5455322265625
2016-01-20,156.51376342773438
2016-01-21,157.3905487060547
2016-01-22,160.6194305419922
2016-01-25,158.19142150878906
2016-01-26,160.34962463378906
2016-01-27,158.60452270507812
2016-01-28,159.43069458007812
2016-01-29,163.3172607421875
2016-02-01,163.2582244873047
2016-02-02,160.31594848632812
2016-02-03,161.27703857421875
2016-02-04,161.52993774414062
2016-02-05,158.45277404785156
2016-02-08,156.31982421875
2016-02-09,156.32826232910156
2016-02-10,156.19338989257812
2016-02-11,154.16160583496094
2016-02-12,157.33993530273438
2016-02-16,159.99559020996094
2016-02-17,162.60902404785156
2016-02-18,161.94309997558594
2016-02-19,161.8671875
2016-02-22,164.2108612060547
2016-02-23,162.1369171142578
2016-02-24,162.87881469726562
2016-02-25,164.85162353515625
2016-02-26,164.47219848632812
2016-02-29,163.18234252929688
2016-03-01,167.01824951171875
2016-03-02,167.7686004638672
2016-03-03,168.42620849609375
2016-03-04,168.97415161132812
2016-03-07,169.1090087890625
2016-03-08,167.26272583007812
2016-03-09,168.0889434814453
2016-03-10,168.2238006591797
2016-03-11,170.9384765625
2016-03-14,170.71923828125
2016-03-15,170.4411163330078
2016-03-16,171.4274139404297
2016-03-17,172.51499938964844
2016-03-18,173.19288635253906
2016-03-21,173.43865966796875
2016-03-22,173.34544372558594
2016-03-23,172.201416015625
2016-03-24,172.1251678466797
2016-03-28,172.22689819335938
2016-03-29,173.81996154785156
2016-03-30,174.58267211914062
2016-03-31,174.1589813232422
2016-04-01,175.3453369140625
2016-04-04,174.77752685546875
2016-04-05,173.03195190429688
2016-04-06,174.92160034179688
2016-04-07,172.82850646972656
2016-04-08,173.29457092285156
2016-04-11,172.88783264160156
2016-04-12,174.49790954589844
2016-04-13,176.2605743408203
2016-04-14,176.26901245117188
2016-04-15,176.07411193847656
2016-04-18,177.31130981445312
2016-04-19,177.87059020996094
2016-04-20,178.0400848388672
2016-04-21,177.0824737548828
2016-04-22,177.0824737548828
2016-04-25,176.77743530273438
2016-04-26,177.04013061523438
2016-04-27,177.40451049804688
2016-04-28,175.79446411132812
2016-04-29,174.8453826904297
2016-05-02,176.23507690429688
2016-05-03,174.70127868652344
2016-05-04,173.72674560546875
2016-05-05,173.69285583496094
2016-05-06,174.32839965820312
2016-05-09,174.47250366210938
2016-05-10,176.641845703125
2016-05-11,174.9894256591797
2016-05-12,175.04025268554688
2016-05-13,173.5149383544922
2016-05-16,175.2266845703125
2016-05-17,173.59115600585938
2016-05-18,173.6420440673828
2016-05-19,173.04037475585938
2016-05-20,174.13348388671875
2016-05-23,173.89627075195312
2016-05-24,176.15036010742188
2016-05-25,177.34515380859375
2016-05-26,177.39605712890625
2016-05-27,178.15872192382812
2016-05-31,177.8197479248047
2016-06-01,178.18411254882812
2016-06-02,178.72647094726562
2016-06-03,178.192626953125
2016-06-06,179.099365234375
2016-06-07,179.3789520263672
2016-06-08,179.9636993408203
2016-06-09,179.71795654296875
2016-06-10,178.0146942138672
2016-06-13,176.641845703125
2016-06-14,176.2943878173828
2016-06-15,176.0487060546875
2016-06-16,176.5740203857422
2016-06-17,175.91647338867188
2016-06-20,177.04937744140625
2016-06-21,177.5519561767578
2016-06-22,177.2622833251953
2016-06-23,179.5707244873047
2016-06-24,173.1224822998047
2016-06-27,170.02194213867188
2016-06-28,173.0884246826172
2016-06-29,176.03573608398438
2016-06-30,178.4378204345703
2016-07-01,178.8126220703125
2016-07-05,177.5264129638672
2016-07-06,178.59120178222656
2016-07-07,178.4803466796875
2016-07-08,181.1380615234375
2016-07-11,181.7769317626953
2016-07-12,183.0972442626953
2016-07-13,183.0717010498047
2016-07-14,184.09390258789062
2016-07-15,183.8468475341797
2016-07-18,184.34088134765625
2016-07-19,184.15350341796875
2016-07-20,184.92013549804688
2016-07-21,184.2216339111328
2016-07-22,185.04794311523438
2016-07-25,184.54534912109375
2016-07-26,184.63050842285156
2016-07-27,184.4346160888672
2016-07-28,184.6475372314453
2016-07-29,184.94569396972656
2016-08-01,184.79232788085938
2016-08-02,183.60830688476562
2016-08-03,184.14495849609375
2016-08-04,184.34088134765625
2016-08-05,185.84857177734375
2016-08-08,185.7378692626953
2016-08-09,185.84857177734375
2016-08-10,185.38861083984375
2016-08-11,186.2489776611328
2016-08-12,186.08714294433594
2016-08-15,186.62374877929688
2016-08-16,185.6612548828125
2016-08-17,186.010498046875
2016-08-18,186.42784118652344
2016-08-19,186.15524291992188
2016-08-22,186.146728515625
2016-08-23,186.5215301513672
2016-08-24,185.56756591796875
2016-08-25,185.43971252441406
2016-08-26,185.09046936035156
2016-08-29,186.00193786621094
2016-08-30,185.69529724121094
2016-08-31,185.16714477539062
2016-09-01,185.17564392089844
2016-09-02,186.010498046875
2016-09-06,186.5726776123047
2016-09-07,186.55563354492188
2016-09-08,186.12966918945312
2016-09-09,181.67471313476562
2016-09-12,184.28126525878906
2016-09-13,181.63214111328125
2016-09-14,181.56399536132812
2016-09-15,183.3783721923828
2016-09-16,182.66949462890625
2016-09-19,182.70372009277344
2016-09-20,182.7123260498047
2016-09-21,184.76695251464844
2016-09-22,185.9313201904297
2016-09-23,184.9125213623047
2016-09-26,183.41433715820312
2016-09-27,184.5529327392578
2016-09-28,185.46902465820312
2016-09-29,183.7909698486328
2016-09-30,185.1779022216797
2016-10-03,184.7327117919922
2016-10-04,183.7909698486328
2016-10-05,184.6042938232422
2016-10-06,184.7327117919922
2016-10-07,184.09921264648438
2016-10-10,185.05799865722656
2016-10-11,182.72084045410156
2016-10-12,182.96058654785156
2016-10-13,182.3612518310547
2016-10-14,182.45542907714844
2016-10-17,181.8218994140625
2016-10-18,182.96058654785156
2016-10-19,183.44854736328125
2016-10-20,183.1061248779297
2016-10-21,183.1917266845703
2016-10-24,183.97073364257812
2016-10-25,183.35440063476562
2016-10-26,182.98622131347656
2016-10-27,182.4982452392578
2016-10-28,181.9589080810547
2016-10-31,181.96742248535156
2016-11-01,180.64901733398438
2016-11-02,179.5618133544922
2016-11-03,178.73988342285156
2016-11-04,178.54302978515625
2016-11-07,182.48118591308594
2016-11-08,183.30300903320312
2016-11-09,185.24639892578125
2016-11-10,185.70867919921875
2016-11-11,185.28060913085938
2016-11-14,185.42620849609375
2016-11-15,186.87301635742188
2016-11-16,186.52194213867188
2016-11-17,187.48086547851562
2016-11-18,187.06137084960938
2016-11-21,188.47390747070312
2016-11-22,188.84207153320312
2016-11-23,188.9447784423828
2016-11-25,189.64682006835938
2016-11-28,188.7564239501953
2016-11-29,189.12457275390625
2016-11-30,188.67088317871094
2016-12-01,187.9774169921875
2016-12-02,188.07156372070312
2016-12-05,189.2016143798828
2016-12-06,189.80099487304688
2016-12-07,192.28366088867188
2016-12-08,192.75453186035156
2016-12-09,193.91883850097656
2016-12-12,193.69625854492188
2016-12-13,194.98902893066406
2016-12-14,193.3794708251953
2016-12-15,194.1757049560547
2016-12-16,193.79588317871094
2016-12-19,194.21788024902344
2016-12-20,194.96710205078125
2016-12-21,194.42459106445312
2016-12-22,194.0886993408203
2016-12-23,194.37294006347656
2016-12-27,194.8551788330078
2016-12-28,193.24472045898438
2016-12-29,193.20172119140625
2016-12-30,192.49551391601562
2017-01-03,193.96812438964844
2017-01-04,195.1221160888672
2017-01-05,194.96710205078125
2017-01-06,195.6646728515625
2017-01-09,195.01878356933594
2017-01-10,195.01878356933594
2017-01-11,195.5699005126953
2017-01-12,195.0790557861328
2017-01-13,195.52685546875
2017-01-17,194.837890625
2017-01-18,195.2684783935547
2017-01-19,194.545166015625
2017-01-20,195.2598419189453
2017-01-23,194.75181579589844
2017-01-24,196.00047302246094
2017-01-25,197.69699096679688
2017-01-26,197.49032592773438
2017-01-27,197.18028259277344
2017-01-30,195.9573974609375
2017-01-31,195.94020080566406
2017-02-01,196.01773071289062
2017-02-02,196.1468963623047
2017-02-03,197.49888610839844
2017-02-06,197.1458282470703
2017-02-07,197.1544189453125
2017-02-08,197.4127960205078
2017-02-09,198.58399963378906
2017-02-10,199.3676300048828
2017-02-13,200.4527130126953
2017-02-14,201.25357055664062
2017-02-15,202.3042449951172
2017-02-16,202.1319580078125
2017-02-17,202.4506072998047
2017-02-21,203.65628051757812
2017-02-22,203.4754180908203
2017-02-23,203.61314392089844
2017-02-24,203.87144470214844
2017-02-27,204.1901397705078
2017-02-28,203.63902282714844
2017-03-01,206.48944091796875
2017-03-02,205.18902587890625
2017-03-03,205.3182830810547
2017-03-06,204.70680236816406
2017-03-07,204.09542846679688
2017-03-08,203.7165069580078
2017-03-09,203.97479248046875
2017-03-10,204.6896209716797
2017-03-13,204.79295349121094
2017-03-14,204.00930786132812
2017-03-15,205.77464294433594
2017-03-16,205.36996459960938
2017-03-17,205.0092315673828
2017-03-20,204.7843780517578
2017-03-21,202.1550750732422
2017-03-22,202.6307830810547
2017-03-23,202.41448974609375
2017-03-24,202.2675018310547
2017-03-27,202.0599365234375
2017-03-28,203.53024291992188
2017-03-29,203.72055053710938
2017-03-30,204.3692169189453
2017-03-31,203.8935089111328
2017-04-03,203.53895568847656
2017-04-04,203.6686248779297
2017-04-05,203.063232421875
2017-04-06,203.63400268554688
2017-04-07,203.42642211914062
2017-04-10,203.54754638671875
2017-04-11,203.305419921875
2017-04-12,202.41448974609375
2017-04-13,201.099853515625
2017-04-17,202.881591796875
2017-04-18,202.27615356445312
2017-04-19,201.90423583984375
2017-04-20,203.54754638671875
2017-04-21,202.89886474609375
2017-04-24,205.13034057617188
2017-04-25,206.3239288330078
2017-04-26,206.1942138671875
2017-04-27,206.36717224121094
2017-04-28,205.9173583984375
2017-05-01,206.43634033203125
2017-05-02,206.51417541503906
2017-05-03,206.2633819580078
2017-05-04,206.5055694580078
2017-05-05,207.31857299804688
2017-05-08,207.2840118408203
2017-05-09,207.09365844726562
2017-05-10,207.46563720703125
2017-05-11,207.0417938232422
2017-05-12,206.69581604003906
2017-05-15,207.83749389648438
2017-05-16,207.64723205566406
2017-05-17,203.96273803710938
2017-05-18,204.7843780517578
2017-05-19,206.11630249023438
2017-05-22,207.16287231445312
2017-05-23,207.62130737304688
2017-05-24,208.10562133789062
2017-05-25,209.10028076171875
2017-05-26,209.05702209472656
2017-05-30,208.8754119873047
2017-05-31,208.82354736328125
2017-06-01,210.484130859375
2017-06-02,211.18472290039062
2017-06-05,211.02903747558594
2017-06-06,210.35435485839844
2017-06-07,210.74362182617188
2017-06-08,210.847412109375
2017-06-09,210.52735900878906
2017-06-12,210.484130859375
2017-06-13,211.51341247558594
2017-06-14,211.2452850341797
2017-06-15,210.83872985839844
2017-06-16,210.8848114013672
2017-06-19,212.6404571533203
2017-06-20,211.2063446044922
2017-06-21,211.15423583984375
2017-06-22,211.05860900878906
2017-06-23,211.31069946289062
2017-06-26,211.44976806640625
2017-06-27,209.74623107910156
2017-06-28,211.62355041503906
2017-06-29,209.763671875
2017-06-30,210.15480041503906
2017-07-03,210.5110626220703
2017-07-05,210.99778747558594
2017-07-06,209.06829833984375
2017-07-07,210.42413330078125
2017-07-10,210.650146484375
2017-07-11,210.49371337890625
2017-07-12,212.07546997070312
2017-07-13,212.43190002441406
2017-07-14,213.4226837158203
2017-07-17,213.39659118652344
2017-07-18,213.5095672607422
2017-07-19,214.66554260253906
2017-07-20,214.76112365722656
2017-07-21,214.5699462890625
2017-07-24,214.5177459716797
2017-07-25,215.0391845703125
2017-07-26,215.0479278564453
2017-07-27,214.8480224609375
2017-07-28,214.59596252441406
2017-07-31,214.4742889404297
2017-08-01,214.9523468017578
2017-08-02,215.05661010742188
2017-08-03,214.63941955566406
2017-08-04,215.03054809570312
2017-08-07,215.4303436279297
2017-08-08,214.90020751953125
2017-08-09,214.89146423339844
2017-08-10,211.85824584960938
2017-08-11,212.171142578125
2017-08-14,214.27444458007812
2017-08-15,214.24832153320312
2017-08-16,214.62210083007812
2017-08-17,211.2759246826172
2017-08-18,210.94561767578125
2017-08-21,211.11085510253906
2017-08-22,213.31832885742188
2017-08-23,212.55355834960938
2017-08-24,212.0581512451172
2017-08-25,212.55355834960938
2017-08-28,212.56224060058594
2017-08-29,212.8055877685547
2017-08-30,213.81375122070312
2017-08-31,215.10008239746094
2017-09-01,215.40423583984375
2017-09-05,213.8572235107422
2017-09-06,214.58731079101562
2017-09-07,214.5612030029297
2017-09-08,214.3091583251953
2017-09-11,216.5950164794922
2017-09-12,217.3250274658203
2017-09-13,217.42930603027344
2017-09-14,217.35980224609375
2017-09-15,217.65240478515625
2017-09-18,218.11529541015625
2017-09-19,218.3336639404297
2017-09-20,218.4123077392578
2017-09-21,217.8271026611328
2017-09-22,217.87081909179688
2017-09-25,217.42529296875
2017-09-26,217.55633544921875
2017-09-27,218.40357971191406
2017-09-28,218.6656036376953
2017-09-29,219.43423461914062
2017-10-02,220.38623046875
2017-10-03,220.8579559326172
2017-10-04,221.11997985839844
2017-10-05,222.43011474609375
2017-10-06,222.17678833007812
2017-10-09,221.80996704101562
2017-10-10,222.3951873779297
2017-10-11,222.74453735351562
2017-10-12,222.41268920898438
2017-10-13,222.6833953857422
2017-10-16,222.98037719726562
2017-10-17,223.1376190185547
2017-10-18,223.35598754882812
2017-10-19,223.41712951660156
2017-10-20,224.5699920654297
2017-10-23,223.69659423828125
2017-10-24,224.08963012695312
2017-10-25,222.98037719726562
2017-10-26,223.26864624023438
2017-10-27,225.0941162109375
2017-10-30,224.25558471679688
2017-10-31,224.6050262451172
2017-11-01,224.9019317626953
2017-11-02,224.9893341064453
2017-11-03,225.74049377441406
2017-11-06,226.08985900878906
2017-11-07,225.9326171875
2017-11-08,226.3169403076172
2017-11-09,225.4958953857422
2017-11-10,225.4259796142578
2017-11-13,225.6356201171875
2017-11-14,225.11163330078125
2017-11-15,223.98487854003906
2017-11-16,225.8889617919922
2017-11-17,225.22512817382812
2017-11-20,225.60943603515625
2017-11-21,227.0855255126953
2017-11-22,226.88465881347656
2017-11-24,227.40870666503906
2017-11-27,227.29518127441406
2017-11-28,229.6010284423828
2017-11-29,229.46128845214844
2017-11-30,231.47019958496094
2017-12-01,230.98974609375
2017-12-04,230.71031188964844
2017-12-05,229.88055419921875
2017-12-06,229.9242706298828
2017-12-07,230.64923095703125
2017-12-08,231.90695190429688
2017-12-11,232.6056671142578
2017-12-12,233.01620483398438
2017-12-13,232.99002075195312
2017-12-14,232.03797912597656
2017-12-15,233.97027587890625
2017-12-18,235.45387268066406
2017-12-19,234.54966735839844
2017-12-20,234.4267578125
2017-12-21,234.90956115722656
2017-12-22,234.84811401367188
2017-12-26,234.56723022460938
2017-12-27,234.6812744140625
2017-12-28,235.1641845703125
2017-12-29,234.2775115966797
2018-01-02,235.95428466796875
2018-01-03,237.44674682617188
2018-01-04,238.44749450683594
2018-01-05,240.0364990234375
2018-01-08,240.47555541992188
2018-01-09,241.0198211669922
2018-01-10,240.65106201171875
2018-01-11,242.40689086914062
2018-01-12,243.9871368408203
2018-01-16,243.15313720703125
2018-01-17,245.4707489013672
2018-01-18,245.0582275390625
2018-01-19,246.17311096191406
2018-01-22,248.17474365234375
2018-01-23,248.7014617919922
2018-01-24,248.6049346923828
2018-01-25,248.71023559570312
2018-01-26,251.5897674560547
2018-01-29,249.92173767089844
2018-01-30,247.35821533203125
2018-01-31,247.48114013671875
2018-02-01,247.20022583007812
2018-02-02,241.8187255859375
2018-02-05,231.70523071289062
2018-02-06,236.27035522460938
2018-02-07,234.9886016845703
2018-02-08,226.1744384765625
2018-02-09,229.57191467285156
2018-02-12,232.94308471679688
2018-02-13,233.5225372314453
2018-02-14,236.67422485351562
2018-02-15,239.69422912597656
2018-02-16,239.76437377929688
2018-02-20,238.26312255859375
2018-02-21,237.07801818847656
2018-02-22,237.38531494140625
2018-02-23,241.1690216064453
2018-02-26,243.9695587158203
2018-02-27,240.9232635498047
2018-02-28,238.48269653320312
2018-03-01,235.01490783691406
2018-03-02,236.2264862060547
2018-03-05,238.95675659179688
2018-03-06,239.5625
2018-03-07,239.4746856689453
2018-03-08,240.633544921875
2018-03-09,244.82102966308594
2018-03-12,244.5138397216797
2018-03-13,242.93359375
2018-03-14,241.68702697753906
2018-03-15,241.42364501953125
2018-03-16,241.68539428710938
2018-03-19,238.41531372070312
2018-03-20,238.82080078125
2018-03-21,238.36244201660156
2018-03-22,232.40411376953125
2018-03-23,227.450439453125
2018-03-26,233.6732635498047
2018-03-27,229.6980743408203
2018-03-28,229.01947021484375
2018-03-29,231.94573974609375
2018-04-02,226.93922424316406
2018-04-03,229.84791564941406
2018-04-04,232.3070831298828
2018-04-05,234.14048767089844
2018-04-06,228.92239379882812
2018-04-09,230.0506591796875
2018-04-10,233.70855712890625
2018-04-11,232.4833984375
2018-04-12,234.3960723876953
2018-04-13,233.70855712890625
2018-04-16,235.63002014160156
2018-04-17,238.1509552001953
2018-04-18,238.3272247314453
2018-04-19,237.00506591796875
2018-04-20,234.9954376220703
2018-04-23,234.96018981933594
2018-04-24,231.7959442138672
2018-04-25,232.36878967285156
2018-04-26,234.73098754882812
2018-04-27,234.9513702392578
2018-04-30,233.14451599121094
2018-05-01,233.5587158203125
2018-05-02,231.98980712890625
2018-05-03,231.47860717773438
2018-05-04,234.47540283203125
2018-05-07,235.26866149902344
2018-05-08,235.26866149902344
2018-05-09,237.5427703857422
2018-05-10,239.7639923095703
2018-05-11,240.49546813964844
2018-05-14,240.6100616455078
2018-05-15,238.95298767089844
2018-05-16,239.95785522460938
2018-05-17,239.75509643554688
2018-05-18,239.15579223632812
2018-05-21,240.95384216308594
2018-05-22,240.2840118408203
2018-05-23,240.94503784179688
2018-05-24,240.45140075683594
2018-05-25,239.8785400390625
2018-05-29,237.11964416503906
2018-05-30,240.2840118408203
2018-05-31,238.8120574951172
2018-06-01,241.1566162109375
2018-06-04,242.30245971679688
2018-06-05,242.47869873046875
2018-06-06,244.5059356689453
2018-06-07,244.4795684814453
2018-06-08,245.20230102539062
2018-06-11,245.5284423828125
2018-06-12,245.84580993652344
2018-06-13,245.06121826171875
2018-06-14,245.67822265625
2018-06-15,245.3647918701172
2018-06-18,244.8601531982422
2018-06-19,243.92169189453125
2018-06-20,244.3378448486328
2018-06-21,242.80601501464844
2018-06-22,243.24880981445312
2018-06-25,239.93751525878906
2018-06-26,240.46865844726562
2018-06-27,238.47654724121094
2018-06-28,239.84010314941406
2018-06-29,240.1853485107422
2018-07-02,240.69886779785156
2018-07-03,239.8489227294922
2018-07-05,241.8056182861328
2018-07-06,243.85086059570312
2018-07-09,246.0465850830078
2018-07-10,246.93191528320312
2018-07-11,245.12576293945312
2018-07-12,247.3480987548828
2018-07-13,247.54283142089844
2018-07-16,247.32150268554688
2018-07-17,248.32203674316406
2018-07-18,248.84432983398438
2018-07-19,247.9059295654297
2018-07-20,247.62249755859375
2018-07-23,248.0830078125
2018-07-24,249.33131408691406
2018-07-25,251.4562225341797
2018-07-26,250.86306762695312
2018-07-27,249.1631317138672
2018-07-30,247.8616485595703
2018-07-31,249.0833740234375
2018-08-01,248.6673126220703
2018-08-02,250.02194213867188
2018-08-03,251.09323120117188
2018-08-06,252.01400756835938
2018-08-07,252.84632873535156
2018-08-08,252.74000549316406
2018-08-09,252.39476013183594
2018-08-10,250.70367431640625
2018-08-13,249.76522827148438
2018-08-14,251.35882568359375
2018-08-15,249.48190307617188
2018-08-16,251.50050354003906
2018-08-17,252.3858642578125
2018-08-20,252.92596435546875
2018-08-21,253.51914978027344
2018-08-22,253.36865234375
2018-08-23,253.0322723388672
2018-08-24,254.55508422851562
2018-08-27,256.5648193359375
2018-08-28,256.6888732910156
2018-08-29,258.07000732421875
2018-08-30,257.02532958984375
2018-08-31,257.0341796875
2018-09-04,256.59149169921875
2018-09-05,255.90086364746094
2018-09-06,255.13058471679688
2018-09-07,254.63475036621094
2018-09-10,255.077392578125
2018-09-11,255.91854858398438
2018-09-12,255.9805145263672
2018-09-13,257.4944763183594
2018-09-14,257.538818359375
2018-09-17,256.17529296875
2018-09-18,257.5653381347656
2018-09-19,257.8398742675781
2018-09-20,259.9292907714844
2018-09-21,259.6917724609375
2018-09-24,258.8291320800781
2018-09-25,258.5890808105469
2018-09-26,257.815185546875
2018-09-27,258.5356750488281
2018-09-28,258.562255859375
2018-10-01,259.4605407714844
2018-10-02,259.3093566894531
2018-10-03,259.45166015625
2018-10-04,257.4239501953125
2018-10-05,255.98300170898438
2018-10-08,255.98300170898438
2018-10-09,255.60951232910156
2018-10-10,247.51612854003906
2018-10-11,242.06419372558594
2018-10-12,245.42611694335938
2018-10-15,244.0475616455078
2018-10-16,249.38377380371094
2018-10-17,249.42835998535156
2018-10-18,245.8262481689453
2018-10-19,245.69293212890625
2018-10-22,244.59002685546875
2018-10-23,243.3448944091797
2018-10-24,235.971923828125
2018-10-25,240.20538330078125
2018-10-26,235.98080444335938
2018-10-29,234.67340087890625
2018-10-30,238.1509552001953
2018-10-31,240.69454956054688
2018-11-01,243.25596618652344
2018-11-02,241.81515502929688
2018-11-05,243.1492462158203
2018-11-06,244.6879425048828
2018-11-07,249.9263916015625
2018-11-08,249.4727783203125
2018-11-09,247.03585815429688
2018-11-12,242.41993713378906
2018-11-13,241.96633911132812
2018-11-14,240.31210327148438
2018-11-15,242.8201904296875
2018-11-16,243.4515838623047
2018-11-19,239.33375549316406
2018-11-20,234.90463256835938
2018-11-21,235.70504760742188
2018-11-23,234.13084411621094
2018-11-26,237.91075134277344
2018-11-27,238.71121215820312
2018-11-28,244.20755004882812
2018-11-29,243.67396545410156
2018-11-30,245.15927124023438
2018-12-03,248.40557861328125
2018-12-04,240.35658264160156
2018-12-06,239.99197387695312
2018-12-07,234.4154510498047
2018-12-10,234.86019897460938
2018-12-11,234.91357421875
2018-12-12,236.09642028808594
2018-12-13,236.01641845703125
2018-12-14,231.6583709716797
2018-12-17,227.1136474609375
2018-12-18,226.8645782470703
2018-12-19,223.46714782714844
2018-12-20,219.82958984375
2018-12-21,215.32534790039062
2018-12-24,209.63583374023438
2018-12-26,220.22763061523438
2018-12-27,221.91839599609375
2018-12-28,221.6321258544922
2018-12-31,223.57337951660156
2019-01-02,223.80592346191406
2019-01-03,218.46534729003906
2019-01-04,225.782958984375
2019-01-07,227.563232421875
2019-01-08,229.70123291015625
2019-01-09,230.77476501464844
2019-01-10,231.5888214111328
2019-01-11,231.67822265625
2019-01-14,230.26480102539062
2019-01-15,232.90390014648438
2019-01-16,233.46746826171875
2019-01-17,235.23867797851562
2019-01-18,238.36968994140625
2019-01-22,235.14926147460938
2019-01-23,235.64125061035156
2019-01-24,235.76649475097656
2019-01-25,237.76144409179688
2019-01-28,235.954345703125
2019-01-29,235.64125061035156
2019-01-30,239.3716278076172
2019-01-31,241.47396850585938
2019-02-01,241.59014892578125
2019-02-04,243.2898712158203
2019-02-05,244.3097381591797
2019-02-06,243.9876708984375
2019-02-07,241.66183471679688
2019-02-08,241.95704650878906
2019-02-11,242.09112548828125
2019-02-12,245.20436096191406
2019-02-13,246.00048828125
2019-02-14,245.4547882080078
2019-02-15,248.1296844482422
2019-02-19,248.55894470214844
2019-02-20,249.0599365234375
2019-02-21,248.17433166503906
2019-02-22,249.7130126953125
2019-02-25,250.05288696289062
2019-02-26,249.8740234375
2019-02-27,249.76658630371094
2019-02-28,249.30152893066406
2019-03-01,250.85801696777344
2019-03-04,249.9456024169922
2019-03-05,249.60562133789062
2019-03-06,248.09384155273438
2019-03-07,246.0184326171875
2019-03-08,245.5264129638672
2019-03-11,249.08680725097656
2019-03-12,250.02609252929688
2019-03-13,251.68106079101562
2019-03-14,251.52012634277344
2019-03-15,252.76275634765625
2019-03-18,253.67918395996094
2019-03-19,253.74209594726562
2019-03-20,252.97830200195312
2019-03-21,255.8356475830078
2019-03-22,250.91180419921875
2019-03-25,250.72303771972656
2019-03-26,252.59197998046875
2019-03-27,251.27114868164062
2019-03-28,252.22360229492188
2019-03-29,253.81396484375
2019-04-01,256.8240051269531
2019-04-02,256.9498596191406
2019-04-03,257.3540954589844
2019-04-04,258.03692626953125
2019-04-05,259.2859191894531
2019-04-08,259.4836730957031
2019-04-09,258.15386962890625
2019-04-10,259.0343322753906
2019-04-11,258.9625244140625
2019-04-12,260.7146301269531
2019-04-15,260.5438537597656
2019-04-16,260.7146301269531
2019-04-17,260.0766906738281
2019-04-18,260.5887756347656
2019-04-22,260.81341552734375
2019-04-23,263.15863037109375
2019-04-24,262.57464599609375
2019-04-25,262.41278076171875
2019-04-26,263.6347351074219
2019-04-29,264.048095703125
2019-04-30,264.1828308105469
2019-05-01,262.1971435546875
2019-05-02,261.63104248046875
2019-05-03,264.1917724609375
2019-05-06,263.10455322265625
2019-05-07,258.71087646484375
2019-05-08,258.3515625
2019-05-09,257.56976318359375
2019-05-10,258.8636474609375
2019-05-13,252.35836791992188
2019-05-14,254.640625
2019-05-15,256.1320495605469
2019-05-16,258.50421142578125
2019-05-17,256.8329162597656
2019-05-20,255.13487243652344
2019-05-21,257.4349670410156
2019-05-22,256.6442565917969
2019-05-23,253.50848388671875
2019-05-24,254.0835723876953
2019-05-28,251.72035217285156
2019-05-29,250.03109741210938
2019-05-30,250.71405029296875
2019-05-31,247.33560180664062
2019-06-03,246.70669555664062
2019-06-04,252.06187438964844
2019-06-05,254.24520874023438
2019-06-06,255.89849853515625
2019-06-07,258.45928955078125
2019-06-10,259.6453857421875
2019-06-11,259.58245849609375
2019-06-12,259.124267578125
2019-06-13,260.19342041015625
2019-06-14,259.90594482421875
2019-06-17,260.0047607421875
2019-06-18,262.7272644042969
2019-06-19,263.32037353515625
2019-06-20,265.8362121582031
2019-06-21,265.44976806640625
2019-06-24,265.1246643066406
2019-06-25,262.5244140625
2019-06-26,262.2625427246094
2019-06-27,263.1925354003906
2019-06-28,264.54681396484375
2019-07-01,266.94854736328125
2019-07-02,267.6437072753906
2019-07-03,269.7835693359375
2019-07-05,269.47662353515625
2019-07-08,267.9960021972656
2019-07-09,268.3299560546875
2019-07-10,269.61212158203125
2019-07-11,270.2441101074219
2019-07-12,271.45391845703125
2019-07-15,271.5442810058594
2019-07-16,270.6684265136719
2019-07-17,268.82647705078125
2019-07-18,269.81072998046875
2019-07-19,268.3118591308594
2019-07-22,268.9710388183594
2019-07-23,270.89422607421875
2019-07-24,272.16729736328125
2019-07-25,270.8670654296875
2019-07-26,272.68182373046875
2019-07-29,272.1853332519531
2019-07-30,271.5171203613281
2019-07-31,268.546630859375
2019-08-01,266.2080993652344
2019-08-02,264.2037658691406
2019-08-05,256.25830078125
2019-08-06,259.85186767578125
2019-08-07,260.0052795410156
2019-08-08,265.10662841796875
2019-08-09,263.3008728027344
2019-08-12,260.09564208984375
2019-08-13,264.1405334472656
2019-08-14,256.3305358886719
2019-08-15,257.0077209472656
2019-08-16,260.79986572265625
2019-08-19,263.9419860839844
2019-08-20,261.9194641113281
2019-08-21,264.0503234863281
2019-08-22,263.968994140625
2019-08-23,257.1883544921875
2019-08-26,260.03240966796875
2019-08-27,259.01214599609375
2019-08-28,260.8359680175781
2019-08-29,264.1676025390625
2019-08-30,264.0503234863281
2019-09-03,262.5062561035156
2019-09-04,265.4858703613281
2019-09-05,268.8988037109375
2019-09-06,269.1064147949219
2019-09-09,269.24188232421875
2019-09-10,269.1786804199219
2019-09-11,271.0928039550781
2019-09-12,272.03173828125
2019-09-13,271.85125732421875
2019-09-16,271.01153564453125
2019-09-17,271.69769287109375
2019-09-18,271.8602294921875
2019-09-19,271.84222412109375
2019-09-20,270.5578308105469
2019-09-23,270.4942932128906
2019-09-24,268.3717956542969
2019-09-25,269.9591369628906
2019-09-26,269.3967590332031
2019-09-27,267.94549560546875
2019-09-30,269.18804931640625
2019-10-01,265.9861145019531
2019-10-02,261.28765869140625
2019-10-03,263.42828369140625
2019-10-04,266.9930114746094
2019-10-07,265.8410949707031
2019-10-08,261.71392822265625
2019-10-09,264.19927978515625
2019-10-10,265.9861145019531
2019-10-11,268.7436828613281
2019-10-14,268.4443359375
2019-10-15,271.10205078125
2019-10-16,270.6666564941406
2019-10-17,271.4648742675781
2019-10-18,270.2765808105469
2019-10-21,272.10882568359375
2019-10-22,271.22003173828125
2019-10-23,272.00909423828125
2019-10-24,272.45355224609375
2019-10-25,273.5691833496094
2019-10-28,275.11114501953125
2019-10-29,275.02960205078125
2019-10-30,275.8732604980469
2019-10-31,275.13836669921875
2019-11-01,277.687255859375
2019-11-04,278.802978515625
2019-11-05,278.4945373535156
2019-11-06,278.5580139160156
2019-11-07,279.5376892089844
2019-11-08,280.2270202636719
2019-11-11,279.69183349609375
2019-11-12,280.281494140625
2019-11-13,280.3722229003906
2019-11-14,280.7803039550781
2019-11-15,282.8121032714844
2019-11-18,283.020751953125
2019-11-19,282.939208984375
2019-11-20,281.886962890625
2019-11-21,281.433349609375
2019-11-22,282.0592956542969
2019-11-25,284.24530029296875
2019-11-26,284.88934326171875
2019-11-27,286.1591491699219
2019-11-29,285.097900390625
2019-12-02,282.6761474609375
2019-12-03,280.7803039550781
2019-12-04,282.51287841796875
2019-12-05,283.020751953125
2019-12-06,285.60589599609375
2019-12-09,284.7079162597656
2019-12-10,284.3904724121094
2019-12-11,285.19769287109375
2019-12-12,287.6559143066406
2019-12-13,287.82818603515625
2019-12-16,289.80560302734375
2019-12-17,289.86907958984375
2019-12-18,289.8871154785156
2019-12-19,291.0755310058594
2019-12-20,292.35162353515625
2019-12-23,292.7983093261719
2019-12-24,292.80743408203125
2019-12-26,294.3660888671875
2019-12-27,294.2930908203125
2019-12-30,292.6706237792969
2019-12-31,293.381591796875
2020-01-02,296.12530517578125
2020-01-03,293.8829345703125
2020-01-06,295.0041809082031
2020-01-07,294.1747131347656
2020-01-08,295.74237060546875
2020-01-09,297.747802734375
2020-01-10,296.8910217285156
2020-01-13,298.9327697753906
2020-01-14,298.47698974609375
2020-01-15,299.1515197753906
2020-01-16,301.6400451660156
2020-01-17,302.57891845703125
2020-01-21,301.9864196777344
2020-01-22,302.02288818359375
2020-01-23,302.3692932128906
2020-01-24,299.6802673339844
2020-01-27,294.8764343261719
2020-01-28,297.966552734375
2020-01-29,297.7204284667969
2020-01-30,298.68670654296875
2020-01-31,293.2631530761719
2020-02-03,295.4417419433594
2020-02-04,299.94451904296875
2020-02-05,303.40838623046875
2020-02-06,304.4292297363281
2020-02-07,302.80670166015625
2020-02-10,305.0673828125
2020-02-11,305.5959777832031
2020-02-12,307.56488037109375
2020-02-13,307.2367248535156
2020-02-14,307.7289123535156
2020-02-18,306.9359436035156
2020-02-19,308.40350341796875
2020-02-20,307.1364440917969
2020-02-21,303.97344970703125
2020-02-24,293.8921203613281
2020-02-25,284.98651123046875
2020-02-26,283.938232421875
2020-02-27,271.18609619140625
2020-02-28,270.0467834472656
2020-03-02,281.74151611328125
2020-03-03,273.6745300292969
2020-03-04,285.1778869628906
2020-03-05,275.69818115234375
2020-03-06,271.1405334472656
2020-03-09,249.96597290039062
2020-03-10,262.9004821777344
2020-03-11,250.08444213867188
2020-03-12,226.15704345703125
2020-03-13,245.4904022216797
2020-03-16,218.6279754638672
2020-03-17,230.43212890625
2020-03-18,218.76461791992188
2020-03-19,219.22950744628906
2020-03-20,209.78199768066406
2020-03-23,204.41822814941406
2020-03-24,222.939208984375
2020-03-25,226.27662658691406
2020-03-26,239.48892211914062
2020-03-27,232.35556030273438
2020-03-30,239.90151977539062
2020-03-31,236.32568359375
2020-04-01,225.6898193359375
2020-04-02,230.89773559570312
2020-04-03,227.56028747558594
2020-04-06,242.84466552734375
2020-04-07,243.09219360351562
2020-04-08,251.25247192382812
2020-04-09,255.07589721679688
2020-04-13,252.74697875976562
2020-04-14,260.201171875
2020-04-15,254.67245483398438
2020-04-16,255.90097045898438
2020-04-17,262.8143615722656
2020-04-20,258.1840515136719
2020-04-21,250.34469604492188
2020-04-22,255.90097045898438
2020-04-23,255.88265991210938
2020-04-24,259.4494323730469
2020-04-27,263.190185546875
2020-04-28,261.9798889160156
2020-04-29,268.8381652832031
2020-04-30,266.33514404296875
2020-05-01,259.2843322753906
2020-05-04,259.9995422363281
2020-05-05,262.4017639160156
2020-05-06,260.6229553222656
2020-05-07,263.7678527832031
2020-05-08,268.13214111328125
2020-05-11,268.1872253417969
2020-05-12,262.8418273925781
2020-05-13,258.19329833984375
2020-05-14,261.2831115722656
2020-05-15,262.4842224121094
2020-05-18,270.4794616699219
2020-05-19,267.7012634277344
2020-05-20,272.2489318847656
2020-05-21,270.3693542480469
2020-05-22,270.8828430175781
2020-05-26,274.2202453613281
2020-05-27,278.3003234863281
2020-05-28,277.786865234375
2020-05-29,279.02471923828125
2020-06-01,280.1524963378906
2020-06-02,282.47216796875
2020-06-03,286.2314147949219
2020-06-04,285.4794921875
2020-06-05,292.7962341308594
2020-06-08,296.33538818359375
2020-06-09,294.1256408691406
2020-06-10,292.4845275878906
2020-06-11,275.6231384277344
2020-06-12,278.9237976074219
2020-06-15,281.5278015136719
2020-06-16,286.9465637207031
2020-06-17,285.7546691894531
2020-06-18,285.8646240234375
2020-06-19,284.2309265136719
2020-06-22,286.0543518066406
2020-06-23,287.37127685546875
2020-06-24,280.0407409667969
2020-06-25,283.04290771484375
2020-06-26,276.3202819824219
2020-06-29,280.3814392089844
2020-06-30,283.97308349609375
2020-07-01,285.96221923828125
2020-07-02,287.53704833984375
2020-07-06,291.9758605957031
2020-07-07,288.9644470214844
2020-07-08,291.1746520996094
2020-07-09,289.5169982910156
2020-07-10,292.4731140136719
2020-07-13,289.9405822753906
2020-07-14,293.69793701171875
2020-07-15,296.396240234375
2020-07-16,295.4200134277344
2020-07-17,296.2764892578125
2020-07-20,298.6708984375
2020-07-21,299.3063049316406
2020-07-22,301.010009765625
2020-07-23,297.4184875488281
2020-07-24,295.5029602050781
2020-07-27,297.6578674316406
2020-07-28,295.77001953125
2020-07-29,299.4076232910156
2020-07-30,298.3393249511719
2020-07-31,300.6968688964844
2020-08-03,302.7873229980469
2020-08-04,303.95697021484375
2020-08-05,305.8448181152344
2020-08-06,307.8892517089844
2020-08-07,308.1102600097656
2020-08-10,309.03118896484375
2020-08-11,306.4801330566406
2020-08-12,310.7532653808594
2020-08-13,310.1914978027344
2020-08-14,310.20068359375
2020-08-17,311.1861572265625
2020-08-18,311.8583679199219
2020-08-19,310.5599060058594
2020-08-20,311.52685546875
2020-08-21,312.63201904296875
2020-08-24,315.7999267578125
2020-08-25,316.9048767089844
2020-08-26,320.0821228027344
2020-08-27,320.7820129394531
2020-08-28,322.85400390625
2020-08-31,321.6845397949219
2020-09-01,324.7142028808594
2020-09-02,329.4110412597656
2020-09-03,318.0745849609375
2020-09-04,315.4775390625
2020-09-08,306.8577880859375
2020-09-09,312.9173889160156
2020-09-10,307.4840393066406
2020-09-11,307.64056396484375
2020-09-14,311.6925964355469
2020-09-15,313.2673645019531
2020-09-16,312.024169921875
2020-09-17,309.2798156738281
2020-09-18,305.7192687988281
2020-09-21,302.3166198730469
2020-09-22,305.39556884765625
2020-09-23,298.3131103515625
2020-09-24,299.10821533203125
2020-09-25,303.9439392089844
2020-09-28,308.9923095703125
2020-09-29,307.3094787597656
2020-09-30,309.6395263671875
2020-10-01,311.6273498535156
2020-10-02,308.6686096191406
2020-10-05,314.14227294921875
2020-10-06,309.676513671875
2020-10-07,315.06689453125
2020-10-08,317.85919189453125
2020-10-09,320.6976623535156
2020-10-12,325.85687255859375
2020-10-13,323.7303771972656
2020-10-14,321.6962585449219
2020-10-15,321.2987060546875
2020-10-16,321.1045837402344
2020-10-19,316.2226867675781
2020-10-20,317.48931884765625
2020-10-21,316.8884582519531
2020-10-22,318.6265869140625
2020-10-23,319.7083740234375
2020-10-26,313.8002014160156
2020-10-27,312.7183837890625
2020-10-28,302.0300598144531
2020-10-29,305.0996398925781
2020-10-30,301.9190673828125
2020-11-02,305.30316162109375
2020-11-03,310.6934814453125
2020-11-04,317.63726806640625
2020-11-05,323.8321228027344
2020-11-06,323.7580871582031
2020-11-09,327.82635498046875
2020-11-10,327.3455810546875
2020-11-11,329.77734375
2020-11-12,326.578125
2020-11-13,331.0994873046875
2020-11-16,335.2323913574219
2020-11-17,333.42938232421875
2020-11-18,329.4166564941406
2020-11-19,330.80364990234375
2020-11-20,328.53826904296875
2020-11-23,330.5076904296875
2020-11-24,335.8333435058594
2020-11-25,335.3156433105469
2020-11-27,336.2494201660156
2020-11-30,334.7608947753906
2020-12-01,338.4222717285156
2020-12-02,339.13421630859375
2020-12-03,339.041748046875
2020-12-04,341.9635009765625
2020-12-07,341.2607727050781
2020-12-08,342.25946044921875
2020-12-09,339.1896667480469
2020-12-10,339.0787658691406
2020-12-11,338.68115234375
2020-12-14,337.1648254394531
2020-12-15,341.72308349609375
2020-12-16,342.25946044921875
2020-12-17,344.1733093261719
2020-12-18,342.79901123046875
2020-12-21,341.5733337402344
2020-12-22,340.9976806640625
2020-12-23,341.30413818359375
2020-12-24,342.63189697265625
2020-12-28,345.5753479003906
2020-12-29,344.9161376953125
2020-12-30,345.4083251953125
2020-12-31,347.1631774902344
2021-01-04,342.43695068359375
2021-01-05,344.7954406738281
2021-01-06,346.85675048828125
2021-01-07,352.0102844238281
2021-01-08,354.01580810546875
2021-01-11,351.6295471191406
2021-01-12,351.7037353515625
2021-01-13,352.6509094238281
2021-01-14,351.4159851074219
2021-01-15,348.8531494140625
2021-01-19,351.5923156738281
2021-01-20,356.4578857421875
2021-01-21,356.7828369140625
2021-01-22,355.52008056640625
2021-01-25,356.92218017578125
2021-01-26,356.36505126953125
2021-01-27,347.6553039550781
2021-01-28,350.6451721191406
2021-01-29,343.62548828125
2021-02-01,349.3453063964844
2021-02-02,354.2851257324219
2021-02-03,354.56365966796875
2021-02-04,358.59356689453125
2021-02-05,360.00494384765625
2021-02-08,362.6048889160156
2021-02-09,362.36334228515625
2021-02-10,362.20550537109375
2021-02-11,362.79052734375
2021-02-12,364.5826416015625
2021-02-16,364.2669677734375
2021-02-17,364.35052490234375
2021-02-18,362.7998046875
2021-02-19,362.1590881347656
2021-02-22,359.37353515625
2021-02-23,359.80999755859375
2021-02-24,363.7746887207031
2021-02-25,355.00933837890625
2021-02-26,353.18011474609375
2021-03-01,361.74127197265625
2021-03-02,358.9186096191406
2021-03-03,354.1644287109375
2021-03-04,349.78173828125
2021-03-05,356.21649169921875
2021-03-08,354.4430236816406
2021-03-09,359.5035705566406
2021-03-10,361.74127197265625
2021-03-11,365.4090881347656
2021-03-12,365.9012145996094
2021-03-15,368.083251953125
2021-03-16,367.6189880371094
2021-03-17,368.8724670410156
2021-03-18,363.5055847167969
2021-03-19,362.8329162597656
2021-03-22,365.73016357421875
2021-03-23,362.8515930175781
2021-03-24,361.00701904296875
2021-03-25,363.03790283203125
2021-03-26,368.8882141113281
2021-03-29,368.7018737792969
2021-03-30,367.7237548828125
2021-03-31,369.2142639160156
2021-04-01,373.20147705078125
2021-04-05,378.5580139160156
2021-04-06,378.33453369140625
2021-04-07,378.7723388671875
2021-04-08,380.5703125
2021-04-09,383.3370666503906
2021-04-12,383.4767761230469
2021-04-13,384.6133117675781
2021-04-14,383.29986572265625
2021-04-15,387.4174499511719
2021-04-16,388.7123718261719
2021-04-19,386.8025817871094
2021-04-20,383.9705505371094
2021-04-21,387.60369873046875
2021-04-22,384.0637512207031
2021-04-23,388.2279357910156
2021-04-26,389.0383605957031
2021-04-27,388.9544982910156
2021-04-28,388.8426818847656
2021-04-29,391.3207702636719
2021-04-30,388.7496032714844
2021-05-03,389.5880126953125
2021-05-04,387.1845703125
2021-05-05,387.3055419921875
2021-05-06,390.3984680175781
2021-05-07,393.2397766113281
2021-05-10,389.34576416015625
2021-05-11,385.8708801269531
2021-05-12,377.67315673828125
2021-05-13,382.2098693847656
2021-05-14,388.0788269042969
2021-05-17,387.09136962890625
2021-05-18,383.75628662109375
2021-05-19,382.7501525878906
2021-05-20,386.8677673339844
2021-05-21,386.5509948730469
2021-05-24,390.4916687011719
2021-05-25,389.62518310546875
2021-05-26,390.3984680175781
2021-05-27,390.6034851074219
2021-05-28,391.3021545410156
2021-06-01,390.9573974609375
2021-06-02,391.5722961425781
2021-06-03,390.1189880371094
2021-06-04,393.6869812011719
2021-06-07,393.30499267578125
2021-06-08,393.3888854980469
2021-06-09,392.8019714355469
2021-06-10,394.62774658203125
2021-06-11,395.2799377441406
2021-06-14,396.1650085449219
2021-06-15,395.4383239746094
2021-06-16,393.23046875
2021-06-17,393.10009765625
2021-06-18,387.7969970703125
2021-06-21,393.3487243652344
2021-06-22,395.4516296386719
2021-06-23,394.9749755859375
2021-06-24,397.3115234375
2021-06-25,398.72283935546875
2021-06-28,399.5266418457031
2021-06-29,399.74151611328125
2021-06-30,400.0780334472656
2021-07-01,402.2930908203125
2021-07-02,405.3680419921875
2021-07-06,404.6296691894531
2021-07-07,406.0596008300781
2021-07-08,402.75103759765625
2021-07-09,407.0504150390625
2021-07-12,408.50836181640625
2021-07-13,407.1157531738281
2021-07-14,407.7232971191406
2021-07-15,406.3307189941406
2021-07-16,403.1435852050781
2021-07-19,397.19012451171875
2021-07-20,402.8819274902344
2021-07-21,406.1437683105469
2021-07-22,406.9942626953125
2021-07-23,411.18145751953125
2021-07-26,412.19085693359375
2021-07-27,410.3122863769531
2021-07-28,410.1440124511719
2021-07-29,411.8450012207031
2021-07-30,409.8448791503906
2021-08-02,408.98504638671875
2021-08-03,412.31231689453125
2021-08-04,410.2842712402344
2021-08-05,412.8824462890625
2021-08-06,413.5647277832031
2021-08-09,413.2283020019531
2021-08-10,413.7423095703125
2021-08-11,414.7703857421875
2021-08-12,416.01348876953125
2021-08-13,416.7706298828125
2021-08-16,417.75189208984375
2021-08-17,415.0134582519531
2021-08-18,410.47113037109375
2021-08-19,411.106689453125
2021-08-20,414.37786865234375
2021-08-23,418.02294921875
2021-08-24,418.6865234375
2021-08-25,419.5650939941406
2021-08-26,417.0882873535156
2021-08-27,420.8175354003906
2021-08-30,422.6679992675781
2021-08-31,422.0418701171875
2021-09-01,422.2661437988281
2021-09-02,423.5653381347656
2021-09-03,423.46246337890625
2021-09-07,421.94842529296875
2021-09-08,421.434326171875
2021-09-09,419.63055419921875
2021-09-10,416.3218994140625
2021-09-13,417.3874206542969
2021-09-14,415.1349792480469
2021-09-15,418.60235595703125
2021-09-16,417.9388122558594
2021-09-17,413.8677062988281
2021-09-20,406.96673583984375
2021-09-21,406.5822448730469
2021-09-22,410.5484924316406
2021-09-23,415.53668212890625
2021-09-24,416.2210693359375
2021-09-27,415.0303039550781
2021-09-28,406.6667175292969
2021-09-29,407.35125732421875
2021-09-30,402.3724365234375
2021-10-01,407.1542663574219
2021-10-04,401.90362548828125
2021-10-05,406.08538818359375
2021-10-06,407.7731628417969
2021-10-07,411.298583984375
2021-10-08,410.5484924316406
2021-10-11,407.5762023925781
2021-10-12,406.5729064941406
2021-10-13,408.03564453125
2021-10-14,414.8990783691406
2021-10-15,418.0588073730469
2021-10-18,419.29656982421875
2021-10-19,422.53131103515625
2021-10-20,424.1909484863281
2021-10-21,425.29736328125
2021-10-22,424.8566589355469
2021-10-25,427.13507080078125
2021-10-26,427.51953125
2021-10-27,425.62548828125
2021-10-28,429.7323913574219
2021-10-29,430.6043395996094
2021-11-01,431.344970703125
2021-11-02,433.0889892578125
2021-11-03,435.7330627441406
2021-11-04,437.7864990234375
2021-11-05,439.3054504394531
2021-11-08,439.6804504394531
2021-11-09,438.2272033691406
2021-11-10,434.7016906738281
2021-11-11,434.8424072265625
2021-11-12,438.1240539550781
2021-11-15,438.2740783691406
2021-11-16,440.0086364746094
2021-11-17,438.939697265625
2021-11-18,440.43060302734375
2021-11-19,439.64300537109375
2021-11-22,438.4053039550781
2021-11-23,438.9866027832031
2021-11-24,440.15869140625
2021-11-26,430.3416748046875
2021-11-29,435.62054443359375
2021-11-30,427.1444396972656
2021-12-01,422.40008544921875
2021-12-02,428.86968994140625
2021-12-03,425.1379089355469
2021-12-06,430.1729736328125
2021-12-07,439.071044921875
2021-12-08,440.2336730957031
2021-12-09,437.26141357421875
2021-12-10,441.3775939941406
2021-12-13,437.4676818847656
2021-12-14,434.4578552246094
2021-12-15,441.24639892578125
2021-12-16,437.355224609375
2021-12-17,432.7004089355469
2021-12-20,428.099365234375
2021-12-21,435.7019958496094
2021-12-22,440.0584716796875
2021-12-23,442.7966003417969
2021-12-27,449.06304931640625
2021-12-28,448.6960144042969
2021-12-29,449.2700500488281
2021-12-30,448.0280456542969
2021-12-31,446.89892578125
2022-01-03,449.4864501953125
2022-01-04,449.33587646484375
2022-01-05,440.7076416015625
2022-01-06,440.2936706542969
2022-01-07,438.5529479980469
2022-01-10,438.0072937011719
2022-01-11,441.9967346191406
2022-01-12,443.19171142578125
2022-01-13,437.0850830078125
2022-01-14,437.263916015625
2022-01-18,429.5201721191406
2022-01-19,425.0601806640625
2022-01-20,420.3555908203125
2022-01-21,412.10369873046875
2022-01-24,413.8538513183594
2022-01-25,408.8011474609375
2022-01-26,407.77557373046875
2022-01-27,405.7619934082031
2022-01-28,415.83917236328125
2022-01-31,423.32904052734375
2022-02-01,426.1893005371094
2022-02-02,430.3293151855469
2022-02-03,420.21453857421875
2022-02-04,422.1904296875
2022-02-07,420.83544921875
2022-02-08,424.2980041503906
2022-02-09,430.50811767578125
2022-02-10,422.7738037109375
2022-02-11,414.437255859375
2022-02-14,413.082275390625
2022-02-15,419.7440185546875
2022-02-16,420.21453857421875
2022-02-17,411.23809814453125
2022-02-18,408.5752868652344
2022-02-22,404.190673828125
2022-02-23,397.0208435058594
2022-02-24,402.9956970214844
2022-02-25,411.8873291015625
2022-02-28,410.83349609375
2022-03-01,404.5763854980469
2022-03-02,412.0190734863281
2022-03-03,409.9678955078125
2022-03-04,406.63702392578125
2022-03-07,394.64971923828125
2022-03-08,391.65753173828125
2022-03-09,402.15826416015625
2022-03-10,400.34228515625
2022-03-11,395.2518615722656
2022-03-14,392.36328125
2022-03-15,400.991455078125
2022-03-16,409.8831481933594
2022-03-17,415.0111389160156
2022-03-18,419.5567321777344
2022-03-21,419.4339904785156
2022-03-22,424.3420104980469
2022-03-23,418.87713623046875
2022-03-24,425.1914367675781
2022-03-25,427.2679138183594
2022-03-28,430.3070373535156
2022-03-29,435.63037109375
2022-03-30,432.9404296875
2022-03-31,426.2768249511719
2022-04-01,427.4850158691406
2022-04-04,431.1471252441406
2022-04-05,425.7011413574219
2022-04-06,421.44439697265625
2022-04-07,423.56805419921875
2022-04-08,422.43548583984375
2022-04-11,415.2150573730469
2022-04-12,413.6766052246094
2022-04-13,418.4146423339844
2022-04-14,413.2046203613281
2022-04-18,413.37451171875
2022-04-19,420.0475158691406
2022-04-20,419.7360534667969
2022-04-21,413.45947265625
2022-04-22,402.1145324707031
2022-04-25,404.44586181640625
2022-04-26,392.7326965332031
2022-04-27,393.8369445800781
2022-04-28,403.7851257324219
2022-04-29,388.8629455566406
2022-05-02,391.2037658691406
2022-05-03,392.9970703125
2022-05-04,404.96490478515625
2022-05-05,390.57135009765625
2022-05-06,388.2400817871094
2022-05-09,375.8096008300781
2022-05-10,376.6779479980469
2022-05-11,370.6940612792969
2022-05-12,370.3070983886719
2022-05-13,379.1603698730469
2022-05-16,377.62176513671875
2022-05-17,385.3896789550781
2022-05-18,369.85400390625
2022-05-19,367.5887451171875
2022-05-20,367.749267578125
2022-05-23,374.6297912597656
2022-05-24,371.7700500488281
2022-05-25,375.05450439453125
2022-05-26,382.5486755371094
2022-05-27,391.93994140625
2022-05-31,389.74072265625
2022-06-01,386.5883483886719
2022-06-02,393.9502868652344
2022-06-03,387.4849548339844
2022-06-06,388.6647644042969
2022-06-07,392.3929748535156
2022-06-08,388.126708984375
2022-06-09,378.89599609375
2022-06-10,367.90966796875
2022-06-13,353.94085693359375
2022-06-14,352.874267578125
2022-06-15,357.9049377441406
2022-06-16,346.05975341796875
2022-06-17,346.8057556152344
2022-06-21,355.5360107421875
2022-06-22,354.89141845703125
2022-06-23,358.3703918457031
2022-06-24,369.76434326171875
2022-06-27,368.3519592285156
2022-06-28,360.8254699707031
2022-06-29,360.5316467285156
2022-06-30,357.6025695800781
2022-07-01,361.38470458984375
2022-07-05,362.0672912597656
2022-07-06,363.29010009765625
2022-07-07,368.7311096191406
2022-07-08,368.4277648925781
2022-07-11,364.218994140625
2022-07-12,360.9961242675781
2022-07-13,359.1002197265625
2022-07-14,358.2281494140625
2022-07-15,365.0721740722656
2022-07-18,362.05780029296875
2022-07-19,371.8403015136719
2022-07-20,374.2100524902344
2022-07-21,378.0207824707031
2022-07-22,374.5134582519531
2022-07-25,374.968505859375
2022-07-26,370.5321960449219
2022-07-27,380.153564453125
2022-07-28,384.921630859375
2022-07-29,390.53326416015625
2022-08-01,389.3768005371094
2022-08-02,386.8079528808594
2022-08-03,392.8651428222656
2022-08-04,392.5997619628906
2022-08-05,391.93621826171875
2022-08-08,391.48114013671875
2022-08-09,389.9266662597656
2022-08-10,398.11663818359375
2022-08-11,398.11663818359375
2022-08-12,404.8562927246094
2022-08-15,406.524658203125
2022-08-16,407.3209533691406
2022-08-17,404.4297790527344
2022-08-18,405.605224609375
2022-08-19,400.1546936035156
2022-08-22,391.8223876953125
2022-08-23,390.8745422363281
2022-08-24,392.12579345703125
2022-08-25,397.6616516113281
2022-08-26,384.2012023925781
2022-08-29,381.6607360839844
2022-08-30,377.4709167480469
2022-08-31,374.5986633300781
2022-09-01,375.77423095703125
2022-09-02,371.8118896484375
2022-09-06,370.4089050292969
2022-09-07,377.0633850097656
2022-09-08,379.5279235839844
2022-09-09,385.42401123046875
2022-09-12,389.5663757324219
2022-09-13,372.62701416015625
2022-09-14,374.0489501953125
2022-09-15,369.80230712890625
2022-09-16,366.9810485839844
2022-09-19,369.8269958496094
2022-09-20,365.5819091796875
2022-09-21,359.2047119140625
2022-09-22,356.1875305175781
2022-09-23,350.2196350097656
2022-09-26,346.7550964355469
2022-09-27,345.869873046875
2022-09-28,352.67535400390625
2022-09-29,345.30828857421875
2022-09-30,339.96856689453125
2022-10-03,348.9441833496094
2022-10-04,359.7568054199219
2022-10-05,358.91925048828125
2022-10-06,355.2166748046875
2022-10-07,345.30828857421875
2022-10-10,342.67169189453125
2022-10-11,340.50164794921875
2022-10-12,339.3785095214844
2022-10-13,348.3350830078125
2022-10-14,340.39691162109375
2022-10-17,349.1441650390625
2022-10-18,353.2464294433594
2022-10-19,350.7431945800781
2022-10-20,347.8021240234375
2022-10-21,356.25421142578125
2022-10-24,360.6134338378906
2022-10-25,366.3719177246094
2022-10-26,363.6116638183594
2022-10-27,361.6699523925781
2022-10-28,370.2742919921875
2022-10-31,367.5997619628906
2022-11-01,365.9911804199219
2022-11-02,356.8061828613281
2022-11-03,353.1321716308594
2022-11-04,358.2149353027344
2022-11-07,361.6414794921875
2022-11-08,363.5926818847656
2022-11-09,356.101806640625
2022-11-10,375.6711730957031
2022-11-11,379.30706787109375
2022-11-14,376.08038330078125
2022-11-15,379.2879943847656
2022-11-16,376.39453125
2022-11-17,375.2428283691406
2022-11-18,376.94659423828125
2022-11-21,375.5759582519531
2022-11-22,380.63006591796875
2022-11-23,383.0286560058594
2022-11-25,382.9430236816406
2022-11-28,376.8323669433594
2022-11-29,376.1851806640625
2022-11-30,388.0352478027344
2022-12-01,387.7496643066406
2022-12-02,387.30230712890625
2022-12-05,380.33502197265625
2022-12-06,374.8525390625
2022-12-07,374.2148742675781
2022-12-08,377.1464538574219
2022-12-09,374.3290710449219
2022-12-12,379.72589111328125
2022-12-13,382.60028076171875
2022-12-14,380.1541748046875
2022-12-15,370.85498046875
2022-12-16,366.4765930175781
2022-12-19,363.3690185546875
2022-12-20,363.8661804199219
2022-12-21,369.3069152832031
2022-12-22,364.038330078125
2022-12-23,366.13238525390625
2022-12-27,364.6885070800781
2022-12-28,360.15625
2022-12-29,366.6391296386719
2022-12-30,365.6734619140625
2023-01-03,364.1339111328125
2023-01-04,366.94512939453125
2023-01-05,362.757080078125
2023-01-06,371.0757751464844
2023-01-09,370.865478515625
2023-01-10,373.46630859375
2023-01-11,378.1898498535156
2023-01-12,379.5667419433594
2023-01-13,381.0392761230469
2023-01-17,380.34130859375
2023-01-18,374.3364562988281
2023-01-19,371.611328125
2023-01-20,378.5340881347656
2023-01-23,383.0759582519531
2023-01-24,382.664794921875
2023-01-25,382.8082275390625
2023-01-26,387.01544189453125
2023-01-27,387.9046630859375
2023-01-30,383.0377197265625
2023-01-31,388.6696472167969
2023-02-01,392.8003234863281
2023-02-02,398.518310546875
2023-02-03,394.282470703125
2023-02-06,391.87286376953125
2023-02-07,396.9980163574219
2023-02-08,392.65692138671875
2023-02-09,389.2529296875
2023-02-10,390.1612548828125
2023-02-13,394.74139404296875
2023-02-14,394.5597229003906
2023-02-15,395.841064453125
2023-02-16,390.3907775878906
2023-02-17,389.4154968261719
2023-02-21,381.60345458984375
2023-02-22,381.07757568359375
2023-02-23,383.10467529296875
2023-02-24,379.0121765136719
2023-02-27,380.30303955078125
2023-02-28,378.8974914550781
2023-03-01,377.4440002441406
2023-03-02,380.3795166015625
2023-03-03,386.47998046875
2023-03-06,386.7477111816406
2023-03-07,380.8194274902344
2023-03-08,381.44085693359375
2023-03-09,374.4034118652344
2023-03-10,369.0009765625
2023-03-13,368.4750671386719
2023-03-14,374.56597900390625
2023-03-15,372.2232971191406
2023-03-16,378.75396728515625
2023-03-17,374.32537841796875
2023-03-20,377.9247131347656
2023-03-21,382.8870849609375
2023-03-22,376.3602294921875
2023-03-23,377.37762451171875
2023-03-24,379.8539733886719
2023-03-27,380.5643005371094
2023-03-28,379.7100524902344
2023-03-29,385.2290344238281
2023-03-30,387.48468017578125
2023-03-31,392.94610595703125
2023-04-03,394.4434814453125
2023-04-04,392.25506591796875
2023-04-05,391.2279968261719
2023-04-06,392.75421142578125
2023-04-10,393.1572570800781
2023-04-11,393.2628479003906
2023-04-12,391.6598815917969
2023-04-13,396.8622741699219
2023-04-14,395.8928527832031
2023-04-17,397.3133544921875
2023-04-18,397.572509765625
2023-04-19,397.50531005859375
2023-04-20,395.33612060546875
2023-04-21,395.64324951171875
2023-04-24,396.0559997558594
2023-04-25,389.76910400390625
2023-04-26,388.1180725097656
2023-04-27,395.8447570800781
2023-04-28,399.223388671875
2023-05-01,398.8203125
2023-05-02,394.33782958984375
2023-05-03,391.6311340332031
2023-05-04,388.8572082519531
2023-05-05,396.0559997558594
2023-05-08,396.1615905761719
2023-05-09,394.4242248535156
2023-05-10,396.26708984375
2023-05-11,395.5760498046875
2023-05-12,395.0577392578125
2023-05-15,396.42071533203125
2023-05-16,393.7715759277344
2023-05-17,398.551513671875
2023-05-18,402.3908386230469
2023-05-19,401.8053894042969
2023-05-22,401.96856689453125
2023-05-23,397.45733642578125
2023-05-24,394.57781982421875
2023-05-25,397.9948425292969
2023-05-26,403.1491394042969
2023-05-30,403.302734375
2023-05-31,401.0662841796875
2023-06-01,404.8768310546875
2023-06-02,410.7318115234375
2023-06-05,409.94476318359375
2023-06-06,410.8374328613281
2023-06-07,409.4168395996094
2023-06-08,411.89324951171875
2023-06-09,412.6322937011719
2023-06-12,416.3757019042969
2023-06-13,419.12078857421875
2023-06-14,419.619873046875
2023-06-15,424.8221740722656
2023-06-16,423.37518310546875
2023-06-20,421.1785888671875
2023-06-21,419.0205078125
2023-06-22,420.5331115722656
2023-06-23,417.3539123535156
2023-06-26,415.648681640625
2023-06-27,420.20562744140625
2023-06-28,420.41754150390625
2023-06-29,422.07452392578125
2023-06-30,427.0553894042969
2023-07-03,427.546630859375
2023-07-05,426.91082763671875
2023-07-06,423.56781005859375
2023-07-07,422.4983825683594
2023-07-10,423.56781005859375
2023-07-11,426.26531982421875
2023-07-12,429.69500732421875
2023-07-13,433.1054992675781
2023-07-14,432.8357849121094
2023-07-17,434.338623046875
2023-07-18,437.5660400390625
2023-07-19,438.5390625
2023-07-20,435.6296081542969
2023-07-21,435.6296081542969
2023-07-24,437.5756530761719
2023-07-25,438.7702941894531
2023-07-26,438.8377685546875
2023-07-27,435.9282531738281
2023-07-28,440.1961364746094
2023-07-31,441.0343017578125
2023-08-01,439.77227783203125
2023-08-02,433.6546325683594
2023-08-03,432.4118347167969
2023-08-04,430.4561462402344
2023-08-07,434.21337890625
2023-08-08,432.32513427734375
2023-08-09,429.4349060058594
2023-08-10,429.58905029296875
2023-08-11,429.3385925292969
2023-08-14,431.70855712890625
2023-08-15,426.67962646484375
2023-08-16,423.5485534667969
2023-08-17,420.3211975097656
2023-08-18,420.5234680175781
2023-08-21,423.2596130371094
2023-08-22,422.1131286621094
2023-08-23,426.814453125
2023-08-24,420.8992614746094
2023-08-25,423.866455078125
2023-08-28,426.55438232421875
2023-08-29,432.7200927734375
2023-08-30,434.50244140625
2023-08-31,433.8665466308594
2023-09-01,434.6758117675781
2023-09-05,432.79718017578125
2023-09-06,429.8877258300781
2023-09-07,428.56787109375
2023-09-08,429.2133483886719
2023-09-11,432.0361328125
2023-09-12,429.6661071777344
2023-09-13,430.1671447753906
2023-09-14,433.8761901855469
2023-09-15,428.6487121582031
2023-09-18,428.90008544921875
2023-09-19,428.0106506347656
2023-09-20,424.0757751464844
2023-09-21,417.0664978027344
2023-09-22,416.1286926269531
2023-09-25,417.8786315917969
2023-09-26,411.7394104003906
2023-09-27,411.90380859375
2023-09-28,414.291748046875
2023-09-29,413.2862854003906
2023-10-02,413.1219787597656
2023-10-03,407.59185791015625
2023-10-04,410.5599670410156
2023-10-05,410.4052734375
2023-10-06,415.2779235839844
2023-10-09,417.9366149902344
2023-10-10,420.1119079589844
2023-10-11,421.8327941894531
2023-10-12,419.2611389160156
2023-10-13,417.1727600097656
2023-10-16,421.5621032714844
2023-10-17,421.5427551269531
2023-10-18,415.9255676269531
2023-10-19,412.2712097167969
2023-10-20,407.20513916015625
2023-10-23,406.4993896484375
2023-10-24,409.5641784667969
2023-10-25,403.68603515625
2023-10-26,398.8520202636719
2023-10-27,397.0440979003906
2023-10-30,401.79107666015625
2023-10-31,404.314453125
2023-11-01,408.6263732910156
2023-11-02,416.4574279785156
2023-11-03,420.25689697265625
2023-11-06,421.2237243652344
2023-11-07,422.4225158691406
2023-11-08,422.73193359375
2023-11-09,419.4351501464844
2023-11-10,425.9803161621094
2023-11-13,425.57427978515625
2023-11-14,433.8307800292969
2023-11-15,434.74920654296875
2023-11-16,435.2809143066406
2023-11-17,435.8223876953125
2023-11-20,439.1771545410156
2023-11-21,438.219970703125
2023-11-22,439.9118957519531
2023-11-24,440.1826171875
2023-11-27,439.3898010253906
2023-11-28,439.82489013671875
2023-11-29,439.5155029296875
2023-11-30,441.24609375
2023-12-01,443.8564453125
2023-12-04,441.5264587402344
2023-12-05,441.4394226074219
2023-12-06,439.6605224609375
2023-12-07,443.015380859375
2023-12-08,444.91986083984375
2023-12-11,446.65045166015625
2023-12-12,448.6903991699219
2023-12-13,454.8778991699219
2023-12-14,456.3377380371094
2023-12-15,455.58642578125
2023-12-18,458.149169921875
2023-12-19,460.93511962890625
2023-12-20,454.5477600097656
2023-12-21,458.8577575683594
2023-12-22,459.7799377441406
2023-12-26,461.7213439941406
2023-12-27,462.5561828613281
2023-12-28,462.73089599609375
2023-12-29,461.3912658691406
2024-01-02,458.8092346191406
2024-01-03,455.062255859375
2024-01-04,453.5964660644531
2024-01-05,454.2177429199219
2024-01-08,460.7021789550781
2024-01-09,460.0032043457031
2024-01-10,462.604736328125
2024-01-11,462.4008483886719
2024-01-12,462.72119140625
2024-01-16,461.0224304199219
2024-01-17,458.45977783203125
2024-01-18,462.5367431640625
2024-01-19,468.30279541015625
2024-01-22,469.29296875
2024-01-23,470.66162109375
2024-01-24,471.1761779785156
2024-01-25,473.7388610839844
2024-01-26,473.13702392578125
2024-01-29,476.8839111328125
2024-01-30,476.5151672363281
2024-01-31,468.7396545410156
2024-02-01,474.8746032714844
2024-02-02,479.8737487792969
2024-02-05,478.12646484375
2024-02-06,479.5146179199219
2024-02-07,483.5139465332031
2024-02-08,483.7275390625
2024-02-09,486.523193359375
2024-02-12,486.3096008300781
2024-02-13,479.6116027832031
2024-02-14,483.9702453613281
2024-02-15,487.3094482421875
2024-02-16,484.8826599121094
2024-02-20,482.2132568359375
2024-02-21,482.6499938964844
2024-02-22,492.63873291015625
2024-02-23,492.97845458984375
2024-02-26,491.17291259765625
2024-02-27,492.0853576660156
2024-02-28,491.43499755859375
2024-02-29,493.2016906738281
2024-03-01,497.8320007324219
2024-03-04,497.298095703125
2024-03-05,492.3280029296875
2024-03-06,494.82281494140625
2024-03-07,499.734619140625
2024-03-08,496.735107421875
2024-03-11,496.3080139160156
2024-03-12,501.64703369140625
2024-03-13,500.86065673828125
2024-03-14,499.8705139160156
2024-03-15,496.4381408691406
2024-03-18,499.38848876953125
2024-03-19,502.16363525390625
2024-03-20,506.808349609375
2024-03-21,508.48321533203125
2024-03-22,507.5191955566406
2024-03-25,506.1170349121094
2024-03-26,505.1822509765625
2024-03-27,509.427734375
2024-03-28,509.33038330078125
2024-04-01,508.4443359375
2024-04-02,505.2115173339844
2024-04-03,505.7664489746094
2024-04-04,499.59307861328125
2024-04-05,504.81219482421875
2024-04-08,505.09454345703125
2024-04-09,505.6788330078125
2024-04-10,500.61541748046875
2024-04-11,504.3935241699219
2024-04-12,497.431396484375
2024-04-15,491.1994934082031
2024-04-16,490.30364990234375
2024-04-17,487.4018859863281
2024-04-18,486.39892578125
2024-04-19,482.1534729003906
2024-04-22,486.5937194824219
2024-04-23,492.367919921875
2024-04-24,492.1342468261719
2024-04-25,490.2646789550781
2024-04-26,494.9093933105469
2024-04-29,496.6620788574219
2024-04-30,488.7943420410156
2024-05-01,487.2071838378906
2024-05-02,491.76422119140625
2024-05-03,497.8597717285156
2024-05-06,503.0010681152344
2024-05-07,503.55615234375
2024-05-08,503.604736328125
2024-05-09,506.5064697265625
2024-05-10,507.1589660644531
2024-05-13,507.22711181640625
2024-05-14,509.5543518066406
2024-05-15,515.8641357421875
2024-05-16,514.8026733398438
2024-05-17,515.542724609375
2024-05-20,516.13671875
2024-05-21,517.4025268554688
2024-05-22,515.912841796875
2024-05-23,512.1444702148438
2024-05-24,515.5331420898438
2024-05-28,515.893310546875
2024-05-29,512.2807006835938
2024-05-30,508.8824768066406
2024-05-31,513.517333984375
2024-06-03,513.9360961914062
2024-06-04,514.5106811523438
2024-06-05,520.6256713867188
2024-06-06,520.6158447265625
2024-06-07,519.9829711914062
2024-06-10,521.5896606445312
2024-06-11,522.8457641601562
2024-06-12,527.139892578125
2024-06-13,528.2013549804688
2024-06-14,528.522705078125
2024-06-17,532.7291870117188
2024-06-18,534.0825805664062
2024-06-20,532.6317749023438
2024-06-21,531.917724609375
2024-06-24,530.1886596679688
2024-06-25,532.2302856445312
2024-06-26,532.8945922851562
2024-06-27,533.7346801757812
2024-06-28,531.6343383789062
2024-07-01,532.7284545898438
2024-07-02,536.3135986328125
2024-07-03,538.7069702148438
2024-07-05,541.8134155273438
2024-07-08,542.4386596679688
2024-07-09,542.9661254882812
2024-07-10,548.3388671875
2024-07-11,543.61083984375
2024-07-12,547.0396728515625
2024-07-15,548.5441284179688
2024-07-16,551.7969970703125
2024-07-17,544.0602416992188
2024-07-18,539.8792114257812
2024-07-19,536.2940063476562
2024-07-22,541.8233032226562
2024-07-23,540.973388671875
2024-07-24,528.713623046875
2024-07-25,525.958740234375
2024-07-26,531.8493041992188
2024-07-29,532.1619262695312
2024-07-30,529.4656982421875
2024-07-31,538.072021484375
2024-08-01,530.452392578125
2024-08-02,520.5762329101562
2024-08-05,505.4150695800781
2024-08-06,510.0747375488281
2024-08-07,506.66552734375
2024-08-08,518.3782348632812
2024-08-09,520.6640625
2024-08-12,520.9376831054688
2024-08-13,529.5048828125
2024-08-14,531.17529296875
2024-08-15,540.27978515625
2024-08-16,541.4910278320312
2024-08-19,546.66845703125
2024-08-20,545.7794189453125
2024-08-21,547.6550903320312
2024-08-22,543.3568115234375
2024-08-23,549.1301879882812
2024-08-26,547.8212280273438
2024-08-27,548.5733642578125
2024-08-28,545.3887329101562
2024-08-29,545.4376220703125
2024-08-30,550.644287109375
2024-09-03,539.3125610351562
2024-09-04,538.2088012695312
2024-09-05,536.8997802734375
2024-09-06,527.8635864257812
2024-09-09,533.7737426757812
2024-09-10,536.0986938476562
2024-09-11,541.5984497070312
2024-09-12,546.1605834960938
2024-09-13,549.012939453125
2024-09-16,549.82373046875
2024-09-17,550.0484619140625
2024-09-18,548.417236328125
2024-09-19,557.7754516601562
2024-09-20,556.8113403320312
2024-09-23,558.2026977539062
2024-09-24,559.7999267578125
2024-09-25,558.5653076171875
2024-09-26,560.7797241210938
2024-09-27,559.9664306640625
2024-09-30,562.21044921875
2024-10-01,557.173828125
2024-10-02,557.4090576171875
2024-10-03,556.3899536132812
2024-10-04,561.4461059570312
2024-10-07,556.3703002929688
2024-10-08,561.6322631835938
2024-10-09,565.5223999023438
2024-10-10,564.53271484375
2024-10-11,567.913330078125
2024-10-14,572.5579223632812
2024-10-15,568.1092529296875
2024-10-16,570.5785522460938
2024-10-17,570.6275024414062
2024-10-18,572.8224487304688
2024-10-21,571.8817749023438
2024-10-22,571.5780029296875
2024-10-23,566.355224609375
2024-10-24,567.5801391601562
2024-10-25,567.3840942382812
2024-10-28,569.1381225585938
2024-10-29,570.059326171875
2024-10-30,568.3346557617188
2024-10-31,557.1935424804688
2024-11-01,559.545166015625
2024-11-04,558.3399658203125
2024-11-05,565.09130859375
2024-11-06,579.1426391601562
2024-11-07,583.6205444335938
2024-11-08,586.1486206054688
2024-11-11,586.7072143554688
2024-11-12,584.8847045898438
2024-11-13,585.1687622070312
2024-11-14,581.4061279296875
2024-11-15,573.9591064453125
2024-11-18,576.3108520507812
2024-11-19,578.41748046875
2024-11-20,578.6134033203125
2024-11-21,581.7196044921875
2024-11-22,583.5226440429688
2024-11-25,585.5020141601562
2024-11-26,588.55908203125
2024-11-27,586.7758178710938
2024-11-29,590.4208374023438
2024-12-02,591.4791259765625
2024-12-03,591.7535400390625
2024-12-04,595.427978515625
2024-12-05,594.4481201171875
2024-12-06,595.5750732421875
2024-12-09,592.5079956054688
2024-12-10,590.6658325195312
2024-12-11,595.2320556640625
2024-12-12,592.1650390625
2024-12-13,592.0475463867188
2024-12-16,594.5755004882812
2024-12-17,592.1257934570312
2024-12-18,574.4783325195312
2024-12-19,574.302001953125
2024-12-20,581.2000122070312
2024-12-23,584.6802978515625
2024-12-24,591.1790771484375
2024-12-26,591.2183837890625
2024-12-27,584.9949951171875
2024-12-30,578.3192749023438
2024-12-31,576.2152709960938
2025-01-02,574.7994995117188
2025-01-03,581.9863891601562
2025-01-06,585.3390502929688
2025-01-07,578.722412109375
2025-01-08,579.56787109375
2025-01-10,570.7194213867188
2025-01-13,571.6043090820312
2025-01-14,572.3907470703125
2025-01-15,582.8025512695312
2025-01-16,581.681640625
2025-01-17,587.521728515625
2025-01-21,592.899658203125
2025-01-22,596.2326049804688
2025-01-23,599.4868774414062
2025-01-24,597.7369384765625
2025-01-27,589.2815551757812
2025-01-28,594.3449096679688
2025-01-29,591.680419921875
2025-01-30,594.8561401367188
2025-01-31,591.6903686523438
2025-02-03,587.7086181640625
2025-02-04,591.651123046875
2025-02-05,594.0499267578125
2025-02-06,596.1146240234375
2025-02-07,590.6580200195312
2025-02-10,594.6693725585938
2025-02-11,595.1216430664062
2025-02-12,593.2044067382812
2025-02-13,599.4672241210938
2025-02-14,599.4376831054688
2025-02-18,601.197509765625
2025-02-19,602.6133422851562
2025-02-20,600.1063232421875
2025-02-21,589.8419799804688
2025-02-24,587.157958984375
2025-02-25,584.2378540039062
2025-02-26,584.5328979492188
2025-02-27,575.2025756835938
2025-02-28,584.178955078125
2025-03-03,573.9441528320312
2025-03-04,567.1504516601562
2025-03-05,573.2461547851562
2025-03-06,563.0703125
2025-03-07,566.2262573242188
2025-03-10,551.14453125
2025-03-11,546.5629272460938
2025-03-12,549.4632568359375
2025-03-13,542.1386108398438
2025-03-14,553.3369750976562
2025-03-17,557.6038818359375
2025-03-18,551.5771484375
2025-03-19,557.584228515625
2025-03-20,555.9718017578125
2025-03-21,556.1552734375
2025-03-24,566.115234375
2025-03-25,567.4760131835938
2025-03-26,560.7013549804688
2025-03-27,559.2123413085938
2025-03-28,547.95068359375
2025-03-31,551.62890625
2025-04-01,553.1869506835938
2025-04-02,556.6878051757812
2025-04-03,529.2537231445312
2025-04-04,498.2696838378906
2025-04-07,497.3821716308594
2025-04-08,489.5918273925781
2025-04-09,541.0084228515625
2025-04-10,517.3019409179688
2025-04-11,526.5320434570312
2025-04-14,531.6402587890625
2025-04-15,530.151123046875
2025-04-16,518.3668823242188
2025-04-17,519.1064453125
2025-04-21,506.7503662109375
2025-04-22,519.934814453125
2025-04-23,527.9915161132812
2025-04-24,539.1051635742188
2025-04-25,543.0004272460938
2025-04-28,543.2073974609375
2025-04-29,546.6293334960938
2025-04-30,546.84619140625
2025-05-01,550.7216186523438
2025-05-02,558.8966674804688
2025-05-05,555.6917724609375
2025-05-06,551.0471801757812
2025-05-07,553.3646240234375
2025-05-08,557.22021484375
2025-05-09,556.5103149414062
2025-05-12,574.9015502929688
2025-05-13,578.6981201171875
2025-05-14,579.437744140625
2025-05-15,582.2679443359375
2025-05-16,585.9559936523438
2025-05-19,586.5969848632812
2025-05-20,584.6246948242188
2025-05-21,574.7733154296875
2025-05-22,575.0001220703125
2025-05-23,571.0753173828125
2025-05-27,582.9483642578125
2025-05-28,579.5758056640625
2025-05-29,581.863525390625
2025-05-30,581.2127685546875
2025-06-02,584.4866943359375
2025-06-03,587.81982421875
2025-06-04,587.6619262695312
2025-06-05,584.8218994140625
2025-06-06,590.8275146484375
2025-06-09,591.3599243164062
2025-06-10,594.7127685546875
2025-06-11,593.0166015625
2025-06-12,595.3734741210938
2025-06-13,588.7171020507812
2025-06-16,594.318359375
2025-06-17,589.2398071289062
2025-06-18,589.1510009765625
2025-06-20,587.7673950195312
2025-06-23,593.572998046875
2025-06-24,600.1304321289062
2025-06-25,600.4666748046875
2025-06-26,605.16455078125
2025-06-27,608.1712646484375
2025-06-30,611.0791015625
2025-07-01,610.8812866210938
2025-07-02,613.650634765625
2025-07-03,618.4869995117188
2025-07-07,613.8779907226562
2025-07-08,613.5418090820312
2025-07-09,617.2210083007812
2025-07-10,618.9617309570312
2025-07-11,616.7858276367188
2025-07-14,617.9627685546875
2025-07-15,615.322021484375
2025-07-16,617.3792724609375
2025-07-17,621.1574096679688
2025-07-18,620.702392578125
2025-07-21,621.8794555664062
2025-07-22,621.9684448242188
2025-07-23,627.2598266601562
2025-07-24,627.4674072265625
2025-07-25,630.1181030273438
2025-07-28,629.9598999023438
2025-07-29,628.2982788085938
2025-07-30,627.5070190429688
2025-07-31,625.1531372070312
2025-08-01,614.9066162109375
2025-08-04,624.2530517578125
2025-08-05,621.088134765625
2025-08-06,625.845458984375
2025-08-07,625.3212280273438
2025-08-08,630.1972045898438
2025-08-11,628.9509887695312
2025-08-12,635.6467895507812
2025-08-13,637.82275390625
2025-08-14,637.882080078125
2025-08-15,636.388671875
2025-08-18,636.2501220703125
2025-08-19,632.7984008789062
2025-08-20,631.1170654296875
2025-08-21,628.5850830078125
2025-08-22,638.2380981445312
2025-08-25,635.42919921875
2025-08-26,638.0897216796875
2025-08-27,639.543701171875
2025-08-28,641.8085327148438
2025-08-29,637.98095703125
2025-09-02,633.2533569335938
2025-09-03,636.685302734375
2025-09-04,642.00634765625
2025-09-05,640.1469116210938
2025-09-08,641.7195434570312
2025-09-09,643.203125
2025-09-10,645.0624389648438
2025-09-11,650.4231567382812
2025-09-12,650.2055053710938
2025-09-15,653.6671142578125
2025-09-16,652.76708984375
2025-09-17,651.9561157226562
2025-09-18,655.0023803710938
2025-09-19,658.2465209960938
2025-09-22,661.3607177734375
2025-09-23,657.7606201171875
2025-09-24,655.6678466796875
2025-09-25,652.6429443359375
2025-09-26,656.3819580078125
2025-09-29,658.2266845703125
2025-09-30,660.7061157226562
2025-10-01,662.95751953125
2025-10-02,663.7210693359375
2025-10-03,663.7113037109375
2025-10-06,666.0914916992188
2025-10-07,663.6219482421875
2025-10-08,667.5791625976562
2025-10-09,665.6452026367188
2025-10-10,647.6542358398438
2025-10-13,657.5919189453125
2025-10-14,656.78857421875
2025-10-15,659.7044067382812
2025-10-16,655.2116088867188
2025-10-17,658.9308471679688
2025-10-20,665.7840576171875
2025-10-21,665.7741088867188
2025-10-22,662.3128051757812
2025-10-23,666.2402954101562
2025-10-24,671.6851806640625
2025-10-27,679.6095581054688
2025-10-28,681.41455078125
2025-10-29,681.7418823242188
2025-10-30,674.2440185546875
2025-10-31,676.4556274414062
2025-11-03,677.72509765625
2025-11-04,669.691650390625
2025-11-05,672.012451171875
2025-11-06,664.8021850585938
2025-11-07,665.4567260742188
2025-11-10,675.8406982421875
2025-11-11,677.387939453125
2025-11-12,677.7648315429688
2025-11-13,666.5180053710938
2025-11-14,666.4088134765625
2025-11-17,660.2003173828125
2025-11-18,654.65625
2025-11-19,657.185302734375
2025-11-20,647.1683349609375
2025-11-21,653.6148681640625
2025-11-24,663.2351684570312
2025-11-25,669.4735717773438
2025-11-26,674.09521484375
2025-11-28,677.7747192382812
2025-12-01,674.6803588867188
2025-12-02,675.9299926757812
2025-12-03,678.2706298828125
2025-12-04,678.7664794921875
2025-12-05,680.0557861328125
2025-12-08,678.0126953125
2025-12-09,677.4276123046875
2025-12-10,681.92041015625
2025-12-11,683.5072021484375
2025-12-12,676.1581420898438
2025-12-15,675.1365966796875
2025-12-16,673.2918701171875
2025-12-17,665.8832397460938
2025-12-18,670.9115600585938
2025-12-19,676.9923095703125
2025-12-22,681.2098999023438
2025-12-23,684.3233032226562
2025-12-24,686.7305297851562
2025-12-26,686.660888671875
2025-12-29,684.2138671875
2025-12-30,683.3783569335938
2025-12-31,678.3152465820312
