Date,TLT
2015-01-02,92.65924072265625
2015-01-05,94.11480712890625
2015-01-06,95.81045532226562
2015-01-07,95.6212387084961
2015-01-08,94.35497283935547
2015-01-09,95.38839721679688
2015-01-12,95.9342269897461
2015-01-13,95.9342269897461
2015-01-14,96.66197967529297
2015-01-15,98.18301391601562
2015-01-16,96.93130493164062
2015-01-20,98.21937561035156
2015-01-21,97.08409881591797
2015-01-22,96.73478698730469
2015-01-23,98.08116149902344
2015-01-26,97.78276824951172
2015-01-27,97.93561553955078
2015-01-28,99.53665924072266
2015-01-29,98.8816909790039
2015-01-30,100.63558197021484
2015-02-02,100.25566101074219
2015-02-03,98.13361358642578
2015-02-04,98.30130767822266
2015-02-05,97.22203063964844
2015-02-06,95.50102996826172
2015-02-09,95.34791564941406
2015-02-10,94.5894775390625
2015-02-11,94.76455688476562
2015-02-12,94.45092010498047
2015-02-13,93.4810562133789
2015-02-17,92.07360076904297
2015-02-18,92.62057495117188
2015-02-19,92.00800323486328
2015-02-20,92.27782440185547
2015-02-23,93.33518981933594
2015-02-24,94.5603256225586
2015-02-25,94.96875
2015-02-26,93.67063903808594
2015-02-27,94.45819091796875
2015-03-02,92.69879150390625
2015-03-03,92.36270141601562
2015-03-04,92.39191436767578
2015-03-05,92.27503967285156
2015-03-06,90.23648834228516
2015-03-09,91.06941223144531
2015-03-10,92.26770782470703
2015-03-11,92.93986511230469
2015-03-12,92.87416076660156
2015-03-13,92.5892333984375
2015-03-16,93.48058319091797
2015-03-17,94.25511932373047
2015-03-18,96.07443237304688
2015-03-19,95.58487701416016
2015-03-20,96.08902740478516
2015-03-23,95.97213745117188
2015-03-24,96.90008544921875
2015-03-25,96.08175659179688
2015-03-26,94.58387756347656
2015-03-27,95.76026916503906
2015-03-30,95.28539276123047
2015-03-31,95.48993682861328
2015-04-01,96.7441635131836
2015-04-02,95.71910095214844
2015-04-06,95.18460845947266
2015-04-07,95.9826889038086
2015-04-08,96.01199340820312
2015-04-09,94.7672119140625
2015-04-10,94.90634155273438
2015-04-13,95.03813934326172
2015-04-14,95.71178436279297
2015-04-15,95.6312484741211
2015-04-16,95.15532684326172
2015-04-17,96.24628448486328
2015-04-20,95.39690399169922
2015-04-21,94.9649658203125
2015-04-22,93.51521301269531
2015-04-23,93.91791534423828
2015-04-24,94.5036849975586
2015-04-27,94.5036849975586
2015-04-28,93.20035552978516
2015-04-29,92.05812072753906
2015-04-30,92.21926879882812
2015-05-01,90.97781372070312
2015-05-04,90.11939239501953
2015-05-05,89.99469757080078
2015-05-06,88.45394897460938
2015-05-07,89.64248657226562
2015-05-08,89.88462829589844
2015-05-11,87.69824981689453
2015-05-12,87.92565155029297
2015-05-13,87.22134399414062
2015-05-14,87.4560546875
2015-05-15,89.2095947265625
2015-05-18,87.71292114257812
2015-05-19,86.93518829345703
2015-05-20,87.08192443847656
2015-05-21,88.29983520507812
2015-05-22,88.33655548095703
2015-05-26,89.84791564941406
2015-05-27,90.05338287353516
2015-05-28,89.83324432373047
2015-05-29,90.03131866455078
2015-06-01,89.063720703125
2015-06-02,87.82112884521484
2015-06-03,86.40940856933594
2015-06-04,87.53437805175781
2015-06-05,86.46823120117188
2015-06-08,86.37264251708984
2015-06-09,85.68887329101562
2015-06-10,84.93887329101562
2015-06-11,86.72557067871094
2015-06-12,86.72557067871094
2015-06-15,86.86527252197266
2015-06-16,87.54908752441406
2015-06-17,86.87265014648438
2015-06-18,86.44615936279297
2015-06-19,87.55638885498047
2015-06-22,85.76969146728516
2015-06-23,85.25503540039062
2015-06-24,85.99028778076172
2015-06-25,85.68887329101562
2015-06-26,84.7256851196289
2015-06-29,86.96818542480469
2015-06-30,86.36531066894531
2015-07-01,85.19949340820312
2015-07-02,85.47954559326172
2015-07-06,87.06388092041016
2015-07-07,87.88182830810547
2015-07-08,88.64082336425781
2015-07-09,86.89437866210938
2015-07-10,85.5163803100586
2015-07-13,85.25109100341797
2015-07-14,85.53112030029297
2015-07-15,86.43748474121094
2015-07-16,87.03439331054688
2015-07-17,87.48387145996094
2015-07-20,87.11543273925781
2015-07-21,87.5870361328125
2015-07-22,88.13233184814453
2015-07-23,89.23030853271484
2015-07-24,89.45140838623047
2015-07-27,89.93034362792969
2015-07-28,89.2745361328125
2015-07-29,88.94295501708984
2015-07-30,89.62824249267578
2015-07-31,90.29146575927734
2015-08-03,91.2419204711914
2015-08-04,90.51818084716797
2015-08-05,89.8387222290039
2015-08-06,90.63633728027344
2015-08-07,91.82530975341797
2015-08-10,90.68802642822266
2015-08-11,92.12809753417969
2015-08-12,91.62590789794922
2015-08-13,91.33047485351562
2015-08-14,91.54468536376953
2015-08-17,91.95825958251953
2015-08-18,91.23446655273438
2015-08-19,92.1355209350586
2015-08-20,93.0660171508789
2015-08-21,93.34661865234375
2015-08-24,93.31706237792969
2015-08-25,91.81792449951172
2015-08-26,90.04553985595703
2015-08-27,90.09725952148438
2015-08-28,90.36309051513672
2015-08-31,89.66889953613281
2015-09-01,90.31499481201172
2015-09-02,89.53792572021484
2015-09-03,89.97456359863281
2015-09-04,90.79607391357422
2015-09-08,89.45649719238281
2015-09-09,89.88573455810547
2015-09-10,89.27888488769531
2015-09-11,89.84132385253906
2015-09-14,89.98196411132812
2015-09-15,88.25751495361328
2015-09-16,87.92446899414062
2015-09-17,88.99763488769531
2015-09-18,90.3668212890625
2015-09-21,88.89400482177734
2015-09-22,90.12996673583984
2015-09-23,90.1225814819336
2015-09-24,90.73687744140625
2015-09-25,89.95232391357422
2015-09-28,91.49178314208984
2015-09-29,91.75081634521484
2015-09-30,91.43254852294922
2015-10-01,91.82266235351562
2015-10-02,92.37889862060547
2015-10-05,91.12554931640625
2015-10-06,91.51860809326172
2015-10-07,91.21452331542969
2015-10-08,90.45066833496094
2015-10-09,90.68794250488281
2015-10-12,91.3777084350586
2015-10-13,91.53341674804688
2015-10-14,92.33438873291016
2015-10-15,91.88198852539062
2015-10-16,91.91162109375
2015-10-19,91.65949249267578
2015-10-20,91.09586334228516
2015-10-21,92.00069427490234
2015-10-22,92.15641021728516
2015-10-23,91.3702621459961
2015-10-26,91.9783935546875
2015-10-27,92.20832824707031
2015-10-28,91.83747100830078
2015-10-29,90.37645721435547
2015-10-30,91.05879211425781
2015-11-02,90.64031219482422
2015-11-03,89.89705657958984
2015-11-04,90.0011215209961
2015-11-05,89.76329040527344
2015-11-06,88.44775390625
2015-11-09,87.94969177246094
2015-11-10,88.20985412597656
2015-11-11,88.0240249633789
2015-11-12,88.44775390625
2015-11-13,88.95314025878906
2015-11-16,88.87137603759766
2015-11-17,89.0199966430664
2015-11-18,89.2058334350586
2015-11-19,89.80046081542969
2015-11-20,89.5254135131836
2015-11-23,89.80046081542969
2015-11-24,89.79301452636719
2015-11-25,90.0011215209961
2015-11-27,89.91190338134766
2015-11-30,90.26868438720703
2015-12-01,91.48796844482422
2015-12-02,91.51777648925781
2015-12-03,89.03005981445312
2015-12-04,89.81211853027344
2015-12-07,90.6835708618164
2015-12-08,90.72823333740234
2015-12-09,90.63147735595703
2015-12-10,90.75059509277344
2015-12-11,92.1806869506836
2015-12-14,90.98898315429688
2015-12-15,90.45266723632812
2015-12-16,90.25898742675781
2015-12-17,91.27944946289062
2015-12-18,91.78591918945312
2015-12-21,91.76359558105469
2015-12-22,91.10066223144531
2015-12-23,90.4154052734375
2015-12-24,90.93344116210938
2015-12-28,91.20216369628906
2015-12-29,89.68694305419922
2015-12-30,89.5973892211914
2015-12-31,90.00043487548828
2016-01-04,90.64978790283203
2016-01-05,90.28401947021484
2016-01-06,91.50067138671875
2016-01-07,91.66488647460938
2016-01-08,92.07542419433594
2016-01-11,91.0677719116211
2016-01-12,92.38141632080078
2016-01-13,93.29203033447266
2016-01-14,92.41876983642578
2016-01-15,93.85929107666016
2016-01-19,93.56818389892578
2016-01-20,94.55343627929688
2016-01-21,93.91154479980469
2016-01-22,93.55329132080078
2016-01-25,94.06082153320312
2016-01-26,94.10560607910156
2016-01-27,94.08320617675781
2016-01-28,94.21755981445312
2016-01-29,95.01622009277344
2016-02-01,94.72531127929688
2016-02-02,96.48265838623047
2016-02-03,95.68250274658203
2016-02-04,96.14616394042969
2016-02-05,96.25830078125
2016-02-08,98.32976531982422
2016-02-09,98.43450927734375
2016-02-10,99.30192565917969
2016-02-11,99.99740600585938
2016-02-12,98.3372802734375
2016-02-16,97.29780578613281
2016-02-17,96.69953918457031
2016-02-18,97.8885269165039
2016-02-19,97.97084045410156
2016-02-22,97.91852569580078
2016-02-23,98.3148193359375
2016-02-24,98.12037658691406
2016-02-25,98.47183990478516
2016-02-26,97.52208709716797
2016-02-29,97.9483871459961
2016-03-01,96.22367095947266
2016-03-02,96.62071990966797
2016-03-03,96.97283935546875
2016-03-04,96.35099792480469
2016-03-07,96.3210220336914
2016-03-08,97.3849105834961
2016-03-09,96.79307556152344
2016-03-10,96.39598083496094
2016-03-11,95.42196655273438
2016-03-14,95.7216567993164
2016-03-15,95.81153869628906
2016-03-16,96.09628295898438
2016-03-17,96.49334716796875
2016-03-18,96.69562530517578
2016-03-21,95.95396423339844
2016-03-22,95.93142700195312
2016-03-23,97.0178451538086
2016-03-24,97.05526733398438
2016-03-28,97.18267822265625
2016-03-29,98.20159912109375
2016-03-30,97.16770935058594
2016-03-31,97.85697937011719
2016-04-01,98.11222076416016
2016-04-04,98.17230987548828
2016-04-05,99.24592590332031
2016-04-06,98.52511596679688
2016-04-07,99.74146270751953
2016-04-08,99.11077880859375
2016-04-11,98.98311614990234
2016-04-12,98.29991149902344
2016-04-13,98.64531707763672
2016-04-14,98.17230987548828
2016-04-15,99.01316833496094
2016-04-18,98.58521270751953
2016-04-19,98.27739715576172
2016-04-20,97.19630432128906
2016-04-21,96.61817932128906
2016-04-22,96.37042236328125
2016-04-25,95.97248840332031
2016-04-26,95.53706359863281
2016-04-27,96.49054718017578
2016-04-28,96.88848114013672
2016-04-29,97.13622283935547
2016-05-02,96.15824890136719
2016-05-03,97.36945343017578
2016-05-04,97.90357971191406
2016-05-05,98.55806732177734
2016-05-06,98.13676452636719
2016-05-09,98.44524383544922
2016-05-10,98.45274353027344
2016-05-11,99.00940704345703
2016-05-12,98.55806732177734
2016-05-13,99.51347351074219
2016-05-16,98.65589141845703
2016-05-17,98.82135772705078
2016-05-18,97.4145736694336
2016-05-19,97.83585357666016
2016-05-20,97.91107940673828
2016-05-23,98.12924194335938
2016-05-24,97.69287872314453
2016-05-25,97.32430267333984
2016-05-26,97.82830047607422
2016-05-27,97.68541717529297
2016-05-31,97.91864776611328
2016-06-01,98.31591033935547
2016-06-02,99.02447509765625
2016-06-03,100.4342041015625
2016-06-06,99.68785095214844
2016-06-07,99.9291000366211
2016-06-08,100.46428680419922
2016-06-09,101.11264038085938
2016-06-10,101.60261535644531
2016-06-13,102.05492401123047
2016-06-14,101.97955322265625
2016-06-15,102.37152862548828
2016-06-16,102.86908721923828
2016-06-17,102.22833251953125
2016-06-20,101.13520812988281
2016-06-21,100.66786193847656
2016-06-22,100.83370971679688
2016-06-23,99.68035125732422
2016-06-24,102.35651397705078
2016-06-27,104.91199493408203
2016-06-28,105.13060760498047
2016-06-29,104.32402038574219
2016-06-30,104.70845031738281
2016-07-01,106.16224670410156
2016-07-05,107.49143981933594
2016-07-06,107.66514587402344
2016-07-07,107.6575927734375
2016-07-08,108.45060729980469
2016-07-11,107.4990234375
2016-07-12,105.7317886352539
2016-07-13,106.97789764404297
2016-07-14,105.42212677001953
2016-07-15,104.51585388183594
2016-07-18,104.41768646240234
2016-07-19,105.00675964355469
2016-07-20,104.43279266357422
2016-07-21,104.64421844482422
2016-07-22,104.82550048828125
2016-07-25,104.74994659423828
2016-07-26,104.91613006591797
2016-07-27,106.22271728515625
2016-07-28,106.02632141113281
2016-07-29,106.90990447998047
2016-08-01,105.75082397460938
2016-08-02,104.66134643554688
2016-08-03,104.72181701660156
2016-08-04,105.50872802734375
2016-08-05,104.41162872314453
2016-08-08,104.60834503173828
2016-08-09,105.63729858398438
2016-08-10,106.04585266113281
2016-08-11,105.10015869140625
2016-08-12,105.98538208007812
2016-08-15,104.98661041259766
2016-08-16,104.70674133300781
2016-08-17,105.33466339111328
2016-08-18,105.50109100341797
2016-08-19,104.94879913330078
2016-08-22,105.83404541015625
2016-08-23,105.94750213623047
2016-08-24,105.69783782958984
2016-08-25,105.29685974121094
2016-08-26,104.68396759033203
2016-08-29,106.08369445800781
2016-08-30,105.67513275146484
2016-08-31,105.8264389038086
2016-09-01,105.9432144165039
2016-09-02,105.07914733886719
2016-09-06,105.84467315673828
2016-09-07,105.76883697509766
2016-09-08,104.4424057006836
2016-09-09,102.72178649902344
2016-09-12,102.77483367919922
2016-09-13,101.60752868652344
2016-09-14,101.75918579101562
2016-09-15,101.31952667236328
2016-09-16,102.13810729980469
2016-09-19,101.80461120605469
2016-09-20,102.1608657836914
2016-09-21,102.98709869384766
2016-09-22,103.80572509765625
2016-09-23,103.7071533203125
2016-09-26,104.3665771484375
2016-09-27,105.1321792602539
2016-09-28,104.90473175048828
2016-09-29,105.1700668334961
2016-09-30,104.2301254272461
2016-10-03,103.88619232177734
2016-10-04,102.6712417602539
2016-10-05,102.19285583496094
2016-10-06,101.62332153320312
2016-10-07,101.69160461425781
2016-10-10,101.09175109863281
2016-10-11,100.86397552490234
2016-10-12,100.96270751953125
2016-10-13,101.34236145019531
2016-10-14,99.92240142822266
2016-10-17,100.56021881103516
2016-10-18,100.88673400878906
2016-10-19,100.97027587890625
2016-10-20,101.07661437988281
2016-10-21,101.22845458984375
2016-10-24,100.78799438476562
2016-10-25,101.05384063720703
2016-10-26,100.37041473388672
2016-10-27,99.27693939208984
2016-10-28,99.05672454833984
2016-10-31,99.66423797607422
2016-11-01,99.67181396484375
2016-11-02,100.10546112060547
2016-11-03,99.33711242675781
2016-11-04,100.2271957397461
2016-11-07,99.37512969970703
2016-11-08,98.97188568115234
2016-11-09,94.77227783203125
2016-11-10,93.3724594116211
2016-11-11,92.84748840332031
2016-11-14,92.29210662841797
2016-11-15,92.7485580444336
2016-11-16,93.58545684814453
2016-11-17,92.20845794677734
2016-11-18,91.942138671875
2016-11-21,92.17036437988281
2016-11-22,92.13996124267578
2016-11-23,91.78240203857422
2016-11-25,91.91932678222656
2016-11-28,92.59642791748047
2016-11-29,92.98441314697266
2016-11-30,91.47808074951172
2016-12-01,90.51215362548828
2016-12-02,91.17542266845703
2016-12-05,91.07630920410156
2016-12-06,91.00768280029297
2016-12-07,91.7852554321289
2016-12-08,90.7027587890625
2016-12-09,89.57447814941406
2016-12-12,89.74219512939453
2016-12-13,90.06237030029297
2016-12-14,89.05609130859375
2016-12-15,89.5058822631836
2016-12-16,89.30009460449219
2016-12-19,90.26065826416016
2016-12-20,89.81082153320312
2016-12-21,90.20726776123047
2016-12-22,90.0459976196289
2016-12-23,90.22940063476562
2016-12-27,89.93895721435547
2016-12-28,90.59627532958984
2016-12-29,90.91732788085938
2016-12-30,91.05488586425781
2017-01-03,91.4447021484375
2017-01-04,91.79630279541016
2017-01-05,93.23326110839844
2017-01-06,92.377197265625
2017-01-09,93.11859130859375
2017-01-10,93.05741882324219
2017-01-11,93.37081909179688
2017-01-12,93.1644287109375
2017-01-13,92.72113037109375
2017-01-17,93.69184112548828
2017-01-18,92.49182891845703
2017-01-19,91.85743713378906
2017-01-20,91.6739501953125
2017-01-23,92.5911636352539
2017-01-24,91.956787109375
2017-01-25,90.80267333984375
2017-01-26,91.10839080810547
2017-01-27,91.43704223632812
2017-01-30,91.16188049316406
2017-01-31,91.79630279541016
2017-02-01,91.22869110107422
2017-02-02,91.19039916992188
2017-02-03,91.15206909179688
2017-02-06,91.70361328125
2017-02-07,92.37767028808594
2017-02-08,93.63390350341797
2017-02-09,92.55380249023438
2017-02-10,92.50025177001953
2017-02-13,92.20913696289062
2017-02-14,91.54277038574219
2017-02-15,91.1214370727539
2017-02-16,91.619384765625
2017-02-17,92.16321563720703
2017-02-21,92.0023422241211
2017-02-22,92.15552520751953
2017-02-23,92.4312973022461
2017-02-24,93.4577407836914
2017-02-27,92.90619659423828
2017-02-28,93.25090026855469
2017-03-01,91.6883316040039
2017-03-02,91.3582992553711
2017-03-03,91.59623718261719
2017-03-06,91.15882110595703
2017-03-07,90.88249206542969
2017-03-08,90.39140319824219
2017-03-09,89.66991424560547
2017-03-10,89.98456573486328
2017-03-13,89.41667175292969
2017-03-14,89.84647369384766
2017-03-15,90.94392395019531
2017-03-16,90.4834213256836
2017-03-17,91.0513916015625
2017-03-20,91.44280242919922
2017-03-21,92.20252227783203
2017-03-22,92.57086181640625
2017-03-23,92.44046020507812
2017-03-24,92.77051544189453
2017-03-27,93.19261169433594
2017-03-28,92.57086181640625
2017-03-29,93.12350463867188
2017-03-30,92.37138366699219
2017-03-31,92.63996887207031
2017-04-03,93.57445526123047
2017-04-04,93.06686401367188
2017-04-05,93.35137939453125
2017-04-06,93.21294403076172
2017-04-07,92.83610534667969
2017-04-10,93.26679992675781
2017-04-11,94.15122985839844
2017-04-12,94.66654968261719
2017-04-13,94.9587631225586
2017-04-17,94.66654968261719
2017-04-18,95.9047622680664
2017-04-19,95.38176727294922
2017-04-20,95.01261901855469
2017-04-21,95.01261901855469
2017-04-24,94.54347229003906
2017-04-25,93.40522003173828
2017-04-26,93.92050170898438
2017-04-27,93.8897476196289
2017-04-28,94.09738159179688
2017-05-01,93.31514739990234
2017-05-02,93.79293823242188
2017-05-03,93.85462188720703
2017-05-04,93.39221954345703
2017-05-05,93.47699737548828
2017-05-08,92.96830749511719
2017-05-09,92.96061706542969
2017-05-10,92.85272979736328
2017-05-11,92.85272979736328
2017-05-12,93.55409240722656
2017-05-15,93.29975891113281
2017-05-16,93.64659118652344
2017-05-17,95.01060485839844
2017-05-18,95.11857604980469
2017-05-19,95.34204864501953
2017-05-22,95.08006286621094
2017-05-23,94.44037628173828
2017-05-24,94.97219848632812
2017-05-25,95.00300598144531
2017-05-26,95.16481018066406
2017-05-30,95.63495635986328
2017-05-31,95.87385559082031
2017-06-01,95.88387298583984
2017-06-02,97.01924133300781
2017-06-05,96.41677856445312
2017-06-06,96.94195556640625
2017-06-07,96.47859191894531
2017-06-08,96.22370910644531
2017-06-09,96.07697296142578
2017-06-12,96.04612731933594
2017-06-13,96.06156921386719
2017-06-14,97.54439544677734
2017-06-15,97.38992309570312
2017-06-16,97.58300018310547
2017-06-19,97.44398498535156
2017-06-20,98.31671905517578
2017-06-21,98.51748657226562
2017-06-22,98.7337417602539
2017-06-23,98.68742370605469
2017-06-26,99.05817413330078
2017-06-27,98.00006866455078
2017-06-28,97.67568969726562
2017-06-29,96.85704040527344
2017-06-30,96.63304901123047
2017-07-03,96.32191467285156
2017-07-05,96.34518432617188
2017-07-06,95.54800415039062
2017-07-07,94.97529602050781
2017-07-10,95.11460876464844
2017-07-11,95.2771224975586
2017-07-12,95.9349594116211
2017-07-13,95.331298828125
2017-07-14,95.4473648071289
2017-07-17,95.71057891845703
2017-07-18,96.54637908935547
2017-07-19,96.58509063720703
2017-07-20,96.86366271972656
2017-07-21,97.27385711669922
2017-07-24,96.8946533203125
2017-07-25,95.63316345214844
2017-07-26,95.78791809082031
2017-07-27,95.31585693359375
2017-07-28,95.88081359863281
2017-07-31,95.99690246582031
2017-08-01,96.6709213256836
2017-08-02,96.72515106201172
2017-08-03,97.72569274902344
2017-08-04,96.89582061767578
2017-08-07,97.00438690185547
2017-08-08,96.6553726196289
2017-08-09,97.18280029296875
2017-08-10,98.01264953613281
2017-08-11,98.05921173095703
2017-08-14,97.55508422851562
2017-08-15,97.14399719238281
2017-08-16,97.50078582763672
2017-08-17,98.22980499267578
2017-08-18,98.20657348632812
2017-08-21,98.44700622558594
2017-08-22,98.06697845458984
2017-08-23,98.7339859008789
2017-08-24,98.36943054199219
2017-08-25,98.74947357177734
2017-08-28,98.68743133544922
2017-08-29,99.00547790527344
2017-08-30,98.97442626953125
2017-08-31,99.2691421508789
2017-09-01,98.50983428955078
2017-09-05,100.072021484375
2017-09-06,99.45803833007812
2017-09-07,100.47611236572266
2017-09-08,100.25853729248047
2017-09-11,99.0616683959961
2017-09-12,98.54090881347656
2017-09-13,98.15231323242188
2017-09-14,98.55646514892578
2017-09-15,98.59532928466797
2017-09-18,98.0279312133789
2017-09-19,97.78703308105469
2017-09-20,97.85697174072266
2017-09-21,97.80256652832031
2017-09-22,98.08236694335938
2017-09-25,98.69635772705078
2017-09-26,98.5176010131836
2017-09-27,97.03314971923828
2017-09-28,96.7456283569336
2017-09-29,96.96316528320312
2017-10-02,96.78565979003906
2017-10-03,96.87911224365234
2017-10-04,96.88684844970703
2017-10-05,96.52086639404297
2017-10-06,96.248291015625
2017-10-09,96.55201721191406
2017-10-10,96.70773315429688
2017-10-11,96.89466857910156
2017-10-12,97.30743408203125
2017-10-13,98.00829315185547
2017-10-16,97.93824768066406
2017-10-17,98.06282043457031
2017-10-18,97.41642761230469
2017-10-19,97.58777618408203
2017-10-20,96.55201721191406
2017-10-23,96.72334289550781
2017-10-24,96.1236572265625
2017-10-25,95.6642074584961
2017-10-26,95.34496307373047
2017-10-27,95.9757308959961
2017-10-30,96.89466857910156
2017-10-31,96.92581176757812
2017-11-01,97.35740661621094
2017-11-02,97.78661346435547
2017-11-03,98.05198669433594
2017-11-06,98.41875457763672
2017-11-07,98.8323745727539
2017-11-08,98.6138687133789
2017-11-09,98.33291625976562
2017-11-10,96.85012817382812
2017-11-13,97.05303192138672
2017-11-14,97.7085952758789
2017-11-15,98.76994323730469
2017-11-16,97.91150665283203
2017-11-17,98.63726806640625
2017-11-20,98.5982666015625
2017-11-21,98.91040802001953
2017-11-22,99.23040008544922
2017-11-24,98.95723724365234
2017-11-27,98.81676483154297
2017-11-28,98.94945526123047
2017-11-29,97.97390747070312
2017-11-30,97.6461181640625
2017-12-01,98.96385955810547
2017-12-04,99.01075744628906
2017-12-05,99.50341796875
2017-12-06,99.8475341796875
2017-12-07,99.06551361083984
2017-12-08,99.07331848144531
2017-12-11,98.8699951171875
2017-12-12,98.83087921142578
2017-12-13,99.5738296508789
2017-12-14,99.9961166381836
2017-12-15,100.37146759033203
2017-12-18,99.45651245117188
2017-12-19,98.16618347167969
2017-12-20,97.07919311523438
2017-12-21,97.64498901367188
2017-12-22,97.77822875976562
2017-12-26,98.06816864013672
2017-12-27,99.34556579589844
2017-12-28,99.25936889648438
2017-12-29,99.41606903076172
2018-01-02,98.34246063232422
2018-01-03,98.8126449584961
2018-01-04,98.7969970703125
2018-01-05,98.51488494873047
2018-01-08,98.45213317871094
2018-01-09,97.1356201171875
2018-01-10,97.01809692382812
2018-01-11,97.417724609375
2018-01-12,97.58228302001953
2018-01-16,97.98980712890625
2018-01-17,97.8565902709961
2018-01-18,96.94754791259766
2018-01-19,96.43814849853516
2018-01-22,96.53221130371094
2018-01-23,96.94754791259766
2018-01-24,96.42249298095703
2018-01-25,97.2139892578125
2018-01-26,96.85350036621094
2018-01-29,96.17955780029297
2018-01-30,95.61528015136719
2018-01-31,96.17955780029297
2018-02-01,94.78565979003906
2018-02-02,93.9061050415039
2018-02-05,94.79346466064453
2018-02-06,94.20453643798828
2018-02-07,93.30928039550781
2018-02-08,93.20720672607422
2018-02-09,92.61820983886719
2018-02-12,93.02654266357422
2018-02-13,93.44277954101562
2018-02-14,92.40614318847656
2018-02-15,92.72026062011719
2018-02-16,93.22289276123047
2018-02-20,92.81451416015625
2018-02-21,91.67584228515625
2018-02-22,91.9507064819336
2018-02-23,92.76737976074219
2018-02-26,92.79882049560547
2018-02-27,92.66533660888672
2018-02-28,93.25432586669922
2018-03-01,93.89090728759766
2018-03-02,93.12760162353516
2018-03-05,92.87579345703125
2018-03-06,92.96241760253906
2018-03-07,92.860107421875
2018-03-08,93.39515686035156
2018-03-09,92.78136444091797
2018-03-12,93.31647491455078
2018-03-13,93.78860473632812
2018-03-14,94.61483001708984
2018-03-15,94.61483001708984
2018-03-16,94.27645111083984
2018-03-19,93.97743225097656
2018-03-20,93.59976196289062
2018-03-21,93.7020034790039
2018-03-22,94.63054656982422
2018-03-23,94.55972290039062
2018-03-26,94.19779205322266
2018-03-27,95.20500183105469
2018-03-28,95.456787109375
2018-03-29,95.92103576660156
2018-04-02,96.11027526855469
2018-04-03,95.36907196044922
2018-04-04,95.17195129394531
2018-04-05,94.46224212646484
2018-04-06,95.49524688720703
2018-04-09,95.6529312133789
2018-04-10,95.47947692871094
2018-04-11,95.81851959228516
2018-04-12,95.11669921875
2018-04-13,95.33751678466797
2018-04-16,95.36907196044922
2018-04-17,95.62926483154297
2018-04-18,94.86438751220703
2018-04-19,94.09159851074219
2018-04-20,93.41339874267578
2018-04-23,93.43709564208984
2018-04-24,93.01123046875
2018-04-25,92.38827514648438
2018-04-26,93.03487396240234
2018-04-27,93.75244903564453
2018-04-30,93.91808319091797
2018-05-01,93.57987213134766
2018-05-02,93.47710418701172
2018-05-03,93.89595031738281
2018-05-04,94.03823852539062
2018-05-07,93.88802337646484
2018-05-08,93.8011474609375
2018-05-09,93.239990234375
2018-05-10,93.99080657958984
2018-05-11,94.2278823852539
2018-05-14,93.72997283935547
2018-05-15,92.66307830810547
2018-05-16,92.3074722290039
2018-05-17,91.8411865234375
2018-05-18,92.63148498535156
2018-05-21,92.67887115478516
2018-05-22,92.53665161132812
2018-05-23,93.20841979980469
2018-05-24,93.95127868652344
2018-05-25,94.53609466552734
2018-05-29,96.60670471191406
2018-05-30,95.95864868164062
2018-05-31,95.80058288574219
2018-06-01,95.29438781738281
2018-06-04,94.6052474975586
2018-06-05,94.8270492553711
2018-06-06,94.05867767333984
2018-06-07,94.96963500976562
2018-06-08,94.68443298339844
2018-06-11,94.51018524169922
2018-06-12,94.53398132324219
2018-06-13,94.48643493652344
2018-06-14,95.2706527709961
2018-06-15,95.35775756835938
2018-06-18,95.2706527709961
2018-06-19,95.82515716552734
2018-06-20,94.9854736328125
2018-06-21,95.48452758789062
2018-06-22,95.47663879394531
2018-06-25,95.69047546386719
2018-06-26,95.82515716552734
2018-06-27,96.72818756103516
2018-06-28,96.751953125
2018-06-29,96.41921997070312
2018-07-02,96.34381866455078
2018-07-03,96.85987091064453
2018-07-05,97.13773345947266
2018-07-06,97.45536041259766
2018-07-09,96.82814025878906
2018-07-10,96.82020568847656
2018-07-11,97.193359375
2018-07-12,97.18536376953125
2018-07-13,97.43152618408203
2018-07-16,97.02664947509766
2018-07-17,96.84400939941406
2018-07-18,96.45497131347656
2018-07-19,97.06632232666016
2018-07-20,95.87539672851562
2018-07-23,94.69242095947266
2018-07-24,95.01792907714844
2018-07-25,94.86714172363281
2018-07-26,94.68447875976562
2018-07-27,94.84324645996094
2018-07-30,94.51778411865234
2018-07-31,95.0337905883789
2018-08-01,94.2596664428711
2018-08-02,94.39490509033203
2018-08-03,94.86437225341797
2018-08-06,94.9200439453125
2018-08-07,94.42671966552734
2018-08-08,94.52220153808594
2018-08-09,95.31790161132812
2018-08-10,96.01017761230469
2018-08-13,95.81124114990234
2018-08-14,95.59638977050781
2018-08-15,96.15337371826172
2018-08-16,96.14543914794922
2018-08-17,96.26481628417969
2018-08-20,96.90931701660156
2018-08-21,96.58306884765625
2018-08-22,96.96503448486328
2018-08-23,97.11621856689453
2018-08-24,97.30718231201172
2018-08-27,96.75016784667969
2018-08-28,96.16930389404297
2018-08-29,96.2966079711914
2018-08-30,96.50349426269531
2018-08-31,96.28069305419922
2018-09-04,95.72401428222656
2018-09-05,95.46885681152344
2018-09-06,95.81973266601562
2018-09-07,95.00634002685547
2018-09-10,95.35717010498047
2018-09-11,94.63145446777344
2018-09-12,94.85478973388672
2018-09-13,94.99830627441406
2018-09-14,94.54374694824219
2018-09-17,94.54374694824219
2018-09-18,93.5548095703125
2018-09-19,92.99657440185547
2018-09-20,93.42724609375
2018-09-21,93.38735961914062
2018-09-24,93.14810943603516
2018-09-25,93.05242156982422
2018-09-26,93.70635223388672
2018-09-27,93.77014923095703
2018-09-28,93.52294921875
2018-10-01,92.83636474609375
2018-10-02,93.40385437011719
2018-10-03,91.78132629394531
2018-10-04,91.1339111328125
2018-10-05,90.35062408447266
2018-10-08,90.046875
2018-10-09,90.95805358886719
2018-10-10,90.71029663085938
2018-10-11,91.8133316040039
2018-10-12,91.49358367919922
2018-10-15,91.45361328125
2018-10-16,91.66141510009766
2018-10-17,91.11793518066406
2018-10-18,91.0859375
2018-10-19,90.8861312866211
2018-10-22,90.7662582397461
2018-10-23,91.0539779663086
2018-10-24,91.74134063720703
2018-10-25,91.35771942138672
2018-10-26,91.90921020507812
2018-10-29,91.70140838623047
2018-10-30,91.24580383300781
2018-10-31,90.78221130371094
2018-11-01,90.86634063720703
2018-11-02,89.73661041259766
2018-11-05,90.08917236328125
2018-11-06,90.03309631347656
2018-11-07,90.1532974243164
2018-11-08,90.1452407836914
2018-11-09,90.81830596923828
2018-11-12,91.41121673583984
2018-11-13,91.35505676269531
2018-11-14,91.41121673583984
2018-11-15,91.37114715576172
2018-11-16,91.89989471435547
2018-11-19,92.1562728881836
2018-11-20,92.18833923339844
2018-11-21,92.1562728881836
2018-11-23,92.25247192382812
2018-11-26,92.04412841796875
2018-11-27,92.14827728271484
2018-11-28,91.6996078491211
2018-11-29,92.06015014648438
2018-11-30,92.40469360351562
2018-12-03,93.06080627441406
2018-12-04,94.6187744140625
2018-12-06,94.91593933105469
2018-12-07,95.09260559082031
2018-12-10,95.486083984375
2018-12-11,95.47004699707031
2018-12-12,95.04441833496094
2018-12-13,94.81954956054688
2018-12-14,95.1488265991211
2018-12-17,95.70294952392578
2018-12-18,96.27609252929688
2018-12-19,97.54792022705078
2018-12-20,97.19377136230469
2018-12-21,97.17770385742188
2018-12-24,97.66067504882812
2018-12-26,96.61421966552734
2018-12-27,96.63030242919922
2018-12-28,97.44332885742188
2018-12-31,97.8136215209961
2019-01-02,98.32882690429688
2019-01-03,99.44771575927734
2019-01-04,98.29662322998047
2019-01-07,98.00679779052734
2019-01-08,97.74918365478516
2019-01-09,97.59623718261719
2019-01-10,96.9683609008789
2019-01-11,97.3467025756836
2019-01-14,96.9844741821289
2019-01-15,96.63030242919922
2019-01-16,96.72685241699219
2019-01-17,96.75100708007812
2019-01-18,96.24391174316406
2019-01-22,96.89594268798828
2019-01-23,96.85565185546875
2019-01-24,97.49158477783203
2019-01-25,97.02471160888672
2019-01-28,96.92813110351562
2019-01-29,97.41919708251953
2019-01-30,97.3467025756836
2019-01-31,98.18390655517578
2019-02-01,97.59093475341797
2019-02-04,97.15523529052734
2019-02-05,97.59896850585938
2019-02-06,97.6473617553711
2019-02-07,98.29279327392578
2019-02-08,98.71236419677734
2019-02-11,98.32504272460938
2019-02-12,98.07499694824219
2019-02-13,97.70384979248047
2019-02-14,98.26053619384766
2019-02-15,98.41383361816406
2019-02-19,98.6639404296875
2019-02-20,98.38157653808594
2019-02-21,97.50220489501953
2019-02-22,98.08306121826172
2019-02-25,97.79258728027344
2019-02-26,98.27668762207031
2019-02-27,97.16328430175781
2019-02-28,96.83252716064453
2019-03-01,95.9375228881836
2019-03-04,96.68939208984375
2019-03-05,96.89154815673828
2019-03-06,97.24728393554688
2019-03-07,97.8779067993164
2019-03-08,98.2902603149414
2019-03-11,97.9991683959961
2019-03-12,98.68643951416016
2019-03-13,98.50045013427734
2019-03-14,97.78895568847656
2019-03-15,98.43579864501953
2019-03-18,98.37914276123047
2019-03-19,98.16087341308594
2019-03-20,99.18770599365234
2019-03-21,99.40599060058594
2019-03-22,100.95023345947266
2019-03-25,101.11192321777344
2019-03-26,101.03919219970703
2019-03-27,101.96894836425781
2019-03-28,102.32471466064453
2019-03-29,102.22770690917969
2019-04-01,100.77562713623047
2019-04-02,100.96205139160156
2019-04-03,100.0869140625
2019-04-04,100.3704833984375
2019-04-05,100.50016784667969
2019-04-08,100.1435775756836
2019-04-09,100.45960235595703
2019-04-10,100.70272827148438
2019-04-11,100.11116027832031
2019-04-12,99.39811706542969
2019-04-15,99.64934539794922
2019-04-16,99.02540588378906
2019-04-17,99.06591796875
2019-04-18,99.58453369140625
2019-04-22,99.10646057128906
2019-04-23,99.31710815429688
2019-04-24,100.12742614746094
2019-04-25,99.98157501220703
2019-04-26,100.32186889648438
2019-04-29,99.68174743652344
2019-04-30,100.19222259521484
2019-05-01,100.60552215576172
2019-05-02,100.12646484375
2019-05-03,100.41062927246094
2019-05-06,100.68670654296875
2019-05-07,101.45811462402344
2019-05-08,101.01964569091797
2019-05-09,101.43378448486328
2019-05-10,101.29573059082031
2019-05-13,102.09146118164062
2019-05-14,101.79105377197266
2019-05-15,102.41629791259766
2019-05-16,102.07522583007812
2019-05-17,102.30262756347656
2019-05-20,102.09146118164062
2019-05-21,101.92909240722656
2019-05-22,102.51367950439453
2019-05-23,103.66671752929688
2019-05-24,103.75605773925781
2019-05-28,104.50306701660156
2019-05-29,104.81975555419922
2019-05-30,105.72105407714844
2019-05-31,107.04457092285156
2019-06-03,107.76063537597656
2019-06-04,106.53199768066406
2019-06-05,105.92988586425781
2019-06-06,106.27163696289062
2019-06-07,107.19107818603516
2019-06-10,106.1821517944336
2019-06-11,106.24723815917969
2019-06-12,106.32855987548828
2019-06-13,106.69476318359375
2019-06-14,106.9632339477539
2019-06-17,107.15039825439453
2019-06-18,107.68737030029297
2019-06-19,107.84199523925781
2019-06-20,108.12680053710938
2019-06-21,106.93883514404297
2019-06-24,107.73616790771484
2019-06-25,108.06981658935547
2019-06-26,107.37825012207031
2019-06-27,108.13493347167969
2019-06-28,108.06167602539062
2019-07-01,107.8089370727539
2019-07-02,108.64049530029297
2019-07-03,109.41499328613281
2019-07-05,107.9638671875
2019-07-08,108.11061096191406
2019-07-09,108.06983184814453
2019-07-10,107.47467041015625
2019-07-11,106.03986358642578
2019-07-12,106.1621322631836
2019-07-15,106.77355194091797
2019-07-16,106.45561218261719
2019-07-17,107.60515594482422
2019-07-18,107.6132583618164
2019-07-19,107.36054992675781
2019-07-22,107.56437683105469
2019-07-23,106.9773941040039
2019-07-24,107.44207000732422
2019-07-25,106.92851257324219
2019-07-26,107.18119812011719
2019-07-29,107.21379852294922
2019-07-30,107.47467041015625
2019-07-31,108.3388900756836
2019-08-01,110.49053955078125
2019-08-02,111.5116195678711
2019-08-05,113.43946075439453
2019-08-06,114.34611511230469
2019-08-07,114.38703918457031
2019-08-08,114.6320571899414
2019-08-09,114.40335083007812
2019-08-12,116.78866577148438
2019-08-13,116.38838195800781
2019-08-14,119.0104751586914
2019-08-15,120.3338623046875
2019-08-16,119.36993408203125
2019-08-19,117.66273498535156
2019-08-20,118.87982177734375
2019-08-21,118.08747863769531
2019-08-22,117.30326080322266
2019-08-23,119.23108673095703
2019-08-26,118.74911499023438
2019-08-27,120.57886505126953
2019-08-28,120.73410034179688
2019-08-29,120.27667999267578
2019-08-30,120.30936431884766
2019-09-03,120.46485137939453
2019-09-04,120.64485168457031
2019-09-05,118.45996856689453
2019-09-06,119.30282592773438
2019-09-09,117.18338012695312
2019-09-10,115.12938690185547
2019-09-11,114.92483520507812
2019-09-12,114.17198181152344
2019-09-13,111.73334503173828
2019-09-16,113.15725708007812
2019-09-17,113.77092742919922
2019-09-18,114.2537612915039
2019-09-19,114.59744262695312
2019-09-20,116.11137390136719
2019-09-23,116.08685302734375
2019-09-24,117.4861068725586
2019-09-25,115.76766204833984
2019-09-26,116.51236724853516
2019-09-27,116.79874420166016
2019-09-30,117.08515167236328
2019-10-01,117.43765258789062
2019-10-02,117.72457885742188
2019-10-03,118.79845428466797
2019-10-04,119.67557525634766
2019-10-07,118.68367767333984
2019-10-08,119.00334930419922
2019-10-09,118.3311767578125
2019-10-10,116.56871795654297
2019-10-11,115.12600708007812
2019-10-14,115.96208953857422
2019-10-15,114.56034088134766
2019-10-16,114.69966888427734
2019-10-17,114.4210433959961
2019-10-18,114.4210433959961
2019-10-21,113.56025695800781
2019-10-22,114.22419738769531
2019-10-23,114.33902740478516
2019-10-24,114.10945129394531
2019-10-25,113.55205535888672
2019-10-28,112.51917266845703
2019-10-29,112.59294128417969
2019-10-30,114.24066162109375
2019-10-31,115.78174591064453
2019-11-01,115.42535400390625
2019-11-04,113.90618133544922
2019-11-05,112.6251220703125
2019-11-06,113.30667114257812
2019-11-07,111.25375366210938
2019-11-08,110.78571319580078
2019-11-11,110.85963439941406
2019-11-12,111.36870574951172
2019-11-13,112.09136199951172
2019-11-14,113.24920654296875
2019-11-15,113.1260757446289
2019-11-18,113.33138275146484
2019-11-19,114.2757339477539
2019-11-20,115.45824432373047
2019-11-21,114.73561096191406
2019-11-22,114.88339233398438
2019-11-25,115.22008514404297
2019-11-26,115.89347076416016
2019-11-27,115.55670928955078
2019-11-29,115.3104019165039
2019-12-02,113.77297973632812
2019-12-03,116.15852355957031
2019-12-04,114.9986343383789
2019-12-05,114.43927764892578
2019-12-06,113.80592346191406
2019-12-09,114.05265045166016
2019-12-10,114.06086730957031
2019-12-11,114.95745849609375
2019-12-12,113.06554412841797
2019-12-13,114.37345886230469
2019-12-16,113.3452377319336
2019-12-17,113.18896484375
2019-12-18,112.2594223022461
2019-12-19,112.43904876708984
2019-12-20,112.58728790283203
2019-12-23,112.42256927490234
2019-12-24,112.74386596679688
2019-12-26,113.01576232910156
2019-12-27,113.13936614990234
2019-12-30,112.72736358642578
2019-12-31,111.62336730957031
2020-01-02,112.88394165039062
2020-01-03,114.62236785888672
2020-01-06,113.97148895263672
2020-01-07,113.41120910644531
2020-01-08,112.6615219116211
2020-01-09,113.05692291259766
2020-01-10,114.06214141845703
2020-01-13,113.71605682373047
2020-01-14,114.30101776123047
2020-01-15,115.05907440185547
2020-01-16,114.696533203125
2020-01-17,113.71605682373047
2020-01-21,114.91073608398438
2020-01-22,115.3144760131836
2020-01-23,116.12185668945312
2020-01-24,117.0611572265625
2020-01-27,118.88197326660156
2020-01-28,117.95101165771484
2020-01-29,119.1044692993164
2020-01-30,119.12091827392578
2020-01-31,120.20848846435547
2020-02-03,120.11109161376953
2020-02-04,118.49356842041016
2020-02-05,117.19786071777344
2020-02-06,117.72604370117188
2020-02-07,119.1950454711914
2020-02-10,119.5251693725586
2020-02-11,118.92269134521484
2020-02-12,118.32028198242188
2020-02-13,118.77420043945312
2020-02-14,119.2940444946289
2020-02-18,120.11109161376953
2020-02-19,120.10287475585938
2020-02-20,121.04364013671875
2020-02-21,122.17433166503906
2020-02-24,123.99808502197266
2020-02-25,124.65848541259766
2020-02-26,123.99808502197266
2020-02-27,125.34339904785156
2020-02-28,128.17405700683594
2020-03-02,127.23096466064453
2020-03-03,129.20639038085938
2020-03-04,127.83441925048828
2020-03-05,131.01638793945312
2020-03-06,137.83494567871094
2020-03-09,141.57070922851562
2020-03-10,134.31417846679688
2020-03-11,129.37168884277344
2020-03-12,130.17330932617188
2020-03-13,127.23096466064453
2020-03-16,135.47125244140625
2020-03-17,126.43754577636719
2020-03-18,119.30493927001953
2020-03-19,122.5530776977539
2020-03-20,131.76856994628906
2020-03-23,137.1985626220703
2020-03-24,134.644775390625
2020-03-25,134.3389129638672
2020-03-26,135.00013732910156
2020-03-27,138.6036834716797
2020-03-30,137.46311950683594
2020-03-31,136.34735107421875
2020-04-01,138.2576141357422
2020-04-02,139.1349639892578
2020-04-03,139.4661102294922
2020-04-06,139.10183715820312
2020-04-07,137.64515686035156
2020-04-08,136.6436004638672
2020-04-09,136.8919677734375
2020-04-13,135.6421661376953
2020-04-14,135.60902404785156
2020-04-15,139.20120239257812
2020-04-16,140.78208923339844
2020-04-17,138.89495849609375
2020-04-20,140.0123291015625
2020-04-21,141.77528381347656
2020-04-22,140.32681274414062
2020-04-23,141.0718231201172
2020-04-24,141.40281677246094
2020-04-27,138.770751953125
2020-04-28,140.36827087402344
2020-04-29,139.63986206054688
2020-04-30,138.00930786132812
2020-05-01,139.19110107421875
2020-05-04,138.53634643554688
2020-05-05,137.64964294433594
2020-05-06,135.42857360839844
2020-05-07,137.69113159179688
2020-05-08,135.90093994140625
2020-05-11,134.8400421142578
2020-05-12,136.22418212890625
2020-05-13,137.17721557617188
2020-05-14,138.5198211669922
2020-05-15,138.16351318359375
2020-05-18,135.13018798828125
2020-05-19,135.63572692871094
2020-05-20,136.04180908203125
2020-05-21,136.38160705566406
2020-05-22,137.2021026611328
2020-05-26,135.36221313476562
2020-05-27,135.11363220214844
2020-05-28,134.6163330078125
2020-05-29,135.57778930664062
2020-06-01,134.6648712158203
2020-06-02,134.17535400390625
2020-06-03,132.39120483398438
2020-06-04,130.4742889404297
2020-06-05,129.5448455810547
2020-06-08,130.04275512695312
2020-06-09,131.51983642578125
2020-06-10,133.4700469970703
2020-06-11,135.99264526367188
2020-06-12,134.68145751953125
2020-06-15,134.75619506835938
2020-06-16,132.68988037109375
2020-06-17,133.23756408691406
2020-06-18,134.6483612060547
2020-06-19,134.75619506835938
2020-06-22,134.7728271484375
2020-06-23,133.85166931152344
2020-06-24,135.2872772216797
2020-06-25,135.6773223876953
2020-06-26,137.1294708251953
2020-06-29,136.69801330566406
2020-06-30,136.0341796875
2020-07-01,135.76991271972656
2020-07-02,135.91114807128906
2020-07-06,135.35452270507812
2020-07-07,137.257080078125
2020-07-08,136.70875549316406
2020-07-09,138.88536071777344
2020-07-10,138.1875457763672
2020-07-13,138.6444549560547
2020-07-14,138.84388732910156
2020-07-15,138.19583129882812
2020-07-16,138.85220336914062
2020-07-17,138.56146240234375
2020-07-20,138.9020538330078
2020-07-21,138.98516845703125
2020-07-22,139.40054321289062
2020-07-23,141.02890014648438
2020-07-24,141.02066040039062
2020-07-27,140.49717712402344
2020-07-28,141.46923828125
2020-07-29,141.2283172607422
2020-07-30,142.1588134765625
2020-07-31,142.06735229492188
2020-08-03,141.3521270751953
2020-08-04,142.6995391845703
2020-08-05,141.4519500732422
2020-08-06,142.24208068847656
2020-08-07,141.29385375976562
2020-08-10,140.66177368164062
2020-08-11,138.99002075195312
2020-08-12,137.7257843017578
2020-08-13,136.25364685058594
2020-08-14,135.72137451171875
2020-08-17,136.06234741210938
2020-08-18,137.03546142578125
2020-08-19,136.1787567138672
2020-08-20,137.40982055664062
2020-08-21,138.2331085205078
2020-08-24,138.0086212158203
2020-08-25,136.9523162841797
2020-08-26,136.42831420898438
2020-08-27,134.1077880859375
2020-08-28,134.00802612304688
2020-08-31,134.89788818359375
2020-09-01,136.44091796875
2020-09-02,137.73980712890625
2020-09-03,138.1311798095703
2020-09-04,135.50830078125
2020-09-08,136.34100341796875
2020-09-09,135.97450256347656
2020-09-10,136.6657257080078
2020-09-11,136.95713806152344
2020-09-14,136.94879150390625
2020-09-15,136.61573791503906
2020-09-16,136.20774841308594
2020-09-17,136.6240692138672
2020-09-18,136.19944763183594
2020-09-21,136.89044189453125
2020-09-22,136.78225708007812
2020-09-23,136.96546936035156
2020-09-24,137.49002075195312
2020-09-25,137.49002075195312
2020-09-28,137.09873962402344
2020-09-29,137.25686645507812
2020-09-30,135.9412841796875
2020-10-01,136.16551208496094
2020-10-02,135.6570281982422
2020-10-05,133.00640869140625
2020-10-06,133.72320556640625
2020-10-07,132.7480010986328
2020-10-08,133.4647979736328
2020-10-09,133.4398651123047
2020-10-12,133.8649444580078
2020-10-13,134.82350158691406
2020-10-14,135.1319122314453
2020-10-15,134.89849853515625
2020-10-16,134.52342224121094
2020-10-19,134.01499938964844
2020-10-20,132.7396240234375
2020-10-21,132.2812042236328
2020-10-22,130.90589904785156
2020-10-23,131.7060546875
2020-10-26,132.93138122558594
2020-10-27,133.8232879638672
2020-10-28,133.94825744628906
2020-10-29,132.6479949951172
2020-10-30,131.33934020996094
2020-11-02,132.32310485839844
2020-11-03,131.55548095703125
2020-11-04,134.40927124023438
2020-11-05,134.64288330078125
2020-11-06,133.01573181152344
2020-11-09,130.22032165527344
2020-11-10,129.46939086914062
2020-11-11,129.93670654296875
2020-11-12,132.1478729248047
2020-11-13,131.97265625
2020-11-16,131.65565490722656
2020-11-17,132.51499938964844
2020-11-18,132.8988800048828
2020-11-19,133.5831298828125
2020-11-20,134.76800537109375
2020-11-23,134.15052795410156
2020-11-24,132.8154296875
2020-11-25,132.40660095214844
2020-11-27,133.69161987304688
2020-11-30,133.5247344970703
2020-12-01,131.55599975585938
2020-12-02,130.51187133789062
2020-12-03,131.56434631347656
2020-12-04,129.6348114013672
2020-12-07,130.80421447753906
2020-12-08,131.42222595214844
2020-12-09,130.9879608154297
2020-12-10,132.14894104003906
2020-12-11,132.61672973632812
2020-12-14,132.249267578125
2020-12-15,131.80657958984375
2020-12-16,131.45570373535156
2020-12-17,131.10791015625
2020-12-18,130.7149200439453
2020-12-21,131.2332763671875
2020-12-22,131.91058349609375
2020-12-23,130.99920654296875
2020-12-24,131.51760864257812
2020-12-28,131.57614135742188
2020-12-29,131.40887451171875
2020-12-30,131.69320678710938
2020-12-31,131.885498046875
2021-01-04,131.72669982910156
2021-01-05,130.74832153320312
2021-01-06,128.06434631347656
2021-01-07,126.93553924560547
2021-01-08,126.52579498291016
2021-01-11,126.31678009033203
2021-01-12,126.2164077758789
2021-01-13,127.6378173828125
2021-01-14,126.4422378540039
2021-01-15,126.9438705444336
2021-01-19,127.3536148071289
2021-01-20,127.47903442382812
2021-01-21,126.58435821533203
2021-01-22,126.9940414428711
2021-01-25,128.49078369140625
2021-01-26,128.24835205078125
2021-01-27,128.57432556152344
2021-01-28,127.86365509033203
2021-01-29,127.09435272216797
2021-02-01,127.24170684814453
2021-02-02,126.42137145996094
2021-02-03,125.29965209960938
2021-02-04,124.96471405029297
2021-02-05,123.91832733154297
2021-02-08,124.46249389648438
2021-02-09,124.55464172363281
2021-02-10,125.38335418701172
2021-02-11,124.69692993164062
2021-02-12,123.14823913574219
2021-02-16,121.2730712890625
2021-02-17,122.04320526123047
2021-02-18,121.54933166503906
2021-02-19,119.93373107910156
2021-02-22,119.02122497558594
2021-02-23,118.67801666259766
2021-02-24,117.89949798583984
2021-02-25,115.97412872314453
2021-02-26,119.8081283569336
2021-03-01,118.22574615478516
2021-03-02,118.2341079711914
2021-03-03,116.95182037353516
2021-03-04,116.19743347167969
2021-03-05,116.42375946044922
2021-03-08,115.51863098144531
2021-03-09,117.11945343017578
2021-03-10,117.35408020019531
2021-03-11,116.5075912475586
2021-03-12,114.03515625
2021-03-15,114.70563507080078
2021-03-16,114.24464416503906
2021-03-17,113.38976287841797
2021-03-18,112.24153137207031
2021-03-19,112.93719482421875
2021-03-22,114.20276641845703
2021-03-23,115.23368072509766
2021-03-24,115.8538589477539
2021-03-25,114.94029998779297
2021-03-26,114.5379867553711
2021-03-29,113.56582641601562
2021-03-30,114.16085052490234
2021-03-31,113.52385711669922
2021-04-01,115.40802764892578
2021-04-05,114.90449523925781
2021-04-06,115.68502044677734
2021-04-07,114.87931823730469
2021-04-08,115.82769012451172
2021-04-09,115.40802764892578
2021-04-12,115.35767364501953
2021-04-13,116.22210693359375
2021-04-14,115.85282897949219
2021-04-15,117.79154968261719
2021-04-16,116.87671661376953
2021-04-19,116.54107666015625
2021-04-20,117.07819366455078
2021-04-21,117.31317138671875
2021-04-22,117.82514190673828
2021-04-23,117.54817199707031
2021-04-26,117.38031005859375
2021-04-27,116.35637664794922
2021-04-28,116.43193054199219
2021-04-29,116.0878677368164
2021-04-30,116.35637664794922
2021-05-03,116.42621612548828
2021-05-04,117.21626281738281
2021-05-05,117.40959167480469
2021-05-06,117.60285186767578
2021-05-07,117.02293395996094
2021-05-10,115.83779907226562
2021-05-11,115.1822280883789
2021-05-12,113.97195434570312
2021-05-13,114.14842224121094
2021-05-14,115.21585845947266
2021-05-17,114.97212982177734
2021-05-18,114.67796325683594
2021-05-19,114.40056610107422
2021-05-20,115.34194946289062
2021-05-21,115.71175384521484
2021-05-24,116.14038848876953
2021-05-25,117.21626281738281
2021-05-26,117.0145263671875
2021-05-27,116.54383087158203
2021-05-28,116.35897827148438
2021-06-01,116.33283996582031
2021-06-02,116.60215759277344
2021-06-03,116.16451263427734
2021-06-04,117.75531005859375
2021-06-07,117.3934097290039
2021-06-08,118.2182846069336
2021-06-09,119.26197052001953
2021-06-10,119.97744750976562
2021-06-11,119.78385925292969
2021-06-14,118.86638641357422
2021-06-15,118.72328186035156
2021-06-16,118.62232208251953
2021-06-17,120.39830017089844
2021-06-18,122.66248321533203
2021-06-21,120.60871124267578
2021-06-22,120.90332794189453
2021-06-23,120.59187316894531
2021-06-24,120.78546905517578
2021-06-25,119.53131866455078
2021-06-28,120.76023864746094
2021-06-29,120.96227264404297
2021-06-30,121.50094604492188
2021-07-01,121.50769805908203
2021-07-02,122.24085235595703
2021-07-06,123.6737289428711
2021-07-07,124.76930236816406
2021-07-08,125.25818634033203
2021-07-09,123.49666595458984
2021-07-12,123.33661651611328
2021-07-13,122.3926773071289
2021-07-14,123.78326416015625
2021-07-15,125.14855194091797
2021-07-16,124.91260528564453
2021-07-19,127.65179443359375
2021-07-20,126.42124938964844
2021-07-21,124.8199234008789
2021-07-22,125.99984741210938
2021-07-23,125.15701293945312
2021-07-26,124.78619384765625
2021-07-27,126.11784362792969
2021-07-28,126.12628173828125
2021-07-29,125.42679595947266
2021-07-30,126.01670837402344
2021-08-02,127.14070129394531
2021-08-03,127.20826721191406
2021-08-04,127.46973419189453
2021-08-05,126.82006072998047
2021-08-06,124.70198059082031
2021-08-09,124.2547836303711
2021-08-10,123.68095397949219
2021-08-11,123.60501861572266
2021-08-12,123.40249633789062
2021-08-13,125.35179138183594
2021-08-16,125.65550231933594
2021-08-17,125.60491180419922
2021-08-18,126.02680206298828
2021-08-19,126.955078125
2021-08-20,127.03948211669922
2021-08-23,126.955078125
2021-08-24,125.96773529052734
2021-08-25,124.9213638305664
2021-08-26,125.26732635498047
2021-08-27,126.1196517944336
2021-08-30,126.44873809814453
2021-08-31,125.58802032470703
2021-09-01,125.7984619140625
2021-09-02,126.34761810302734
2021-09-03,125.19849395751953
2021-09-07,124.14241027832031
2021-09-08,124.98733520507812
2021-09-09,126.49971771240234
2021-09-10,125.38439178466797
2021-09-13,126.14476013183594
2021-09-14,127.6740951538086
2021-09-15,127.22630310058594
2021-09-16,126.64335632324219
2021-09-17,126.03496551513672
2021-09-20,127.59813690185547
2021-09-21,127.48828125
2021-09-22,128.2487030029297
2021-09-23,125.35067749023438
2021-09-24,124.12551879882812
2021-09-27,123.66925811767578
2021-09-28,121.74286651611328
2021-09-29,121.95409393310547
2021-09-30,121.9372329711914
2021-10-01,122.9633560180664
2021-10-04,122.65035247802734
2021-10-05,121.46597290039062
2021-10-06,122.15121459960938
2021-10-07,120.87379455566406
2021-10-08,120.02779388427734
2021-10-11,119.72328186035156
2021-10-12,121.7705307006836
2021-10-13,122.95482635498047
2021-10-14,123.41175842285156
2021-10-15,122.69265747070312
2021-10-18,123.26792907714844
2021-10-19,121.56751251220703
2021-10-20,120.74686431884766
2021-10-21,120.60307312011719
2021-10-22,121.93126678466797
2021-10-25,121.74517059326172
2021-10-26,122.75183868408203
2021-10-27,124.98526000976562
2021-10-28,124.5622787475586
2021-10-29,124.9429931640625
2021-11-01,124.04339599609375
2021-11-02,124.593994140625
2021-11-03,123.30644989013672
2021-11-04,124.6024398803711
2021-11-05,126.46597290039062
2021-11-08,126.2287826538086
2021-11-09,127.87210083007812
2021-11-10,125.53418731689453
2021-11-11,125.34783172607422
2021-11-12,124.79722595214844
2021-11-15,123.23018646240234
2021-11-16,122.91680145263672
2021-11-17,123.89092254638672
2021-11-18,124.35680389404297
2021-11-19,125.66976928710938
2021-11-22,124.19586181640625
2021-11-23,122.40010070800781
2021-11-24,124.36530303955078
2021-11-26,127.5079116821289
2021-11-29,126.48291778564453
2021-11-30,128.40574645996094
2021-12-01,129.19784545898438
2021-12-02,129.35897827148438
2021-12-03,130.90255737304688
2021-12-06,129.1045684814453
2021-12-07,128.0614471435547
2021-12-08,125.84790802001953
2021-12-09,126.5517807006836
2021-12-10,126.24653625488281
2021-12-13,128.1123046875
2021-12-14,127.8070297241211
2021-12-15,126.5772476196289
2021-12-16,126.62648010253906
2021-12-17,128.0613555908203
2021-12-20,127.1019515991211
2021-12-21,126.61807250976562
2021-12-22,127.20386505126953
2021-12-23,126.1000747680664
2021-12-27,126.40573120117188
2021-12-28,125.90477752685547
2021-12-29,124.52933502197266
2021-12-30,125.57369995117188
2021-12-31,125.81989288330078
2022-01-03,122.51715850830078
2022-01-04,122.00775146484375
2022-01-05,121.34548950195312
2022-01-06,121.65957641601562
2022-01-07,120.78510284423828
2022-01-10,121.08228302001953
2022-01-11,121.88883972167969
2022-01-12,121.421875
2022-01-13,122.50015258789062
2022-01-14,120.64920043945312
2022-01-18,118.95111083984375
2022-01-19,119.77471160888672
2022-01-20,120.51339721679688
2022-01-21,121.9482421875
2022-01-24,120.94640350341797
2022-01-25,120.75109100341797
2022-01-26,119.29074096679688
2022-01-27,121.4813003540039
2022-01-28,121.52376556396484
2022-01-31,120.89549255371094
2022-02-01,120.49415588378906
2022-02-02,120.90229797363281
2022-02-03,119.95854949951172
2022-02-04,118.19003295898438
2022-02-07,118.26654815673828
2022-02-08,117.4758071899414
2022-02-09,117.69684600830078
2022-02-10,115.82640075683594
2022-02-11,117.54387664794922
2022-02-14,116.08148193359375
2022-02-15,114.76362609863281
2022-02-16,115.44380187988281
2022-02-17,116.30254364013672
2022-02-18,117.52685546875
2022-02-22,117.83293914794922
2022-02-23,116.20897674560547
2022-02-24,116.28553771972656
2022-02-25,116.37055206298828
2022-02-28,118.92120361328125
2022-03-01,120.29621887207031
2022-03-02,116.1841049194336
2022-03-03,117.36750030517578
2022-03-04,119.39375305175781
2022-03-07,118.48274230957031
2022-03-08,117.29087829589844
2022-03-09,116.1415786743164
2022-03-10,114.47293853759766
2022-03-11,114.85604095458984
2022-03-14,112.17422485351562
2022-03-15,111.97842407226562
2022-03-16,113.07670593261719
2022-03-17,112.23383331298828
2022-03-18,113.6045150756836
2022-03-21,110.97384643554688
2022-03-22,109.55208587646484
2022-03-23,111.95292663574219
2022-03-24,111.07599639892578
2022-03-25,109.53508758544922
2022-03-28,110.47154235839844
2022-03-29,111.30587768554688
2022-03-30,112.17422485351562
2022-03-31,112.4466552734375
2022-04-01,112.87474060058594
2022-04-04,112.09028625488281
2022-04-05,109.55789184570312
2022-04-06,108.67112731933594
2022-04-07,107.85258483886719
2022-04-08,106.68445587158203
2022-04-11,104.99616241455078
2022-04-12,104.85121154785156
2022-04-13,105.06437683105469
2022-04-14,102.95829772949219
2022-04-18,102.4467544555664
2022-04-19,101.67932891845703
2022-04-20,103.72572326660156
2022-04-21,102.95829772949219
2022-04-22,102.31029510498047
2022-04-25,103.33349609375
2022-04-26,104.37371063232422
2022-04-27,103.03506469726562
2022-04-28,103.18854522705078
2022-04-29,101.84986877441406
2022-05-02,100.08442687988281
2022-05-03,100.75917053222656
2022-05-04,101.3143310546875
2022-05-05,98.5384750366211
2022-05-06,97.08650970458984
2022-05-09,97.94062042236328
2022-05-10,98.82890319824219
2022-05-11,100.7335433959961
2022-05-12,100.54563903808594
2022-05-13,99.05948638916016
2022-05-16,98.9570083618164
2022-05-17,97.76126098632812
2022-05-18,99.84526062011719
2022-05-19,100.08442687988281
2022-05-20,101.22041320800781
2022-05-23,99.55487823486328
2022-05-24,101.51934051513672
2022-05-25,101.92076873779297
2022-05-26,101.45951843261719
2022-05-27,101.70722198486328
2022-05-31,99.55487823486328
2022-06-01,99.44110107421875
2022-06-02,99.49242401123047
2022-06-03,99.27853393554688
2022-06-06,97.44744873046875
2022-06-07,98.49989318847656
2022-06-08,97.62714385986328
2022-06-09,97.95228576660156
2022-06-10,97.34481048583984
2022-06-13,94.2901840209961
2022-06-14,93.10089111328125
2022-06-15,94.83780670166016
2022-06-16,95.59078216552734
2022-06-17,95.8987808227539
2022-06-21,94.2730941772461
2022-06-22,96.86563110351562
2022-06-23,97.66136169433594
2022-06-24,96.30948638916016
2022-06-27,95.48806762695312
2022-06-28,95.9330062866211
2022-06-29,97.43038177490234
2022-06-30,98.28596496582031
2022-07-01,99.29503631591797
2022-07-05,100.07521057128906
2022-07-06,98.39485168457031
2022-07-07,97.52897644042969
2022-07-08,96.44876098632812
2022-07-11,98.11195373535156
2022-07-12,98.69493865966797
2022-07-13,99.82660675048828
2022-07-14,99.01211547851562
2022-07-15,99.56938171386719
2022-07-18,98.53201293945312
2022-07-19,98.0004653930664
2022-07-20,98.2576904296875
2022-07-21,99.95516967773438
2022-07-22,101.63555145263672
2022-07-25,100.64105987548828
2022-07-26,100.71822357177734
2022-07-27,100.15237426757812
2022-07-28,100.94967651367188
2022-07-29,100.67535400390625
2022-08-01,103.09994506835938
2022-08-02,100.91840362548828
2022-08-03,102.50732421875
2022-08-04,102.47293090820312
2022-08-05,100.03374481201172
2022-08-08,101.6484603881836
2022-08-09,101.2533950805664
2022-08-10,100.59203338623047
2022-08-11,98.24727630615234
2022-08-12,99.24358367919922
2022-08-15,99.15767669677734
2022-08-16,99.56997680664062
2022-08-17,98.53071594238281
2022-08-18,98.67670440673828
2022-08-19,97.08778381347656
2022-08-22,96.76142883300781
2022-08-23,96.22891998291016
2022-08-24,95.524658203125
2022-08-25,96.85590362548828
2022-08-26,97.58596801757812
2022-08-29,96.77859497070312
2022-08-30,97.01908111572266
2022-08-31,96.09149169921875
2022-09-01,94.33223724365234
2022-09-02,94.86585998535156
2022-09-06,92.51615905761719
2022-09-07,93.97933197021484
2022-09-08,93.01537322998047
2022-09-09,93.22190856933594
2022-09-12,92.45592498779297
2022-09-13,92.67108154296875
2022-09-14,92.9895248413086
2022-09-15,92.9292984008789
2022-09-16,92.15467834472656
2022-09-19,92.36983489990234
2022-09-20,91.44890594482422
2022-09-21,92.98091888427734
2022-09-22,90.6054458618164
2022-09-23,90.97553253173828
2022-09-26,89.23692321777344
2022-09-27,86.88722229003906
2022-09-28,89.7963638305664
2022-09-29,89.33160400390625
2022-09-30,88.17825317382812
2022-10-03,89.57937622070312
2022-10-04,89.32918548583984
2022-10-05,88.47505187988281
2022-10-06,87.9832992553711
2022-10-07,87.129150390625
2022-10-10,85.77462005615234
2022-10-11,86.15425872802734
2022-10-12,86.57698059082031
2022-10-13,85.74874114990234
2022-10-14,85.04130554199219
2022-10-17,84.62720489501953
2022-10-18,84.82561492919922
2022-10-19,83.28125762939453
2022-10-20,81.85774993896484
2022-10-21,80.3824234008789
2022-10-24,79.71812438964844
2022-10-25,82.03890228271484
2022-10-26,83.22089385986328
2022-10-27,84.09227752685547
2022-10-28,83.51422882080078
2022-10-31,82.9189453125
2022-11-01,83.69384002685547
2022-11-02,83.33062744140625
2022-11-03,82.88087463378906
2022-11-04,81.48841857910156
2022-11-07,80.67544555664062
2022-11-08,81.5576400756836
2022-11-09,81.82572174072266
2022-11-10,84.973876953125
2022-11-11,84.66252899169922
2022-11-14,84.45494079589844
2022-11-15,85.82146453857422
2022-11-16,87.6982192993164
2022-11-17,86.77281188964844
2022-11-18,86.1760482788086
2022-11-21,86.53931427001953
2022-11-22,87.7674331665039
2022-11-23,89.29824829101562
2022-11-25,88.99553680419922
2022-11-28,89.24634552001953
2022-11-29,88.19986724853516
2022-11-30,88.84851837158203
2022-12-01,91.68685150146484
2022-12-02,92.83985137939453
2022-12-05,91.53946685791016
2022-12-06,92.71849822998047
2022-12-07,94.90316772460938
2022-12-08,94.64310455322266
2022-12-09,92.18099975585938
2022-12-12,92.47576141357422
2022-12-13,93.36870574951172
2022-12-14,93.76749420166016
2022-12-15,94.13336944580078
2022-12-16,93.08182525634766
2022-12-19,91.51756286621094
2022-12-20,89.89250946044922
2022-12-21,90.11842346191406
2022-12-22,90.1010513305664
2022-12-23,88.78013610839844
2022-12-27,87.0246810913086
2022-12-28,86.511962890625
2022-12-29,87.49397277832031
2022-12-30,86.52064514160156
2023-01-03,88.17180633544922
2023-01-04,89.3797378540039
2023-01-05,89.75343322753906
2023-01-06,91.40461730957031
2023-01-09,91.89126586914062
2023-01-10,90.37042999267578
2023-01-11,91.83911895751953
2023-01-12,93.64667510986328
2023-01-13,92.76898193359375
2023-01-17,92.16934204101562
2023-01-18,94.40274047851562
2023-01-19,93.81182861328125
2023-01-20,92.29100799560547
2023-01-23,91.85649871826172
2023-01-24,93.17742156982422
2023-01-25,93.40335083007812
2023-01-26,92.96885681152344
2023-01-27,92.73420715332031
2023-01-30,92.39527893066406
2023-01-31,93.13399505615234
2023-02-01,94.25354766845703
2023-02-02,94.37555694580078
2023-02-03,92.96406555175781
2023-02-06,92.27579498291016
2023-02-07,91.53520202636719
2023-02-08,91.97085571289062
2023-02-09,91.09954071044922
2023-02-10,90.08020782470703
2023-02-13,90.83821105957031
2023-02-14,90.62908172607422
2023-02-15,89.7839584350586
2023-02-16,88.51189422607422
2023-02-17,89.2001953125
2023-02-21,87.46636962890625
2023-02-22,88.2679672241211
2023-02-23,89.13050079345703
2023-02-24,87.97171783447266
2023-02-27,88.21568298339844
2023-02-28,88.61646270751953
2023-03-01,87.6644515991211
2023-03-02,86.8871078491211
2023-03-03,88.99201202392578
2023-03-06,88.3020248413086
2023-03-07,88.84354400634766
2023-03-08,88.93089294433594
2023-03-09,89.14923858642578
2023-03-10,92.22364807128906
2023-03-13,92.43327331542969
2023-03-14,90.91351318359375
2023-03-15,92.66909790039062
2023-03-16,91.94412231445312
2023-03-17,93.32415771484375
2023-03-20,92.50316619873047
2023-03-21,91.70832061767578
2023-03-22,92.93111419677734
2023-03-23,92.93111419677734
2023-03-24,93.32415771484375
2023-03-27,91.13188171386719
2023-03-28,91.29781341552734
2023-03-29,91.11441040039062
2023-03-30,91.5336685180664
2023-03-31,92.90487670898438
2023-04-03,93.34185791015625
2023-04-04,93.80594635009766
2023-04-05,94.78662109375
2023-04-06,95.03181457519531
2023-04-10,93.49945831298828
2023-04-11,93.69210052490234
2023-04-12,93.59576416015625
2023-04-13,92.8602523803711
2023-04-14,92.0108871459961
2023-04-17,90.91636657714844
2023-04-18,91.24034881591797
2023-04-19,91.15277099609375
2023-04-20,91.93209075927734
2023-04-21,91.41545867919922
2023-04-24,92.29987335205078
2023-04-25,93.65705871582031
2023-04-26,92.65884399414062
2023-04-27,91.73944854736328
2023-04-28,93.21927642822266
2023-05-01,90.53129577636719
2023-05-02,92.78738403320312
2023-05-03,93.30531311035156
2023-05-04,92.38357543945312
2023-05-05,92.07632446289062
2023-05-08,90.78590393066406
2023-05-09,90.46111297607422
2023-05-10,91.33893585205078
2023-05-11,92.30458068847656
2023-05-12,91.53207397460938
2023-05-15,90.58399200439453
2023-05-16,90.31183624267578
2023-05-17,90.04852294921875
2023-05-18,89.38136291503906
2023-05-19,88.74933624267578
2023-05-22,88.43329620361328
2023-05-23,88.68787384033203
2023-05-24,88.24894714355469
2023-05-25,88.02949523925781
2023-05-26,88.74052429199219
2023-05-30,89.62714385986328
2023-05-31,90.40840911865234
2023-06-01,90.76313781738281
2023-06-02,89.7685546875
2023-06-05,89.60131072998047
2023-06-06,90.12942504882812
2023-06-07,88.79155731201172
2023-06-08,89.83014678955078
2023-06-09,89.70693969726562
2023-06-12,89.97100830078125
2023-06-13,89.08201599121094
2023-06-14,89.79495239257812
2023-06-15,90.65751647949219
2023-06-16,90.30543518066406
2023-06-20,90.93034362792969
2023-06-21,91.1504135131836
2023-06-22,90.05020141601562
2023-06-23,90.94796752929688
2023-06-26,91.04480743408203
2023-06-27,90.80714416503906
2023-06-28,91.19441986083984
2023-06-29,89.54850006103516
2023-06-30,90.60470581054688
2023-07-03,90.091064453125
2023-07-05,89.23500061035156
2023-07-06,87.97294616699219
2023-07-07,87.4433822631836
2023-07-10,87.55814361572266
2023-07-11,88.00823211669922
2023-07-12,88.98786163330078
2023-07-13,89.9233627319336
2023-07-14,89.39383697509766
2023-07-17,89.43798828125
2023-07-18,89.84394836425781
2023-07-19,90.85890197753906
2023-07-20,89.75569915771484
2023-07-21,89.78218078613281
2023-07-24,89.45563507080078
2023-07-25,89.2879638671875
2023-07-26,89.37619018554688
2023-07-27,87.63754272460938
2023-07-28,88.08768463134766
2023-07-31,88.29949188232422
2023-08-01,86.85253143310547
2023-08-02,85.92327880859375
2023-08-03,83.94094848632812
2023-08-04,85.42768859863281
2023-08-07,84.58695983886719
2023-08-08,85.56930541992188
2023-08-09,86.01179504394531
2023-08-10,84.59580993652344
2023-08-11,84.40111541748047
2023-08-14,84.21527099609375
2023-08-15,83.70198822021484
2023-08-16,83.04708099365234
2023-08-17,82.69308471679688
2023-08-18,82.98513793945312
2023-08-21,81.87891387939453
2023-08-22,82.50727081298828
2023-08-23,84.55152130126953
2023-08-24,83.99401092529297
2023-08-25,84.26837158203125
2023-08-28,84.35687255859375
2023-08-29,85.23299407958984
2023-08-30,85.14451599121094
2023-08-31,85.52503967285156
2023-09-01,84.19271087646484
2023-09-05,83.01214599609375
2023-09-06,83.21629333496094
2023-09-07,83.44708251953125
2023-09-08,83.76664733886719
2023-09-11,83.16303253173828
2023-09-12,83.64236450195312
2023-09-13,83.62459564208984
2023-09-14,83.0210189819336
2023-09-15,82.51505279541016
2023-09-18,82.98550415039062
2023-09-19,82.373046875
2023-09-20,82.63044738769531
2023-09-21,80.50899505615234
2023-09-22,81.15697479248047
2023-09-25,79.15978240966797
2023-09-26,78.88459777832031
2023-09-27,78.476318359375
2023-09-28,78.7159652709961
2023-09-29,78.72483825683594
2023-10-02,77.40697479248047
2023-10-03,75.74180603027344
2023-10-04,76.81037902832031
2023-10-05,76.42748260498047
2023-10-06,75.50139617919922
2023-10-09,77.27340698242188
2023-10-10,77.16653442382812
2023-10-11,78.77825927734375
2023-10-12,76.64120483398438
2023-10-13,78.01246643066406
2023-10-16,76.75695037841797
2023-10-17,75.9110107421875
2023-10-18,75.24317932128906
2023-10-19,73.70269775390625
2023-10-20,74.1211929321289
2023-10-23,75.01165008544922
2023-10-24,76.00006103515625
2023-10-25,74.30818176269531
2023-10-26,75.4479751586914
2023-10-27,75.12740325927734
2023-10-30,74.78903198242188
2023-10-31,74.42395782470703
2023-11-01,76.03761291503906
2023-11-02,77.77106475830078
2023-11-03,78.2981948852539
2023-11-06,77.53872680664062
2023-11-07,78.68242645263672
2023-11-08,80.02269744873047
2023-11-09,78.18208312988281
2023-11-10,78.61985778808594
2023-11-13,78.44119262695312
2023-11-14,80.2192611694336
2023-11-15,79.09342193603516
2023-11-16,80.07628631591797
2023-11-17,80.45156860351562
2023-11-20,80.9429931640625
2023-11-21,80.90725708007812
2023-11-22,81.19319915771484
2023-11-24,80.23711395263672
2023-11-27,81.5774154663086
2023-11-28,81.73824310302734
2023-11-29,82.76573944091797
2023-11-30,81.80968475341797
2023-12-01,83.35050964355469
2023-12-04,83.01884460449219
2023-12-05,84.80256652832031
2023-12-06,85.93196105957031
2023-12-07,85.4389877319336
2023-12-08,84.73983764648438
2023-12-11,84.5605697631836
2023-12-12,84.81153869628906
2023-12-13,86.8014144897461
2023-12-14,89.05938720703125
2023-12-15,89.15827941894531
2023-12-18,88.44790649414062
2023-12-19,88.92449188232422
2023-12-20,89.52693939208984
2023-12-21,88.96044158935547
2023-12-22,88.55580139160156
2023-12-26,88.80760192871094
2023-12-27,90.38121795654297
2023-12-28,89.72479248046875
2023-12-29,88.91548919677734
2024-01-02,88.40294647216797
2024-01-03,88.77162170410156
2024-01-04,87.42276763916016
2024-01-05,86.58648681640625
2024-01-08,87.44075775146484
2024-01-09,86.88323974609375
2024-01-10,86.47860717773438
2024-01-11,86.96417236328125
2024-01-12,86.7933120727539
2024-01-16,85.2646255493164
2024-01-17,85.1297607421875
2024-01-18,84.33842468261719
2024-01-19,84.60818481445312
2024-01-22,85.11177825927734
2024-01-23,84.43736267089844
2024-01-24,83.94277954101562
2024-01-25,84.49127960205078
2024-01-26,84.32942962646484
2024-01-29,85.30059814453125
2024-01-30,86.07394409179688
2024-01-31,86.91920471191406
2024-02-01,88.62421417236328
2024-02-02,86.66663360595703
2024-02-05,84.9165267944336
2024-02-06,85.74647521972656
2024-02-07,85.33148193359375
2024-02-08,84.83534240722656
2024-02-09,84.66394805908203
2024-02-12,84.76313018798828
2024-02-13,83.31070709228516
2024-02-14,83.73474884033203
2024-02-15,84.16778564453125
2024-02-16,83.68061828613281
2024-02-20,83.75277709960938
2024-02-21,83.15738677978516
2024-02-22,83.56331634521484
2024-02-23,84.68195343017578
2024-02-26,84.42935943603516
2024-02-27,83.83397674560547
2024-02-28,84.36621856689453
2024-02-29,84.96160888671875
2024-03-01,85.49102783203125
2024-03-04,85.14714813232422
2024-03-05,86.35977172851562
2024-03-06,86.8665542602539
2024-03-07,86.78509521484375
2024-03-08,86.63125610351562
2024-03-11,86.58599853515625
2024-03-12,85.86204528808594
2024-03-13,85.44574737548828
2024-03-14,84.13357543945312
2024-03-15,84.10641479492188
2024-03-18,83.85305786132812
2024-03-19,84.08831024169922
2024-03-20,84.06117248535156
2024-03-21,84.24215698242188
2024-03-22,85.04759216308594
2024-03-25,84.62225341796875
2024-03-26,84.85751342773438
2024-03-27,85.69915771484375
2024-03-28,85.62676239013672
2024-04-01,84.03059387207031
2024-04-02,83.56752014160156
2024-04-03,83.54936218261719
2024-04-04,84.14860534667969
2024-04-05,82.97736358642578
2024-04-08,82.96829223632812
2024-04-09,83.74003601074219
2024-04-10,81.9150619506836
2024-04-11,81.54281616210938
2024-04-12,81.97860717773438
2024-04-15,80.70748138427734
2024-04-16,80.17182922363281
2024-04-17,81.06156921386719
2024-04-18,80.65300750732422
2024-04-19,80.94356536865234
2024-04-22,80.80735778808594
2024-04-23,80.83460998535156
2024-04-24,80.26258850097656
2024-04-25,79.69966125488281
2024-04-26,80.11732482910156
2024-04-29,80.78921508789062
2024-04-30,80.09917449951172
2024-05-01,80.6895751953125
2024-05-02,81.03579711914062
2024-05-03,81.85582733154297
2024-05-06,82.17472076416016
2024-05-07,82.67583465576172
2024-05-08,82.17472076416016
2024-05-09,82.57560729980469
2024-05-10,82.11093139648438
2024-05-13,82.32051086425781
2024-05-14,82.78517150878906
2024-05-15,83.91498565673828
2024-05-16,83.8329849243164
2024-05-17,83.26806640625
2024-05-20,83.02204895019531
2024-05-21,83.4502944946289
2024-05-22,83.550537109375
2024-05-23,83.01294708251953
2024-05-24,83.25897979736328
2024-05-28,82.06539154052734
2024-05-29,81.07227325439453
2024-05-30,81.85582733154297
2024-05-31,82.41159057617188
2024-06-03,83.74457550048828
2024-06-04,84.72280883789062
2024-06-05,85.3445053100586
2024-06-06,85.21649932861328
2024-06-07,83.65315246582031
2024-06-10,83.095458984375
2024-06-11,83.95486450195312
2024-06-12,84.5856704711914
2024-06-13,85.82903289794922
2024-06-14,86.55130004882812
2024-06-17,85.6919174194336
2024-06-18,86.47815704345703
2024-06-20,85.90217590332031
2024-06-21,85.90217590332031
2024-06-24,86.24959564208984
2024-06-25,86.39588928222656
2024-06-26,85.16163635253906
2024-06-27,85.4999008178711
2024-06-28,83.90914154052734
2024-07-01,82.4609603881836
2024-07-02,83.10298156738281
2024-07-03,84.19437408447266
2024-07-05,84.89141082763672
2024-07-08,85.07485961914062
2024-07-09,84.69881439208984
2024-07-10,84.96477508544922
2024-07-11,85.79019927978516
2024-07-12,86.15708923339844
2024-07-15,85.16655731201172
2024-07-16,86.36801147460938
2024-07-17,86.38636016845703
2024-07-18,85.72602081298828
2024-07-19,85.2215805053711
2024-07-22,84.97393798828125
2024-07-23,84.85470581054688
2024-07-24,83.93756866455078
2024-07-25,84.62543487548828
2024-07-26,85.28578186035156
2024-07-29,85.74434661865234
2024-07-30,86.07453918457031
2024-07-31,86.95500946044922
2024-08-01,87.70494842529297
2024-08-02,90.43797302246094
2024-08-05,90.91649627685547
2024-08-06,88.88284301757812
2024-08-07,88.25707244873047
2024-08-08,87.71417236328125
2024-08-09,88.57916259765625
2024-08-12,88.90123748779297
2024-08-13,89.51777648925781
2024-08-14,90.0791015625
2024-08-15,89.35213470458984
2024-08-16,89.66500854492188
2024-08-19,90.0791015625
2024-08-20,90.7968521118164
2024-08-21,90.8520736694336
2024-08-22,89.95026397705078
2024-08-23,90.5392074584961
2024-08-26,90.30915832519531
2024-08-27,90.15271759033203
2024-08-28,90.04228210449219
2024-08-29,89.7478256225586
2024-08-30,88.79080963134766
2024-09-03,90.2430191040039
2024-09-04,91.40625762939453
2024-09-05,91.92322540283203
2024-09-06,91.91400146484375
2024-09-09,92.31098175048828
2024-09-10,92.95722198486328
2024-09-11,92.88336181640625
2024-09-12,92.44947052001953
2024-09-13,92.69869995117188
2024-09-16,93.54808044433594
2024-09-17,93.09571075439453
2024-09-18,91.94168853759766
2024-09-19,91.63704681396484
2024-09-20,91.28622436523438
2024-09-23,91.09234619140625
2024-09-24,91.07388305664062
2024-09-25,90.31686401367188
2024-09-26,90.5291748046875
2024-09-27,91.00003814697266
2024-09-30,90.56610107421875
2024-10-01,91.22000885009766
2024-10-02,90.45128631591797
2024-10-03,89.59918975830078
2024-10-04,88.49703979492188
2024-10-07,87.83018493652344
2024-10-08,87.97836303710938
2024-10-09,87.47823333740234
2024-10-10,87.13555145263672
2024-10-11,86.78357696533203
2024-10-14,86.84841918945312
2024-10-15,87.90425872802734
2024-10-16,88.27473449707031
2024-10-17,86.876220703125
2024-10-18,86.94103240966797
2024-10-21,85.4220962524414
2024-10-22,85.50543975830078
2024-10-23,85.27389526367188
2024-10-24,85.82035064697266
2024-10-25,85.3387222290039
2024-10-28,85.10719299316406
2024-10-29,85.23684692382812
2024-10-30,85.48695373535156
2024-10-31,85.6258544921875
2024-11-01,84.41865539550781
2024-11-04,85.72901153564453
2024-11-05,86.18437957763672
2024-11-06,83.82393646240234
2024-11-07,84.87403869628906
2024-11-08,85.9520263671875
2024-11-11,85.53385925292969
2024-11-12,84.25140380859375
2024-11-13,83.45219421386719
2024-11-14,83.9354476928711
2024-11-15,83.71240997314453
2024-11-18,83.86109161376953
2024-11-19,84.28856658935547
2024-11-20,84.01907348632812
2024-11-21,83.95401000976562
2024-11-22,84.00045776367188
2024-11-25,86.17508697509766
2024-11-26,85.84053039550781
2024-11-27,86.4352798461914
2024-11-29,87.32740783691406
2024-12-02,87.5372543334961
2024-12-03,86.78187561035156
2024-12-04,87.71444702148438
2024-12-05,87.89161682128906
2024-12-06,88.02217864990234
2024-12-09,87.2108383178711
2024-12-10,86.80055236816406
2024-12-11,85.97989654541016
2024-12-12,84.93547058105469
2024-12-13,84.06820678710938
2024-12-16,84.31998443603516
2024-12-17,84.52513885498047
2024-12-18,83.46823120117188
2024-12-19,82.20441436767578
2024-12-20,82.67249298095703
2024-12-23,81.91417694091797
2024-12-24,82.26058197021484
2024-12-26,82.21377563476562
2024-12-27,81.53971862792969
2024-12-30,82.19505310058594
2024-12-31,81.75505065917969
2025-01-02,81.9797134399414
2025-01-03,81.71759033203125
2025-01-06,81.35249328613281
2025-01-07,80.4350814819336
2025-01-08,80.53802490234375
2025-01-10,80.00440979003906
2025-01-13,79.97632598876953
2025-01-14,79.84528350830078
2025-01-15,81.22142791748047
2025-01-16,81.48355865478516
2025-01-17,81.62397766113281
2025-01-21,82.35419464111328
2025-01-22,81.92357635498047
2025-01-23,81.28697204589844
2025-01-24,81.65205383300781
2025-01-27,82.61631774902344
2025-01-28,82.56014251708984
2025-01-29,82.39163208007812
2025-01-30,82.70055389404297
2025-01-31,82.1575927734375
2025-02-03,82.82650756835938
2025-02-04,83.08018493652344
2025-02-05,84.45185852050781
2025-02-06,84.4142837524414
2025-02-07,83.869384765625
2025-02-10,83.6156997680664
2025-02-11,83.08018493652344
2025-02-12,81.95278930664062
2025-02-13,83.31505584716797
2025-02-14,83.75664520263672
2025-02-18,82.7701644897461
2025-02-19,82.87348937988281
2025-02-20,83.18353271484375
2025-02-21,84.18879699707031
2025-02-24,84.4330825805664
2025-02-25,85.8893051147461
2025-02-26,86.39662170410156
2025-02-27,85.78594207763672
2025-02-28,86.83819580078125
2025-03-03,87.24344635009766
2025-03-04,86.16907501220703
2025-03-05,85.4810562133789
2025-03-06,85.19831848144531
2025-03-07,84.92500305175781
2025-03-10,85.8109130859375
2025-03-11,85.19831848144531
2025-03-12,84.68939208984375
2025-03-13,85.4339370727539
2025-03-14,84.98155975341797
2025-03-17,85.40564727783203
2025-03-18,85.490478515625
2025-03-19,85.93343353271484
2025-03-20,85.98998260498047
2025-03-21,85.4810562133789
2025-03-24,84.60455322265625
2025-03-25,84.59515380859375
2025-03-26,84.03907775878906
2025-03-27,83.79405212402344
2025-03-28,84.95326232910156
2025-03-31,85.79207611083984
2025-04-01,86.5354995727539
2025-04-02,86.47876739501953
2025-04-03,86.8759994506836
2025-04-04,87.82184600830078
2025-04-07,85.17349243164062
2025-04-08,83.56555938720703
2025-04-09,84.05738830566406
2025-04-10,81.74005889892578
2025-04-11,82.18460845947266
2025-04-14,82.77104187011719
2025-04-15,83.06424713134766
2025-04-16,83.5277099609375
2025-04-17,82.78995513916016
2025-04-21,81.34281158447266
2025-04-22,81.79680633544922
2025-04-23,82.59131622314453
2025-04-24,83.46149444580078
2025-04-25,84.0762939453125
2025-04-28,84.60596466064453
2025-04-29,85.31536102294922
2025-04-30,84.62489318847656
2025-05-01,84.19580078125
2025-05-02,83.28443908691406
2025-05-05,82.81927490234375
2025-05-06,83.09457397460938
2025-05-07,83.44583129882812
2025-05-08,82.5155029296875
2025-05-09,82.63888549804688
2025-05-12,81.86994934082031
2025-05-13,81.53768157958984
2025-05-14,80.99655151367188
2025-05-15,81.70854949951172
2025-05-16,81.92691040039062
2025-05-19,81.68958282470703
2025-05-20,81.10099792480469
2025-05-21,79.71497344970703
2025-05-22,80.13268280029297
2025-05-23,80.26557159423828
2025-05-27,81.38580322265625
2025-05-28,81.0345230102539
2025-05-29,81.7845230102539
2025-05-30,81.90792083740234
2025-06-02,81.14563751220703
2025-06-03,81.00269317626953
2025-06-04,82.31765747070312
2025-06-05,82.37480926513672
2025-06-06,81.32667541503906
2025-06-09,81.41243743896484
2025-06-10,81.83168029785156
2025-06-11,82.07942199707031
2025-06-12,83.06087493896484
2025-06-13,82.26049041748047
2025-06-16,81.43148040771484
2025-06-17,82.42247009277344
2025-06-18,82.56539154052734
2025-06-20,82.41293334960938
2025-06-23,82.67972564697266
2025-06-24,83.28004455566406
2025-06-25,83.38487243652344
2025-06-26,83.80410766601562
2025-06-27,83.2705078125
2025-06-30,84.08998107910156
2025-07-01,84.2984619140625
2025-07-02,83.76287078857422
2025-07-03,83.1794662475586
2025-07-07,82.38562774658203
2025-07-08,82.28042602539062
2025-07-09,83.14119720458984
2025-07-10,83.19859313964844
2025-07-11,82.0509033203125
2025-07-14,81.87873840332031
2025-07-15,81.30487823486328
2025-07-16,81.41966247558594
2025-07-17,81.4005126953125
2025-07-18,81.52485656738281
2025-07-21,82.25174713134766
2025-07-22,82.74907684326172
2025-07-23,82.29000091552734
2025-07-24,82.14653778076172
2025-07-25,82.66299438476562
2025-07-28,82.12740325927734
2025-07-29,83.51419067382812
2025-07-30,83.08382415771484
2025-07-31,83.13164520263672
2025-08-01,84.3134765625
2025-08-04,84.54390716552734
2025-08-05,84.80311584472656
2025-08-06,84.3134765625
2025-08-07,84.16947937011719
2025-08-08,83.80464935302734
2025-08-11,83.90065002441406
2025-08-12,83.47822570800781
2025-08-13,84.16947937011719
2025-08-14,83.54542541503906
2025-08-15,82.9501953125
2025-08-18,82.71016693115234
2025-08-19,83.19019317626953
2025-08-20,83.37261962890625
2025-08-21,82.95980072021484
2025-08-22,83.57422637939453
2025-08-25,83.33422088623047
2025-08-26,83.28620910644531
2025-08-27,83.19019317626953
2025-08-28,83.73745727539062
2025-08-29,83.14220428466797
2025-09-02,82.52349090576172
2025-09-03,83.42938995361328
2025-09-04,84.06544494628906
2025-09-05,85.34719848632812
2025-09-08,86.48439025878906
2025-09-09,85.99288940429688
2025-09-10,86.48439025878906
2025-09-11,87.0626220703125
2025-09-12,86.68675994873047
2025-09-15,86.88917541503906
2025-09-16,87.072265625
2025-09-17,86.85059356689453
2025-09-18,85.95433807373047
2025-09-19,85.7905044555664
2025-09-22,85.48210906982422
2025-09-23,86.07962036132812
2025-09-24,85.75196075439453
2025-09-25,85.75196075439453
2025-09-26,85.67485809326172
2025-09-29,86.37837219238281
2025-09-30,86.12779998779297
2025-10-01,86.3502426147461
2025-10-02,86.60167694091797
2025-10-03,86.43727111816406
2025-10-06,85.75064849853516
2025-10-07,86.24386596679688
2025-10-08,86.31155395507812
2025-10-09,86.24386596679688
2025-10-10,87.6364517211914
2025-10-13,87.58808898925781
2025-10-14,87.8685531616211
2025-10-15,87.67514038085938
2025-10-16,88.3327407836914
2025-10-17,88.19734191894531
2025-10-20,88.53583526611328
2025-10-21,88.97101593017578
2025-10-22,89.02904510498047
2025-10-23,88.41978454589844
2025-10-24,88.45846557617188
2025-10-27,88.75826263427734
2025-10-28,88.9903564453125
2025-10-29,88.09098052978516
2025-10-30,87.57842254638672
2025-10-31,87.31731414794922
2025-11-03,87.09893798828125
2025-11-04,87.29306030273438
2025-11-05,86.34188842773438
2025-11-06,87.11835479736328
2025-11-07,86.9339370727539
2025-11-10,86.91454315185547
2025-11-11,87.31246948242188
2025-11-12,87.46775817871094
2025-11-13,86.7495346069336
2025-11-14,86.25454711914062
2025-11-17,86.46806335449219
2025-11-18,86.4389419555664
2025-11-19,86.26424407958984
2025-11-20,86.60395050048828
2025-11-21,86.8659896850586
2025-11-24,87.3609848022461
2025-11-25,87.58422088623047
2025-11-26,87.97245025634766
2025-11-28,87.55510711669922
2025-12-01,86.46514892578125
2025-12-02,86.50411224365234
2025-12-03,86.74763488769531
2025-12-04,86.28009033203125
2025-12-05,85.88074493408203
2025-12-08,85.5982666015625
2025-12-09,85.68592071533203
2025-12-10,86.01709747314453
2025-12-11,85.90022277832031
2025-12-12,85.07228088378906
2025-12-15,85.13072204589844
2025-12-16,85.5982666015625
2025-12-17,85.52035522460938
2025-12-18,85.929443359375
2025-12-19,85.60871887207031
2025-12-22,85.42292022705078
2025-12-23,85.55982208251953
2025-12-24,86.07806396484375
2025-12-26,85.79449462890625
2025-12-29,86.11719512939453
2025-12-30,85.91183471679688
2025-12-31,85.22736358642578
