Date,XLE
2015-01-02,25.365137100219727
2015-01-05,24.31583023071289
2015-01-06,23.958616256713867
2015-01-07,24.0096435546875
2015-01-08,24.548654556274414
2015-01-09,24.35409927368164
2015-01-12,23.652442932128906
2015-01-13,23.464271545410156
2015-01-14,23.53762435913086
2015-01-15,23.23781967163086
2015-01-16,23.99370574951172
2015-01-20,24.022415161132812
2015-01-21,24.51038360595703
2015-01-22,24.625192642211914
2015-01-23,24.449787139892578
2015-01-26,24.80061149597168
2015-01-27,24.784664154052734
2015-01-28,23.808719635009766
2015-01-29,23.88845443725586
2015-01-30,24.095766067504883
2015-02-02,24.832515716552734
2015-02-03,25.5118465423584
2015-02-04,25.090843200683594
2015-02-05,25.451250076293945
2015-02-06,25.45762062072754
2015-02-09,25.483139038085938
2015-02-10,25.470382690429688
2015-02-11,25.291778564453125
2015-02-12,25.62347412109375
2015-02-13,26.16567039489746
2015-02-17,26.245407104492188
2015-02-18,25.932849884033203
2015-02-19,25.811641693115234
2015-02-20,25.68726348876953
2015-02-23,25.582008361816406
2015-02-24,25.652177810668945
2015-02-25,25.792512893676758
2015-02-26,25.314102172851562
2015-02-27,25.202478408813477
2015-03-02,25.027061462402344
2015-03-03,25.119544982910156
2015-03-04,25.0844669342041
2015-03-05,24.934574127197266
2015-03-06,24.488054275512695
2015-03-09,24.312623977661133
2015-03-10,23.974563598632812
2015-03-11,24.044736862182617
2015-03-12,23.891643524169922
2015-03-13,23.80234146118164
2015-03-16,24.124462127685547
2015-03-17,24.03197479248047
2015-03-18,24.73044204711914
2015-03-19,24.338151931762695
2015-03-20,24.696195602416992
2015-03-23,24.609485626220703
2015-03-24,24.445724487304688
2015-03-25,24.763614654541016
2015-03-26,24.73472023010254
2015-03-27,24.532424926757812
2015-03-30,25.059040069580078
2015-03-31,24.91132164001465
2015-04-01,24.90489387512207
2015-04-02,24.95628547668457
2015-04-06,25.405824661254883
2015-04-07,25.42188835144043
2015-04-08,25.216373443603516
2015-04-09,25.620960235595703
2015-04-10,25.73335838317871
2015-04-13,25.476465225219727
2015-04-14,25.93564224243164
2015-04-15,26.555381774902344
2015-04-16,26.494384765625
2015-04-17,26.30171012878418
2015-04-20,26.401260375976562
2015-04-21,26.12188720703125
2015-04-22,26.2952880859375
2015-04-23,26.4751033782959
2015-04-24,26.32418441772461
2015-04-27,26.2952880859375
2015-04-28,26.426939010620117
2015-04-29,26.6324462890625
2015-04-30,26.548959732055664
2015-05-01,26.60996437072754
2015-05-04,26.54253578186035
2015-05-05,26.215011596679688
2015-05-06,26.11225700378418
2015-05-07,25.82969093322754
2015-05-08,26.253543853759766
2015-05-11,25.759042739868164
2015-05-12,25.877849578857422
2015-05-13,25.810422897338867
2015-05-14,25.8007869720459
2015-05-15,25.90355110168457
2015-05-18,25.92601203918457
2015-05-19,25.556743621826172
2015-05-20,25.604923248291016
2015-05-21,25.845741271972656
2015-05-22,25.75262451171875
2015-05-26,25.34481430053711
2015-05-27,25.299867630004883
2015-05-28,25.20032501220703
2015-05-29,25.171419143676758
2015-06-01,25.107202529907227
2015-06-02,25.280607223510742
2015-06-03,25.107202529907227
2015-06-04,24.766830444335938
2015-06-05,24.940227508544922
2015-06-08,24.798938751220703
2015-06-09,24.795730590820312
2015-06-10,25.100772857666016
2015-06-11,24.988386154174805
2015-06-12,24.70902442932129
2015-06-15,24.65122413635254
2015-06-16,24.843896865844727
2015-06-17,24.782888412475586
2015-06-18,24.766830444335938
2015-06-19,24.537010192871094
2015-06-22,24.837617874145508
2015-06-23,24.918428421020508
2015-06-24,24.76327133178711
2015-06-25,24.511144638061523
2015-06-26,24.591964721679688
2015-06-29,24.126497268676758
2015-06-30,24.294572830200195
2015-07-01,23.984277725219727
2015-07-02,24.0909423828125
2015-07-06,23.774173736572266
2015-07-07,23.990737915039062
2015-07-08,23.50588035583496
2015-07-09,23.625476837158203
2015-07-10,23.754772186279297
2015-07-13,23.922847747802734
2015-07-14,24.09416961669922
2015-07-15,23.670732498168945
2015-07-16,23.703052520751953
2015-07-17,23.41537094116211
2015-07-20,23.105064392089844
2015-07-21,23.11475944519043
2015-07-22,22.92728042602539
2015-07-23,22.907886505126953
2015-07-24,22.468286514282227
2015-07-27,22.145042419433594
2015-07-28,22.77859115600586
2015-07-29,23.08890151977539
2015-07-30,22.92728042602539
2015-07-31,22.426258087158203
2015-08-03,21.954328536987305
2015-08-04,21.87999153137207
2015-08-05,21.715139389038086
2015-08-06,22.061002731323242
2015-08-07,21.666648864746094
2015-08-10,22.35837745666504
2015-08-11,22.400400161743164
2015-08-12,22.807687759399414
2015-08-13,22.461816787719727
2015-08-14,22.413339614868164
2015-08-17,22.461816787719727
2015-08-18,22.377782821655273
2015-08-19,21.76039695739746
2015-08-20,21.26906967163086
2015-08-21,20.525623321533203
2015-08-24,19.42337989807129
2015-08-25,19.142166137695312
2015-08-26,19.80156707763672
2015-08-27,20.780981063842773
2015-08-28,21.252910614013672
2015-08-31,21.47270965576172
2015-09-01,20.716331481933594
2015-09-02,20.907047271728516
2015-09-03,20.965227127075195
2015-09-04,20.61935806274414
2015-09-08,20.942602157592773
2015-09-09,20.548248291015625
2015-09-10,20.6678466796875
2015-09-11,20.483596801757812
2015-09-14,20.305816650390625
2015-09-15,20.532087326049805
2015-09-16,21.113910675048828
2015-09-17,21.100982666015625
2015-09-18,20.546775817871094
2015-09-21,20.664003372192383
2015-09-22,20.445831298828125
2015-09-23,20.182079315185547
2015-09-24,20.27000617980957
2015-09-25,20.309072494506836
2015-09-28,19.498268127441406
2015-09-29,19.46896743774414
2015-09-30,19.92809295654297
2015-10-01,19.96717071533203
2015-10-02,20.79099464416504
2015-10-05,21.41944122314453
2015-10-06,21.89484977722168
2015-10-07,22.171630859375
2015-10-08,22.594938278198242
2015-10-09,22.448410034179688
2015-10-12,22.158611297607422
2015-10-13,21.927417755126953
2015-10-14,22.11627769470215
2015-10-15,22.513530731201172
2015-10-16,22.5428466796875
2015-10-19,22.096736907958984
2015-10-20,22.158611297607422
2015-10-21,21.885086059570312
2015-10-22,22.279085159301758
2015-10-23,22.226987838745117
2015-10-26,21.683198928833008
2015-10-27,21.42270278930664
2015-10-28,21.89811134338379
2015-10-29,22.00882339477539
2015-10-30,22.152097702026367
2015-11-02,22.669828414916992
2015-11-03,23.249435424804688
2015-11-04,23.041040420532227
2015-11-05,22.845670700073242
2015-11-06,22.728445053100586
2015-11-09,22.503765106201172
2015-11-10,22.552614212036133
2015-11-11,22.073945999145508
2015-11-12,21.572490692138672
2015-11-13,21.48457145690918
2015-11-16,22.2009334564209
2015-11-17,21.95671844482422
2015-11-18,22.318166732788086
2015-11-19,22.018590927124023
2015-11-20,21.78414535522461
2015-11-23,21.940441131591797
2015-11-24,22.409337997436523
2015-11-25,22.226987838745117
2015-11-27,22.06743049621582
2015-11-30,22.148834228515625
2015-12-01,22.324676513671875
2015-12-02,21.634357452392578
2015-12-03,21.201282501220703
2015-12-04,21.067777633666992
2015-12-07,20.266748428344727
2015-12-08,20.05834197998047
2015-12-09,20.32209014892578
2015-12-10,20.45234489440918
2015-12-11,19.68714141845703
2015-12-14,19.79132843017578
2015-12-15,20.289535522460938
2015-12-16,20.156034469604492
2015-12-17,19.661083221435547
2015-12-18,19.316740036010742
2015-12-21,19.33645248413086
2015-12-22,19.56316566467285
2015-12-23,20.414169311523438
2015-12-24,20.23016929626465
2015-12-28,19.862167358398438
2015-12-29,20.00016975402832
2015-12-30,19.730737686157227
2015-12-31,19.819454193115234
2016-01-04,19.81287956237793
2016-01-05,19.888458251953125
2016-01-06,19.12288475036621
2016-01-07,18.65630531311035
2016-01-08,18.416454315185547
2016-01-11,18.022165298461914
2016-01-12,18.064884185791016
2016-01-13,17.631166458129883
2016-01-14,18.390165328979492
2016-01-15,17.857879638671875
2016-01-19,17.473459243774414
2016-01-20,17.01016616821289
2016-01-21,17.539169311523438
2016-01-22,18.31459617614746
2016-01-25,17.46030616760254
2016-01-26,18.120738983154297
2016-01-27,18.03530502319336
2016-01-28,18.584026336669922
2016-01-29,19.12616729736328
2016-02-01,18.807451248168945
2016-02-02,18.17987823486328
2016-02-03,18.827163696289062
2016-02-04,18.817310333251953
2016-02-05,18.38030242919922
2016-02-08,18.2850284576416
2016-02-09,17.84473991394043
2016-02-10,17.772457122802734
2016-02-11,17.69687843322754
2016-02-12,18.163454055786133
2016-02-16,18.344165802001953
2016-02-17,18.945453643798828
2016-02-18,18.708879470825195
2016-02-19,18.666170120239258
2016-02-22,19.142597198486328
2016-02-23,18.488739013671875
2016-02-24,18.676027297973633
2016-02-25,18.69245147705078
2016-02-26,18.804168701171875
2016-02-29,18.590599060058594
2016-03-01,19.076879501342773
2016-03-02,19.5434513092041
2016-03-03,19.839170455932617
2016-03-04,20.029741287231445
2016-03-07,20.49959945678711
2016-03-08,19.638734817504883
2016-03-09,19.95745849609375
2016-03-10,19.97388458251953
2016-03-11,20.48973846435547
2016-03-14,20.35502815246582
2016-03-15,20.315597534179688
2016-03-16,20.667173385620117
2016-03-17,20.949737548828125
2016-03-18,21.009971618652344
2016-03-21,20.937166213989258
2016-03-22,20.82134437561035
2016-03-23,20.36467742919922
2016-03-24,20.463958740234375
2016-03-28,20.354753494262695
2016-03-29,20.450714111328125
2016-03-30,20.490427017211914
2016-03-31,20.480499267578125
2016-04-01,20.205835342407227
2016-04-04,20.056921005249023
2016-04-05,19.92125129699707
2016-04-06,20.3514461517334
2016-04-07,20.23231315612793
2016-04-08,20.639341354370117
2016-04-11,20.55330467224121
2016-04-12,21.16550636291504
2016-04-13,21.264780044555664
2016-04-14,21.31441307067871
2016-04-15,21.026517868041992
2016-04-18,21.373981475830078
2016-04-19,21.800861358642578
2016-04-20,21.996103286743164
2016-04-21,21.867048263549805
2016-04-22,22.18472671508789
2016-04-25,21.936538696289062
2016-04-26,22.287315368652344
2016-04-27,22.710886001586914
2016-04-28,22.373350143432617
2016-04-29,22.336956024169922
2016-05-02,22.313779830932617
2016-05-03,21.787620544433594
2016-05-04,21.473255157470703
2016-05-05,21.648635864257812
2016-05-06,21.599002838134766
2016-05-09,21.284629821777344
2016-05-10,21.658571243286133
2016-05-11,21.724748611450195
2016-05-12,21.78431510925293
2016-05-13,21.506349563598633
2016-05-16,21.8703556060791
2016-05-17,21.972942352294922
2016-05-18,21.76114845275879
2016-05-19,21.76445770263672
2016-05-20,21.89352035522461
2016-05-23,21.83726692199707
2016-05-24,21.94647216796875
2016-05-25,22.293926239013672
2016-05-26,22.201271057128906
2016-05-27,22.214509963989258
2016-05-31,22.12847328186035
2016-06-01,22.135086059570312
2016-06-02,22.105316162109375
2016-06-03,22.019264221191406
2016-06-06,22.505714416503906
2016-06-07,23.015335083007812
2016-06-08,22.962385177612305
2016-06-09,22.786998748779297
2016-06-10,22.293926239013672
2016-06-13,22.227741241455078
2016-06-14,22.214509963989258
2016-06-15,22.16156578063965
2016-06-16,22.055667877197266
2016-06-17,22.28084373474121
2016-06-20,22.474044799804688
2016-06-21,22.740514755249023
2016-06-22,22.613937377929688
2016-06-23,22.987010955810547
2016-06-24,22.244205474853516
2016-06-27,21.531373977661133
2016-06-28,22.130949020385742
2016-06-29,22.55064582824707
2016-06-30,22.730514526367188
2016-07-01,22.85042953491211
2016-07-05,22.390769958496094
2016-07-06,22.48736000061035
2016-07-07,22.257522583007812
2016-07-08,22.553983688354492
2016-07-11,22.597278594970703
2016-07-12,23.15688705444336
2016-07-13,22.95702362060547
2016-07-14,23.073606491088867
2016-07-15,23.060287475585938
2016-07-18,23.07693862915039
2016-07-19,22.94703483581543
2016-07-20,22.913724899291992
2016-07-21,22.687225341796875
2016-07-22,22.75716781616211
2016-07-25,22.304155349731445
2016-07-26,22.434064865112305
2016-07-27,22.21422004699707
2016-07-28,22.217557907104492
2016-07-29,22.444053649902344
2016-08-01,21.704580307006836
2016-08-02,21.90111541748047
2016-08-03,22.32414436340332
2016-08-04,22.29083251953125
2016-08-05,22.494020462036133
2016-08-08,22.79380989074707
2016-08-09,22.673891067504883
2016-08-10,22.42740249633789
2016-08-11,22.75716781616211
2016-08-12,22.88374137878418
2016-08-15,23.066951751708984
2016-08-16,23.10359001159668
2016-08-17,23.173542022705078
2016-08-18,23.649869918823242
2016-08-19,23.453346252441406
2016-08-22,23.18353271484375
2016-08-23,23.346750259399414
2016-08-24,23.253480911254883
2016-08-25,23.19019317626953
2016-08-26,23.110246658325195
2016-08-29,23.26680564880371
2016-08-30,23.18686866760254
2016-08-31,22.82045555114746
2016-09-01,22.75383758544922
2016-09-02,23.01032257080078
2016-09-06,23.356746673583984
2016-09-07,23.489980697631836
2016-09-08,23.929668426513672
2016-09-09,23.216835021972656
2016-09-12,23.446680068969727
2016-09-13,22.777156829833984
2016-09-14,22.50735092163086
2016-09-15,22.787151336669922
2016-09-16,22.603164672851562
2016-09-19,22.589771270751953
2016-09-20,22.425569534301758
2016-09-21,22.944992065429688
2016-09-22,22.97179412841797
2016-09-23,22.666847229003906
2016-09-26,22.56631088256836
2016-09-27,22.415508270263672
2016-09-28,23.383981704711914
2016-09-29,23.343769073486328
2016-09-30,23.6621150970459
2016-10-03,23.645366668701172
2016-10-04,23.404085159301758
2016-10-05,23.762657165527344
2016-10-06,23.799518585205078
2016-10-07,23.6621150970459
2016-10-10,24.03409767150879
2016-10-11,23.75930404663086
2016-10-12,23.658767700195312
2016-10-13,23.528076171875
2016-10-14,23.390687942504883
2016-10-17,23.276744842529297
2016-10-18,23.370576858520508
2016-10-19,23.70233917236328
2016-10-20,23.6755313873291
2016-10-21,23.52137565612793
2016-10-24,23.45099639892578
2016-10-25,23.343769073486328
2016-10-26,23.397382736206055
2016-10-27,23.31025505065918
2016-10-28,23.246585845947266
2016-10-31,22.99525260925293
2016-11-01,22.99860382080078
2016-11-02,22.74392318725586
2016-11-03,22.83440589904785
2016-11-04,22.710405349731445
2016-11-07,23.199676513671875
2016-11-08,23.22983169555664
2016-11-09,23.60850715637207
2016-11-10,23.709033966064453
2016-11-11,23.276744842529297
2016-11-14,23.407438278198242
2016-11-15,24.06760025024414
2016-11-16,23.90005111694336
2016-11-17,23.739192962646484
2016-11-18,23.83637237548828
2016-11-21,24.4027156829834
2016-11-22,24.389312744140625
2016-11-23,24.48984146118164
2016-11-25,24.369203567504883
2016-11-28,24.030738830566406
2016-11-29,23.735851287841797
2016-11-30,24.942241668701172
2016-12-01,25.002561569213867
2016-12-02,25.076282501220703
2016-12-05,25.297452926635742
2016-12-06,25.25054168701172
2016-12-07,25.45160484313965
2016-12-08,25.588998794555664
2016-12-09,25.669431686401367
2016-12-12,25.79006576538086
2016-12-13,26.081621170043945
2016-12-14,25.558847427368164
2016-12-15,25.615814208984375
2016-12-16,25.774824142456055
2016-12-19,25.656919479370117
2016-12-20,25.599639892578125
2016-12-21,25.640066146850586
2016-12-22,25.7445011138916
2016-12-23,25.720918655395508
2016-12-27,25.778186798095703
2016-12-28,25.49857521057129
2016-12-29,25.44805145263672
2016-12-30,25.373931884765625
2017-01-03,25.660276412963867
2017-01-04,25.60638427734375
2017-01-05,25.542367935180664
2017-01-06,25.565956115722656
2017-01-09,25.195384979248047
2017-01-10,24.9663028717041
2017-01-11,25.235811233520508
2017-01-12,25.131376266479492
2017-01-13,25.0572566986084
2017-01-17,25.212228775024414
2017-01-18,25.154953002929688
2017-01-19,25.01683235168457
2017-01-20,25.11116600036621
2017-01-23,24.845029830932617
2017-01-24,25.117902755737305
2017-01-25,25.24928092956543
2017-01-26,25.26949119567871
2017-01-27,25.006731033325195
2017-01-30,24.548566818237305
2017-01-31,24.558679580688477
2017-02-01,24.37676239013672
2017-02-02,24.51488494873047
2017-02-03,24.727123260498047
2017-02-06,24.51825523376465
2017-02-07,24.1712646484375
2017-02-08,24.228532791137695
2017-02-09,24.501415252685547
2017-02-10,24.68669319152832
2017-02-13,24.733858108520508
2017-02-14,24.814708709716797
2017-02-15,24.717008590698242
2017-02-16,24.38013458251953
2017-02-17,24.245384216308594
2017-02-21,24.410449981689453
2017-02-22,24.039880752563477
2017-02-23,24.140947341918945
2017-02-24,23.91523551940918
2017-02-27,24.1207275390625
2017-02-28,24.046607971191406
2017-03-01,24.528356552124023
2017-03-02,24.295909881591797
2017-03-03,24.252111434936523
2017-03-06,24.30601692199707
2017-03-07,24.09041404724121
2017-03-08,23.463808059692383
2017-03-09,23.6187801361084
2017-03-10,23.585094451904297
2017-03-13,23.58846092224121
2017-03-14,23.32232666015625
2017-03-15,23.84111976623535
2017-03-16,23.672670364379883
2017-03-17,23.655399322509766
2017-03-20,23.621509552001953
2017-03-21,23.4554500579834
2017-03-22,23.421554565429688
2017-03-23,23.32666015625
2017-03-24,23.23516082763672
2017-03-27,23.126707077026367
2017-03-28,23.4554500579834
2017-03-29,23.777400970458984
2017-03-30,23.7706241607666
2017-03-31,23.689292907714844
2017-04-03,23.648624420166016
2017-04-04,23.821460723876953
2017-04-05,23.746904373168945
2017-04-06,23.936683654785156
2017-04-07,23.845182418823242
2017-04-10,24.024805068969727
2017-04-11,24.02819061279297
2017-04-12,23.926513671875
2017-04-13,23.489336013793945
2017-04-17,23.540170669555664
2017-04-18,23.319883346557617
2017-04-19,22.977596282958984
2017-04-20,23.089431762695312
2017-04-21,22.974201202392578
2017-04-24,23.109760284423828
2017-04-25,23.30632209777832
2017-04-26,23.22838020324707
2017-04-27,22.974201202392578
2017-04-28,22.991146087646484
2017-05-01,22.926753997802734
2017-05-02,22.8115234375
2017-05-03,22.87592315673828
2017-05-04,22.455686569213867
2017-05-05,22.8115234375
2017-05-08,22.974201202392578
2017-05-09,22.7844181060791
2017-05-10,23.086040496826172
2017-05-11,23.038597106933594
2017-05-12,22.960643768310547
2017-05-15,23.14026641845703
2017-05-16,23.025039672851562
2017-05-17,22.797969818115234
2017-05-18,22.79119873046875
2017-05-19,23.072481155395508
2017-05-22,23.021642684936523
2017-05-23,23.07587432861328
2017-05-24,22.95387077331543
2017-05-25,22.537019729614258
2017-05-26,22.574295043945312
2017-05-30,22.27267074584961
2017-05-31,22.17778205871582
2017-06-01,22.316726684570312
2017-06-02,22.059162139892578
2017-06-05,22.099834442138672
2017-06-06,22.360790252685547
2017-06-07,22.045612335205078
2017-06-08,21.98121452331543
2017-06-09,22.509902954101562
2017-06-12,22.669191360473633
2017-06-13,22.838642120361328
2017-06-14,22.42517852783203
2017-06-15,22.25572967529297
2017-06-16,22.623924255371094
2017-06-19,22.480602264404297
2017-06-20,22.193967819213867
2017-06-21,21.835668563842773
2017-06-22,21.822019577026367
2017-06-23,21.968746185302734
2017-06-26,21.92097282409668
2017-06-27,21.88685417175293
2017-06-28,22.00628662109375
2017-06-29,22.054058074951172
2017-06-30,22.15301513671875
2017-07-03,22.579559326171875
2017-07-05,22.12230682373047
2017-07-06,21.876611709594727
2017-07-07,21.842491149902344
2017-07-10,21.91414451599121
2017-07-11,22.033588409423828
2017-07-12,22.095006942749023
2017-07-13,22.183727264404297
2017-07-14,22.31681251525879
2017-07-17,22.28951072692871
2017-07-18,22.183727264404297
2017-07-19,22.50789451599121
2017-07-20,22.439655303955078
2017-07-21,22.217853546142578
2017-07-24,22.176895141601562
2017-07-25,22.456710815429688
2017-07-26,22.480602264404297
2017-07-27,22.709232330322266
2017-07-28,22.681934356689453
2017-07-31,22.73311996459961
2017-08-01,22.729705810546875
2017-08-02,22.64439582824707
2017-08-03,22.327045440673828
2017-08-04,22.39870834350586
2017-08-07,22.228090286254883
2017-08-08,22.176895141601562
2017-08-09,22.197376251220703
2017-08-10,21.961923599243164
2017-08-11,21.818607330322266
2017-08-14,21.75377082824707
2017-08-15,21.671871185302734
2017-08-16,21.46372413635254
2017-08-17,21.160015106201172
2017-08-18,21.26580047607422
2017-08-21,21.1566104888916
2017-08-22,21.2965145111084
2017-08-23,21.388652801513672
2017-08-24,21.402297973632812
2017-08-25,21.497844696044922
2017-08-28,21.402297973632812
2017-08-29,21.375
2017-08-30,21.385238647460938
2017-08-31,21.48760414123535
2017-09-01,21.695764541625977
2017-09-05,21.81519317626953
2017-09-06,22.170074462890625
2017-09-07,22.211021423339844
2017-09-08,21.97557258605957
2017-09-11,22.183727264404297
2017-09-12,22.320215225219727
2017-09-13,22.600038528442383
2017-09-14,22.709232330322266
2017-09-15,22.762815475463867
2017-09-18,22.859619140625
2017-09-19,22.952970504760742
2017-09-20,23.10854721069336
2017-09-21,23.11546516418457
2017-09-22,23.233003616333008
2017-09-25,23.5683650970459
2017-09-26,23.557994842529297
2017-09-27,23.658260345458984
2017-09-28,23.678997039794922
2017-09-29,23.67555046081543
2017-10-02,23.668630599975586
2017-10-03,23.644424438476562
2017-10-04,23.627140045166016
2017-10-05,23.73431968688965
2017-10-06,23.53379249572754
2017-10-09,23.582197189331055
2017-10-10,23.602937698364258
2017-10-11,23.658260345458984
2017-10-12,23.571826934814453
2017-10-13,23.557994842529297
2017-10-16,23.609853744506836
2017-10-17,23.623685836791992
2017-10-18,23.45773696899414
2017-10-19,23.385128021240234
2017-10-20,23.43007469177246
2017-10-23,23.309070587158203
2017-10-24,23.354019165039062
2017-10-25,23.191524505615234
2017-10-26,23.23992919921875
2017-10-27,23.28141212463379
2017-10-30,23.40241813659668
2017-10-31,23.47848129272461
2017-11-01,23.744693756103516
2017-11-02,23.67555046081543
2017-11-03,23.744693756103516
2017-11-06,24.2874813079834
2017-11-07,24.25637435913086
2017-11-08,24.138816833496094
2017-11-09,24.211421966552734
2017-11-10,24.083507537841797
2017-11-13,23.94521141052246
2017-11-14,23.557994842529297
2017-11-15,23.291786193847656
2017-11-16,23.198436737060547
2017-11-17,23.312528610229492
2017-11-20,23.2572078704834
2017-11-21,23.309070587158203
2017-11-22,23.40241813659668
2017-11-24,23.468103408813477
2017-11-27,23.229555130004883
2017-11-28,23.409330368041992
2017-11-29,23.537248611450195
2017-11-30,23.889892578125
2017-12-01,24.090425491333008
2017-12-04,24.080047607421875
2017-12-05,23.97633171081543
2017-12-06,23.665170669555664
2017-12-07,23.73431968688965
2017-12-08,23.952125549316406
2017-12-11,24.125
2017-12-12,24.059301376342773
2017-12-13,24.024730682373047
2017-12-14,23.93830108642578
2017-12-15,23.91672134399414
2017-12-18,24.101177215576172
2017-12-19,24.135984420776367
2017-12-20,24.4770565032959
2017-12-21,24.995616912841797
2017-12-22,25.047822952270508
2017-12-26,25.267078399658203
2017-12-27,25.183551788330078
2017-12-28,25.22183609008789
2017-12-29,25.14875030517578
2018-01-02,25.562910079956055
2018-01-03,25.94574546813965
2018-01-04,26.102354049682617
2018-01-05,26.091920852661133
2018-01-08,26.2485294342041
2018-01-09,26.182401657104492
2018-01-10,26.15107536315918
2018-01-11,26.68703842163086
2018-01-12,26.944597244262695
2018-01-16,26.603517532348633
2018-01-17,26.836700439453125
2018-01-18,26.61744499206543
2018-01-19,26.582639694213867
2018-01-22,27.156898498535156
2018-01-23,27.115129470825195
2018-01-24,27.042041778564453
2018-01-25,26.82973861694336
2018-01-26,26.97593116760254
2018-01-29,26.568716049194336
2018-01-30,26.032751083374023
2018-01-31,26.050153732299805
2018-02-01,26.318138122558594
2018-02-02,25.218358993530273
2018-02-05,24.160341262817383
2018-02-06,24.351762771606445
2018-02-07,23.944570541381836
2018-02-08,23.22065544128418
2018-02-09,23.203258514404297
2018-02-12,23.582611083984375
2018-02-13,23.485164642333984
2018-02-14,23.826236724853516
2018-02-15,23.76706314086914
2018-02-16,23.70789909362793
2018-02-20,23.579130172729492
2018-02-21,23.182373046875
2018-02-22,23.436433792114258
2018-02-23,23.944570541381836
2018-02-26,24.087257385253906
2018-02-27,23.774028778076172
2018-02-28,23.227617263793945
2018-03-01,23.192813873291016
2018-03-02,23.300704956054688
2018-03-05,23.547807693481445
2018-03-06,23.56172752380371
2018-03-07,23.384231567382812
2018-03-08,23.37727165222168
2018-03-09,23.822750091552734
2018-03-12,23.815792083740234
2018-03-13,23.6452579498291
2018-03-14,23.506046295166016
2018-03-15,23.384231567382812
2018-03-16,23.592782974243164
2018-03-19,23.228254318237305
2018-03-20,23.424541473388672
2018-03-21,24.037935256958008
2018-03-22,23.54722023010254
2018-03-23,23.403512954711914
2018-03-26,23.824119567871094
2018-03-27,23.59980010986328
2018-03-28,23.140626907348633
2018-03-29,23.627838134765625
2018-04-02,23.154644012451172
2018-04-03,23.648868560791016
2018-04-04,23.617321014404297
2018-04-05,24.041439056396484
2018-04-06,23.6068058013916
2018-04-09,23.718969345092773
2018-04-10,24.504114151000977
2018-04-11,24.75998306274414
2018-04-12,24.7564754486084
2018-04-13,25.029876708984375
2018-04-16,25.28574562072754
2018-04-17,25.383892059326172
2018-04-18,25.783472061157227
2018-04-19,25.81501579284668
2018-04-20,25.692344665527344
2018-04-23,25.850069046020508
2018-04-24,25.573163986206055
2018-04-25,25.776460647583008
2018-04-26,26.151506423950195
2018-04-27,25.87460708618164
2018-04-30,25.871095657348633
2018-05-01,25.71336555480957
2018-05-02,25.818523406982422
2018-05-03,25.75892448425293
2018-05-04,25.885114669799805
2018-05-07,25.920169830322266
2018-05-08,26.123464584350586
2018-05-09,26.65622901916504
2018-05-10,26.85603141784668
2018-05-11,26.894582748413086
2018-05-14,27.080350875854492
2018-05-15,27.087364196777344
2018-05-16,27.182003021240234
2018-05-17,27.59209632873535
2018-05-18,27.378280639648438
2018-05-21,27.658702850341797
2018-05-22,27.290653228759766
2018-05-23,27.287145614624023
2018-05-24,26.838497161865234
2018-05-25,26.1409912109375
2018-05-29,26.06037139892578
2018-05-30,26.84901237487793
2018-05-31,26.64571762084961
2018-06-01,26.77189826965332
2018-06-04,26.540571212768555
2018-06-05,26.47748374938965
2018-06-06,26.60365867614746
2018-06-07,27.006738662719727
2018-06-08,26.954166412353516
2018-06-11,27.094377517700195
2018-06-12,26.887569427490234
2018-06-13,26.785921096801758
2018-06-14,26.747365951538086
2018-06-15,26.172889709472656
2018-06-18,26.434019088745117
2018-06-19,26.374025344848633
2018-06-20,26.49047088623047
2018-06-21,25.999975204467773
2018-06-22,26.51871109008789
2018-06-25,25.985862731933594
2018-06-26,26.314037322998047
2018-06-27,26.666913986206055
2018-06-28,26.63161849975586
2018-06-29,26.7974853515625
2018-07-02,26.402252197265625
2018-07-03,26.568111419677734
2018-07-05,26.539880752563477
2018-07-06,26.702199935913086
2018-07-09,27.100950241088867
2018-07-10,27.302091598510742
2018-07-11,26.72337532043457
2018-07-12,26.769248962402344
2018-07-13,26.9103946685791
2018-07-16,26.599863052368164
2018-07-17,26.494007110595703
2018-07-18,26.511648178100586
2018-07-19,26.51871109008789
2018-07-20,26.42695426940918
2018-07-23,26.31050682067871
2018-07-24,26.6422176361084
2018-07-25,26.864519119262695
2018-07-26,27.15741539001465
2018-07-27,27.04096794128418
2018-07-30,27.263269424438477
2018-07-31,27.213869094848633
2018-08-01,26.83629035949707
2018-08-02,26.68808364868164
2018-08-03,26.550466537475586
2018-08-06,26.649263381958008
2018-08-07,26.84688377380371
2018-08-08,26.65279769897461
2018-08-09,26.405784606933594
2018-08-10,26.568111419677734
2018-08-13,26.22934341430664
2018-08-14,26.292861938476562
2018-08-15,25.37537956237793
2018-08-16,25.558881759643555
2018-08-17,25.622400283813477
2018-08-20,25.795307159423828
2018-08-21,25.925872802734375
2018-08-22,26.236406326293945
2018-08-23,26.11290168762207
2018-08-24,26.303449630737305
2018-08-27,26.49752426147461
2018-08-28,26.384611129760742
2018-08-29,26.546934127807617
2018-08-30,26.472827911376953
2018-08-31,26.268173217773438
2018-09-04,26.211700439453125
2018-09-05,26.17641258239746
2018-09-06,25.69297218322754
2018-09-07,25.68944549560547
2018-09-10,25.678861618041992
2018-09-11,25.92234230041504
2018-09-12,26.056432723999023
2018-09-13,26.067020416259766
2018-09-14,26.204641342163086
2018-09-17,26.246992111206055
2018-09-18,26.419898986816406
2018-09-19,26.501068115234375
2018-09-20,26.508119583129883
2018-09-21,26.683290481567383
2018-09-24,27.07411766052246
2018-09-25,27.248218536376953
2018-09-26,26.985286712646484
2018-09-27,26.985286712646484
2018-09-28,26.91067886352539
2018-10-01,27.283742904663086
2018-10-02,27.312171936035156
2018-10-03,27.532451629638672
2018-10-04,27.41876220703125
2018-10-05,27.415206909179688
2018-10-08,27.393888473510742
2018-10-09,27.639049530029297
2018-10-10,26.77210807800293
2018-10-11,25.866090774536133
2018-10-12,25.93714714050293
2018-10-15,25.72041130065918
2018-10-16,25.9335880279541
2018-10-17,25.770153045654297
2018-10-18,25.64224624633789
2018-10-19,25.414852142333984
2018-10-22,25.134164810180664
2018-10-23,24.476852416992188
2018-10-24,23.510421752929688
2018-10-25,23.7982177734375
2018-10-26,23.620573043823242
2018-10-29,23.17999267578125
2018-10-30,23.71650505065918
2018-10-31,23.862173080444336
2018-11-01,24.064697265625
2018-11-02,24.00429344177246
2018-11-05,24.405797958374023
2018-11-06,24.519485473632812
2018-11-07,24.920982360839844
2018-11-08,24.380916595458984
2018-11-09,24.33827781677246
2018-11-12,23.83375358581543
2018-11-13,23.28658103942871
2018-11-14,23.247499465942383
2018-11-15,23.588590621948242
2018-11-16,23.869285583496094
2018-11-19,23.862173080444336
2018-11-20,23.080507278442383
2018-11-21,23.442920684814453
2018-11-23,22.70743751525879
2018-11-26,23.04853057861328
2018-11-27,22.98457908630371
2018-11-28,23.378963470458984
2018-11-29,23.53174591064453
2018-11-30,23.489107131958008
2018-12-03,24.011402130126953
2018-12-04,23.322114944458008
2018-12-06,22.89219856262207
2018-12-07,22.76428985595703
2018-12-10,22.408985137939453
2018-12-11,22.416091918945312
2018-12-12,22.504913330078125
2018-12-13,22.575977325439453
2018-12-14,22.060791015625
2018-12-17,21.6592960357666
2018-12-18,21.14765739440918
2018-12-19,20.89894676208496
2018-12-20,20.31980323791504
2018-12-21,20.122556686401367
2018-12-24,19.308475494384766
2018-12-26,20.509868621826172
2018-12-27,20.617462158203125
2018-12-28,20.459665298461914
2018-12-31,20.567251205444336
2019-01-02,20.97249984741211
2019-01-03,20.764495849609375
2019-01-04,21.47099494934082
2019-01-07,21.790176391601562
2019-01-08,21.95871925354004
2019-01-09,22.306596755981445
2019-01-10,22.371150970458984
2019-01-11,22.238454818725586
2019-01-14,22.184659957885742
2019-01-15,22.263559341430664
2019-01-16,22.2348690032959
2019-01-17,22.43928337097168
2019-01-18,22.894737243652344
2019-01-22,22.39624786376953
2019-01-23,22.166730880737305
2019-01-24,22.28507423400879
2019-01-25,22.568387985229492
2019-01-28,22.342458724975586
2019-01-29,22.410593032836914
2019-01-30,22.726181030273438
2019-01-31,22.87322425842285
2019-02-01,23.27130126953125
2019-02-04,23.32509422302246
2019-02-05,23.3609561920166
2019-02-06,23.188819885253906
2019-02-07,22.675981521606445
2019-02-08,22.57197380065918
2019-02-11,22.6795654296875
2019-02-12,22.966466903686523
2019-02-13,23.25337028503418
2019-02-14,23.33584976196289
2019-02-15,23.712411880493164
2019-02-19,23.78413200378418
2019-02-20,23.884552001953125
2019-02-21,23.51517105102539
2019-02-22,23.58330726623535
2019-02-25,23.622756958007812
2019-02-26,23.547441482543945
2019-02-27,23.637104034423828
2019-02-28,23.40040397644043
2019-03-01,23.830760955810547
2019-03-04,23.873788833618164
2019-03-05,23.794893264770508
2019-03-06,23.4936466217041
2019-03-07,23.35378646850586
2019-03-08,22.916261672973633
2019-03-11,23.274885177612305
2019-03-12,23.42551040649414
2019-03-13,23.662208557128906
2019-03-14,23.687307357788086
2019-03-15,23.677906036376953
2019-03-18,24.006816864013672
2019-03-19,23.941761016845703
2019-03-20,24.151391983032227
2019-03-21,24.321273803710938
2019-03-22,23.663450241088867
2019-03-25,23.674291610717773
2019-03-26,24.014055252075195
2019-03-27,23.84417152404785
2019-03-28,23.93453025817871
2019-03-29,23.898386001586914
2019-04-01,24.21283721923828
2019-04-02,24.046581268310547
2019-04-03,23.81525993347168
2019-04-04,24.014055252075195
2019-04-05,24.436931610107422
2019-04-08,24.545368194580078
2019-04-09,24.2453670501709
2019-04-10,24.335731506347656
2019-04-11,24.353797912597656
2019-04-12,24.418859481811523
2019-04-15,24.27428436279297
2019-04-16,24.433319091796875
2019-04-17,24.400793075561523
2019-04-18,24.285125732421875
2019-04-22,24.798377990722656
2019-04-23,24.758615493774414
2019-04-24,24.32488441467285
2019-04-25,24.24898338317871
2019-04-26,23.93453025817871
2019-04-29,23.912853240966797
2019-04-30,23.894775390625
2019-05-01,23.417675018310547
2019-05-02,23.009241104125977
2019-05-03,23.222497940063477
2019-05-06,23.244178771972656
2019-05-07,23.041780471801758
2019-05-08,23.041780471801758
2019-05-09,23.041780471801758
2019-05-10,23.15020751953125
2019-05-13,22.75261878967285
2019-05-14,23.030935287475586
2019-05-15,23.15020751953125
2019-05-16,23.276714324951172
2019-05-17,23.041780471801758
2019-05-20,23.0526180267334
2019-05-21,23.320083618164062
2019-05-22,22.958646774291992
2019-05-23,22.188777923583984
2019-05-24,22.271909713745117
2019-05-28,22.04058265686035
2019-05-29,21.899635314941406
2019-05-30,21.621320724487305
2019-05-31,21.241809844970703
2019-06-03,21.51288604736328
2019-06-04,21.885169982910156
2019-06-05,21.643001556396484
2019-06-06,22.044200897216797
2019-06-07,22.145401000976562
2019-06-10,22.21046257019043
2019-06-11,22.253835678100586
2019-06-12,21.93938446044922
2019-06-13,22.196002960205078
2019-06-14,22.05143165588379
2019-06-17,22.23576545715332
2019-06-18,22.542987823486328
2019-06-19,22.517688751220703
2019-06-20,23.016475677490234
2019-06-21,23.18279457092285
2019-06-24,22.974895477294922
2019-06-25,22.792522430419922
2019-06-26,23.14267349243164
2019-06-27,22.97124671936035
2019-06-28,23.23750114440918
2019-07-01,23.259389877319336
2019-07-02,22.887359619140625
2019-07-03,22.97853660583496
2019-07-05,23.01137351989746
2019-07-08,23.04419708251953
2019-07-09,23.06243133544922
2019-07-10,23.35787010192871
2019-07-11,23.405288696289062
2019-07-12,23.503768920898438
2019-07-15,23.292213439941406
2019-07-16,23.04419708251953
2019-07-17,22.781583786010742
2019-07-18,22.785234451293945
2019-07-19,22.891002655029297
2019-07-22,22.996780395507812
2019-07-23,23.05878448486328
2019-07-24,23.157264709472656
2019-07-25,22.894651412963867
2019-07-26,22.777938842773438
2019-07-29,22.686750411987305
2019-07-30,22.942068099975586
2019-07-31,22.86911964416504
2019-08-01,22.35118865966797
2019-08-02,22.03022003173828
2019-08-05,21.37369155883789
2019-08-06,21.348161697387695
2019-08-07,21.18767547607422
2019-08-08,21.796785354614258
2019-08-09,21.556058883666992
2019-08-12,21.30074119567871
2019-08-13,21.49770164489746
2019-08-14,20.6551570892334
2019-08-15,20.52750015258789
2019-08-16,20.797407150268555
2019-08-19,21.256973266601562
2019-08-20,21.078250885009766
2019-08-21,21.213207244873047
2019-08-22,21.11837387084961
2019-08-23,20.410778045654297
2019-08-26,20.49831771850586
2019-08-27,20.37065887451172
2019-08-28,20.662450790405273
2019-08-29,20.965181350708008
2019-08-30,20.965181350708008
2019-09-03,20.863059997558594
2019-09-04,21.15484619140625
2019-09-05,21.417463302612305
2019-09-06,21.530532836914062
2019-09-09,21.960922241210938
2019-09-10,22.219886779785156
2019-09-11,22.24176597595215
2019-09-12,22.103168487548828
2019-09-13,22.278242111206055
2019-09-16,23.025955200195312
2019-09-17,22.704984664916992
2019-09-18,22.59556770324707
2019-09-19,22.537206649780273
2019-09-20,22.55560874938965
2019-09-23,22.56297492980957
2019-09-24,22.2059383392334
2019-09-25,22.24274444580078
2019-09-26,21.951967239379883
2019-09-27,21.948287963867188
2019-09-30,21.79001808166504
2019-10-01,21.285755157470703
2019-10-02,20.763090133666992
2019-10-03,20.98761558532715
2019-10-04,21.120126724243164
2019-10-07,20.932401657104492
2019-10-08,20.57537078857422
2019-10-09,20.763090133666992
2019-10-10,21.0244140625
2019-10-11,21.30784034729004
2019-10-14,21.296796798706055
2019-10-15,21.385133743286133
2019-10-16,21.08699607849121
2019-10-17,21.101715087890625
2019-10-18,20.991294860839844
2019-10-21,21.366729736328125
2019-10-22,21.642789840698242
2019-10-23,21.82314109802246
2019-10-24,21.73112678527832
2019-10-25,21.90780258178711
2019-10-28,21.78265380859375
2019-10-29,21.870990753173828
2019-10-30,21.425622940063477
2019-10-31,21.333602905273438
2019-11-01,21.819459915161133
2019-11-04,22.529844284057617
2019-11-05,22.55929183959961
2019-11-06,22.099201202392578
2019-11-07,22.430463790893555
2019-11-08,22.33844566345215
2019-11-11,22.213300704956055
2019-11-12,22.099201202392578
2019-11-13,22.00349998474121
2019-11-14,21.944612503051758
2019-11-15,22.11391830444336
2019-11-18,21.84522819519043
2019-11-19,21.521324157714844
2019-11-20,21.738487243652344
2019-11-21,22.09552001953125
2019-11-22,22.021907806396484
2019-11-25,22.043989181518555
2019-11-26,21.84154510498047
2019-11-27,21.896760940551758
2019-11-29,21.67591094970703
2019-12-02,21.67591094970703
2019-12-03,21.352005004882812
2019-12-04,21.672229766845703
2019-12-05,21.569171905517578
2019-12-06,21.981412887573242
2019-12-09,21.955650329589844
2019-12-10,21.99981689453125
2019-12-11,21.9630069732666
2019-12-12,22.36789321899414
2019-12-13,22.198583602905273
2019-12-16,22.496715545654297
2019-12-17,22.511438369750977
2019-12-18,22.596101760864258
2019-12-19,22.5887393951416
2019-12-20,22.805419921875
2019-12-23,23.039567947387695
2019-12-24,23.028417587280273
2019-12-26,23.020984649658203
2019-12-27,22.92435073852539
2019-12-30,22.852008819580078
2019-12-31,22.982152938842773
2020-01-02,23.188852310180664
2020-01-03,23.119953155517578
2020-01-06,23.29986000061035
2020-01-07,23.238616943359375
2020-01-08,22.855836868286133
2020-01-09,23.02425765991211
2020-01-10,22.89410972595215
2020-01-13,22.901769638061523
2020-01-14,22.90559196472168
2020-01-15,22.73716926574707
2020-01-16,22.77544593811035
2020-01-17,22.629989624023438
2020-01-21,22.2242488861084
2020-01-22,22.0098876953125
2020-01-23,21.925674438476562
2020-01-24,21.67304039001465
2020-01-27,21.072080612182617
2020-01-28,21.167770385742188
2020-01-29,20.945762634277344
2020-01-30,21.114181518554688
2020-01-31,20.455795288085938
2020-02-03,20.187856674194336
2020-02-04,20.260578155517578
2020-02-05,21.02231216430664
2020-02-06,20.807954788208008
2020-02-07,20.662500381469727
2020-02-10,20.55915069580078
2020-02-11,20.788814544677734
2020-02-12,21.06825065612793
2020-02-13,21.003171920776367
2020-02-14,20.892168045043945
2020-02-18,20.719919204711914
2020-02-19,20.995521545410156
2020-02-20,20.972551345825195
2020-02-21,20.723739624023438
2020-02-24,19.76679229736328
2020-02-25,18.894054412841797
2020-02-26,18.323711395263672
2020-02-27,17.343791961669922
2020-02-28,17.328481674194336
2020-03-02,18.028968811035156
2020-03-03,17.477766036987305
2020-03-04,17.891172409057617
2020-03-05,17.236610412597656
2020-03-06,16.268177032470703
2020-03-09,12.9915771484375
2020-03-10,13.607853889465332
2020-03-11,12.888225555419922
2020-03-12,11.280545234680176
2020-03-13,12.321708679199219
2020-03-16,10.645132064819336
2020-03-17,10.717859268188477
2020-03-18,9.179081916809082
2020-03-19,9.80301284790039
2020-03-20,9.89870834350586
2020-03-23,9.224024772644043
2020-03-24,10.703314781188965
2020-03-25,11.208152770996094
2020-03-26,11.89300537109375
2020-03-27,11.086834907531738
2020-03-30,11.200324058532715
2020-03-31,11.372516632080078
2020-04-01,10.808977127075195
2020-04-02,11.799084663391113
2020-04-03,11.67385482788086
2020-04-06,12.292180061340332
2020-04-07,12.554381370544434
2020-04-08,13.391863822937012
2020-04-09,13.270546913146973
2020-04-13,13.227499008178711
2020-04-14,13.164880752563477
2020-04-15,12.546555519104004
2020-04-16,12.010411262512207
2020-04-17,13.286201477050781
2020-04-20,12.87137222290039
2020-04-21,12.644392967224121
2020-04-22,13.094440460205078
2020-04-23,13.517094612121582
2020-04-24,13.5484037399292
2020-04-27,13.841914176940918
2020-04-28,14.158900260925293
2020-04-29,15.207707405090332
2020-04-30,14.871149063110352
2020-05-01,14.029757499694824
2020-05-04,14.51502799987793
2020-05-05,14.526764869689941
2020-05-06,14.1471586227417
2020-05-07,14.51502799987793
2020-05-08,15.176403045654297
2020-05-11,14.910284042358398
2020-05-12,14.648087501525879
2020-05-13,13.982796669006348
2020-05-14,14.139331817626953
2020-05-15,14.08454418182373
2020-05-18,15.23510456085205
2020-05-19,14.80853271484375
2020-05-20,15.399463653564453
2020-05-21,15.15291976928711
2020-05-22,15.059000015258789
2020-05-26,15.477739334106445
2020-05-27,15.677321434020996
2020-05-28,15.239015579223633
2020-05-29,15.16857624053955
2020-06-01,15.434687614440918
2020-06-02,15.8651704788208
2020-06-03,16.33087158203125
2020-06-04,16.334789276123047
2020-06-05,17.547956466674805
2020-06-08,18.338472366333008
2020-06-09,17.64971351623535
2020-06-10,16.78092384338379
2020-06-11,15.199880599975586
2020-06-12,15.583402633666992
2020-06-15,15.630362510681152
2020-06-16,16.08041000366211
2020-06-17,15.5325288772583
2020-06-18,15.724285125732422
2020-06-19,15.485562324523926
2020-06-22,15.557306289672852
2020-06-23,15.57315731048584
2020-06-24,14.709087371826172
2020-06-25,14.990504264831543
2020-06-26,14.471264839172363
2020-06-29,14.665489196777344
2020-06-30,15.002395629882812
2020-07-01,14.63774299621582
2020-07-02,14.800251960754395
2020-07-06,14.843851089477539
2020-07-07,14.372177124023438
2020-07-08,14.360284805297852
2020-07-09,13.650793075561523
2020-07-10,14.086797714233398
2020-07-13,14.011484146118164
2020-07-14,14.502979278564453
2020-07-15,14.8161039352417
2020-07-16,14.748726844787598
2020-07-17,14.542610168457031
2020-07-20,14.300829887390137
2020-07-21,15.164907455444336
2020-07-22,14.978615760803223
2020-07-23,14.950864791870117
2020-07-24,14.867630958557129
2020-07-27,14.883485794067383
2020-07-28,14.629815101623535
2020-07-29,14.935012817382812
2020-07-30,14.34839916229248
2020-07-31,14.281012535095215
2020-08-03,14.332542419433594
2020-08-04,14.681343078613281
2020-08-05,14.835925102233887
2020-08-06,14.717015266418457
2020-08-07,14.736833572387695
2020-08-10,15.192651748657227
2020-08-11,15.14112377166748
2020-08-12,15.291742324829102
2020-08-13,14.994466781616211
2020-08-14,15.137154579162598
2020-08-17,15.049960136413574
2020-08-18,14.859705924987793
2020-08-19,14.689268112182617
2020-08-20,14.372177124023438
2020-08-21,14.281012535095215
2020-08-24,14.673413276672363
2020-08-25,14.467306137084961
2020-08-26,14.162104606628418
2020-08-27,14.189847946166992
2020-08-28,14.443524360656738
2020-08-31,14.13039493560791
2020-09-01,14.035264015197754
2020-09-02,13.967884063720703
2020-09-03,13.864829063415527
2020-09-04,13.821229934692383
2020-09-08,13.317846298217773
2020-09-09,13.409012794494629
2020-09-10,12.91751766204834
2020-09-11,12.929410934448242
2020-09-14,13.028498649597168
2020-09-15,12.933374404907227
2020-09-16,13.452613830566406
2020-09-17,13.472429275512695
2020-09-18,13.32181167602539
2020-09-21,12.880247116088867
2020-09-22,12.747295379638672
2020-09-23,12.171168327331543
2020-09-24,12.167141914367676
2020-09-25,12.159082412719727
2020-09-28,12.445131301879883
2020-09-29,12.102678298950195
2020-09-30,12.066421508789062
2020-10-01,11.695764541625977
2020-10-02,11.808573722839355
2020-10-05,12.163113594055176
2020-10-06,11.98181438446045
2020-10-07,12.15102481842041
2020-10-08,12.606284141540527
2020-10-09,12.404845237731934
2020-10-12,12.43707275390625
2020-10-13,12.243690490722656
2020-10-14,12.296065330505371
2020-10-15,12.445131301879883
2020-10-16,12.163113594055176
2020-10-19,11.90526294708252
2020-10-20,12.04627513885498
2020-10-21,11.816629409790039
2020-10-22,12.304121971130371
2020-10-23,12.243690490722656
2020-10-26,11.80454158782959
2020-10-27,11.651447296142578
2020-10-28,11.163955688476562
2020-10-29,11.5064058303833
2020-10-30,11.570871353149414
2020-11-02,11.965696334838867
2020-11-03,11.897207260131836
2020-11-04,11.913323402404785
2020-11-05,11.913323402404785
2020-11-06,11.655475616455078
2020-11-09,13.319392204284668
2020-11-10,13.750481605529785
2020-11-11,13.609469413757324
2020-11-12,13.170328140258789
2020-11-13,13.649760246276855
2020-11-16,14.548195838928223
2020-11-17,14.697257995605469
2020-11-18,14.270203590393066
2020-11-19,14.503876686096191
2020-11-20,14.427329063415527
2020-11-23,15.446626663208008
2020-11-24,16.240314483642578
2020-11-25,15.86159896850586
2020-11-27,15.676273345947266
2020-11-30,14.81006908416748
2020-12-01,14.878561973571777
2020-12-02,15.362019538879395
2020-12-03,15.523173332214355
2020-12-04,16.369237899780273
2020-12-07,15.986494064331055
2020-12-08,16.224197387695312
2020-12-09,16.260454177856445
2020-12-10,16.760028839111328
2020-12-11,16.566652297973633
2020-12-14,15.986494064331055
2020-12-15,16.30074691772461
2020-12-16,16.220170974731445
2020-12-17,16.14362335205078
2020-12-18,15.873686790466309
2020-12-21,15.567482948303223
2020-12-22,15.30618953704834
2020-12-23,15.645055770874023
2020-12-24,15.563400268554688
2020-12-28,15.465417861938477
2020-12-29,15.363346099853516
2020-12-30,15.604226112365723
2020-12-31,15.473577499389648
2021-01-04,15.49807071685791
2021-01-05,16.192138671875
2021-01-06,16.6861515045166
2021-01-07,16.931114196777344
2021-01-08,16.910703659057617
2021-01-11,17.17607879638672
2021-01-12,17.7762451171875
2021-01-13,17.63743019104004
2021-01-14,18.160022735595703
2021-01-15,17.453702926635742
2021-01-19,17.80482292175293
2021-01-20,17.870141983032227
2021-01-21,17.26590347290039
2021-01-22,17.17607879638672
2021-01-25,17.00052261352539
2021-01-26,16.637157440185547
2021-01-27,16.412609100341797
2021-01-28,16.6044979095459
2021-01-29,16.05333137512207
2021-02-01,16.16764259338379
2021-02-02,16.343198776245117
2021-02-03,17.041345596313477
2021-02-04,17.229156494140625
2021-02-05,17.376134872436523
2021-02-08,18.102863311767578
2021-02-09,17.910974502563477
2021-02-10,18.253925323486328
2021-02-11,17.972213745117188
2021-02-12,18.237592697143555
2021-02-16,18.694862365722656
2021-02-17,18.972484588623047
2021-02-18,18.543798446655273
2021-02-19,18.85408592224121
2021-02-22,19.507322311401367
2021-02-23,19.829862594604492
2021-02-24,20.532087326049805
2021-02-25,20.13606834411621
2021-02-26,19.658384323120117
2021-03-01,20.16872787475586
2021-03-02,20.058496475219727
2021-03-03,20.352449417114258
2021-03-04,20.838294982910156
2021-03-05,21.618099212646484
2021-03-08,21.6589298248291
2021-03-09,21.279232025146484
2021-03-10,21.81815528869629
2021-03-11,21.82632064819336
2021-03-12,21.871231079101562
2021-03-15,21.622182846069336
2021-03-16,21.005685806274414
2021-03-17,21.168996810913086
2021-03-18,20.21771812438965
2021-03-19,20.2218074798584
2021-03-22,20.02787971496582
2021-03-23,19.734928131103516
2021-03-24,20.230052947998047
2021-03-25,20.3043270111084
2021-03-26,20.807701110839844
2021-03-29,20.560136795043945
2021-03-30,20.38271713256836
2021-03-31,20.242433547973633
2021-04-01,20.758188247680664
2021-04-05,20.263065338134766
2021-04-06,20.209423065185547
2021-04-07,20.27956771850586
2021-04-08,20.0155029296875
2021-04-09,19.883466720581055
2021-04-12,19.7266788482666
2021-04-13,19.74730682373047
2021-04-14,20.29606819152832
2021-04-15,20.131032943725586
2021-04-16,19.970111846923828
2021-04-19,19.94948387145996
2021-04-20,19.421344757080078
2021-04-21,19.668912887573242
2021-04-22,19.437856674194336
2021-04-23,19.61527442932129
2021-04-26,19.74730682373047
2021-04-27,19.986618041992188
2021-04-28,20.675674438476562
2021-04-29,20.906728744506836
2021-04-30,20.378591537475586
2021-05-03,20.939741134643555
2021-05-04,20.952116012573242
2021-05-05,21.6287899017334
2021-05-06,21.740192413330078
2021-05-07,22.12804412841797
2021-05-10,22.136289596557617
2021-05-11,21.5669002532959
2021-05-12,21.670053482055664
2021-05-13,21.405982971191406
2021-05-14,22.070274353027344
2021-05-17,22.581905364990234
2021-05-18,22.057893753051758
2021-05-19,21.509140014648438
2021-05-20,21.476123809814453
2021-05-21,21.521507263183594
2021-05-24,21.736068725585938
2021-05-25,21.294574737548828
2021-05-26,21.484376907348633
2021-05-27,21.500879287719727
2021-05-28,21.542139053344727
2021-06-01,22.37148094177246
2021-06-02,22.788211822509766
2021-06-03,22.850101470947266
2021-06-04,23.002763748168945
2021-06-07,22.903738021850586
2021-06-08,23.101789474487305
2021-06-09,22.95737648010254
2021-06-10,22.928495407104492
2021-06-11,22.850101470947266
2021-06-14,22.751073837280273
2021-06-15,23.18431282043457
2021-06-16,23.060527801513672
2021-06-17,22.276580810546875
2021-06-18,21.616411209106445
2021-06-21,22.53759002685547
2021-06-22,22.687644958496094
2021-06-23,22.750167846679688
2021-06-24,22.946075439453125
2021-06-25,23.066951751708984
2021-06-28,22.28749656677246
2021-06-29,22.17912483215332
2021-06-30,22.4542236328125
2021-07-01,22.84603500366211
2021-07-02,22.7960147857666
2021-07-06,22.054073333740234
2021-07-07,21.695606231689453
2021-07-08,21.57056427001953
2021-07-09,22.029064178466797
2021-07-12,21.995718002319336
2021-07-13,21.828990936279297
2021-07-14,21.17875099182129
2021-07-15,20.8828067779541
2021-07-16,20.290916442871094
2021-07-19,19.573976516723633
2021-07-20,19.83658218383789
2021-07-21,20.528499603271484
2021-07-22,20.299257278442383
2021-07-23,20.22422981262207
2021-07-26,20.724411010742188
2021-07-27,20.53267478942871
2021-07-28,20.72024154663086
2021-07-29,20.920316696166992
2021-07-30,20.58685874938965
2021-08-02,20.43263816833496
2021-08-03,20.78276824951172
2021-08-04,20.22005271911621
2021-08-05,20.449310302734375
2021-08-06,20.636878967285156
2021-08-09,20.345102310180664
2021-08-10,20.703569412231445
2021-08-11,20.866130828857422
2021-08-12,20.84528350830078
2021-08-13,20.599367141723633
2021-08-16,20.22005271911621
2021-08-17,20.011640548706055
2021-08-18,19.59482192993164
2021-08-19,19.086301803588867
2021-08-20,19.127975463867188
2021-08-23,19.844921112060547
2021-08-24,20.17420768737793
2021-08-25,20.328432083129883
2021-08-26,20.019981384277344
2021-08-27,20.553516387939453
2021-08-30,20.311756134033203
2021-08-31,20.17420768737793
2021-09-01,19.878263473510742
2021-09-02,20.382617950439453
2021-09-03,20.265905380249023
2021-09-07,20.145030975341797
2021-09-08,19.886598587036133
2021-09-09,19.928279876708984
2021-09-10,19.919944763183594
2021-09-13,20.490989685058594
2021-09-14,20.195049285888672
2021-09-15,20.949501037597656
2021-09-16,20.7119083404541
2021-09-17,20.557682037353516
2021-09-20,19.929914474487305
2021-09-21,19.976322174072266
2021-09-22,20.592275619506836
2021-09-23,21.313701629638672
2021-09-24,21.47402000427246
2021-09-27,22.237634658813477
2021-09-28,22.313575744628906
2021-09-29,22.313575744628906
2021-09-30,21.976062774658203
2021-10-01,22.714365005493164
2021-10-04,23.08562660217285
2021-10-05,23.220630645751953
2021-10-06,22.975936889648438
2021-10-07,23.153127670288086
2021-10-08,23.86611557006836
2021-10-11,23.77751922607422
2021-10-12,23.798614501953125
2021-10-13,23.77751922607422
2021-10-14,24.068620681762695
2021-10-15,24.186752319335938
2021-10-18,24.20362663269043
2021-10-19,24.47784996032715
2021-10-20,24.67613983154297
2021-10-21,24.22049903869629
2021-10-22,24.448318481445312
2021-10-25,24.806922912597656
2021-10-26,24.95036506652832
2021-10-27,24.233158111572266
2021-10-28,24.4061279296875
2021-10-29,24.245813369750977
2021-11-01,24.663480758666992
2021-11-02,24.43144416809082
2021-11-03,24.228939056396484
2021-11-04,24.262685775756836
2021-11-05,24.5791015625
2021-11-08,24.802705764770508
2021-11-09,24.90395164489746
2021-11-10,24.245813369750977
2021-11-11,24.338623046875
2021-11-12,24.279565811157227
2021-11-15,24.482065200805664
2021-11-16,24.520042419433594
2021-11-17,24.14455795288086
2021-11-18,24.001117706298828
2021-11-19,23.064529418945312
2021-11-22,23.473758697509766
2021-11-23,24.195186614990234
2021-11-24,24.43144416809082
2021-11-26,23.44844627380371
2021-11-29,23.583452224731445
2021-11-30,23.030776977539062
2021-12-01,22.786083221435547
2021-12-02,23.44844627380371
2021-12-03,23.262815475463867
2021-12-06,23.608762741088867
2021-12-07,24.161436080932617
2021-12-08,24.157215118408203
2021-12-09,23.971590042114258
2021-12-10,24.148778915405273
2021-12-13,23.477975845336914
2021-12-14,23.38094711303711
2021-12-15,23.26703453063965
2021-12-16,23.41469955444336
2021-12-17,22.937965393066406
2021-12-20,22.653778076171875
2021-12-21,23.299076080322266
2021-12-22,23.44864845275879
2021-12-23,23.461467742919922
2021-12-27,23.974287033081055
2021-12-28,23.95719337463379
2021-12-29,23.803346633911133
2021-12-30,23.658050537109375
2021-12-31,23.717880249023438
2022-01-03,24.452917098999023
2022-01-04,25.299072265625
2022-01-05,25.2947940826416
2022-01-06,25.858896255493164
2022-01-07,26.21359634399414
2022-01-10,26.132400512695312
2022-01-11,27.021284103393555
2022-01-12,27.07257080078125
2022-01-13,26.935821533203125
2022-01-14,27.568294525146484
2022-01-18,27.679405212402344
2022-01-19,27.478553771972656
2022-01-20,27.226415634155273
2022-01-21,26.687955856323242
2022-01-24,26.867441177368164
2022-01-25,27.910173416137695
2022-01-26,27.8631649017334
2022-01-27,28.16658592224121
2022-01-28,28.046920776367188
2022-01-31,28.170854568481445
2022-02-01,29.175121307373047
2022-02-02,29.269140243530273
2022-02-03,28.99135971069336
2022-02-04,29.44435691833496
2022-02-07,29.82042694091797
2022-02-08,29.179399490356445
2022-02-09,29.422992706298828
2022-02-10,29.239229202270508
2022-02-11,30.089651107788086
2022-02-14,29.380252838134766
2022-02-15,29.07256317138672
2022-02-16,29.3076114654541
2022-02-17,29.260601043701172
2022-02-18,29.08111000061035
2022-02-22,28.611024856567383
2022-02-23,28.90589714050293
2022-02-24,28.679399490356445
2022-02-25,29.43580436706543
2022-02-28,30.162303924560547
2022-03-01,30.46572494506836
2022-03-02,31.16229820251465
2022-03-03,31.24776268005371
2022-03-04,32.14947509765625
2022-03-07,32.62384033203125
2022-03-08,33.136661529541016
2022-03-09,32.12383270263672
2022-03-10,33.10674285888672
2022-03-11,32.8417854309082
2022-03-14,31.858884811401367
2022-03-15,30.69220733642578
2022-03-16,30.55119514465332
2022-03-17,31.602468490600586
2022-03-18,31.572553634643555
2022-03-21,32.845298767089844
2022-03-22,32.60368728637695
2022-03-23,33.16455841064453
2022-03-24,33.24654006958008
2022-03-25,33.97566223144531
2022-03-28,33.13435363769531
2022-03-29,33.04806900024414
2022-03-30,33.43204879760742
2022-03-31,32.97903823852539
2022-04-01,33.24654006958008
2022-04-04,33.28968048095703
2022-04-05,32.767635345458984
2022-04-06,32.96178436279297
2022-04-07,33.393218994140625
2022-04-08,34.31217956542969
2022-04-11,33.28104782104492
2022-04-12,33.83328628540039
2022-04-13,34.33806610107422
2022-04-14,34.45024871826172
2022-04-18,34.955020904541016
2022-04-19,34.6702766418457
2022-04-20,34.80401611328125
2022-04-21,33.69953536987305
2022-04-22,32.8754997253418
2022-04-25,31.78826904296875
2022-04-26,31.8314151763916
2022-04-27,32.29738235473633
2022-04-28,33.276729583740234
2022-04-29,32.422489166259766
2022-05-02,32.94021224975586
2022-05-03,33.86348342895508
2022-05-04,35.26996612548828
2022-05-05,34.73930740356445
2022-05-06,35.77475357055664
2022-05-09,32.81509780883789
2022-05-10,33.112789154052734
2022-05-11,33.55716323852539
2022-05-12,33.69953536987305
2022-05-13,34.851478576660156
2022-05-16,35.770442962646484
2022-05-17,36.18461608886719
2022-05-18,35.25703430175781
2022-05-19,35.127593994140625
2022-05-20,35.27859878540039
2022-05-23,36.21050262451172
2022-05-24,36.34856033325195
2022-05-25,37.09925842285156
2022-05-26,37.509124755859375
2022-05-27,38.19511413574219
2022-05-31,37.621307373046875
2022-06-01,38.23393249511719
2022-06-02,38.11314010620117
2022-06-03,38.617923736572266
2022-06-06,38.57478332519531
2022-06-07,39.726715087890625
2022-06-08,39.8129997253418
2022-06-09,38.9328727722168
2022-06-10,38.27276611328125
2022-06-13,36.27522277832031
2022-06-14,36.34424591064453
2022-06-15,35.541770935058594
2022-06-16,33.539913177490234
2022-06-17,31.70629119873047
2022-06-21,33.348876953125
2022-06-22,32.01387023925781
2022-06-23,30.82720184326172
2022-06-24,31.23293685913086
2022-06-27,32.14911651611328
2022-06-28,33.017311096191406
2022-06-29,31.86989974975586
2022-06-30,31.19803810119629
2022-07-01,31.664857864379883
2022-07-05,30.40838050842285
2022-07-06,29.889217376708984
2022-07-07,30.966814041137695
2022-07-08,30.953725814819336
2022-07-11,30.65705680847168
2022-07-12,30.059362411499023
2022-07-13,30.011375427246094
2022-07-14,29.4442138671875
2022-07-15,29.92411231994629
2022-07-18,30.60906410217285
2022-07-19,31.551424026489258
2022-07-20,31.85680389404297
2022-07-21,31.298377990722656
2022-07-22,31.040979385375977
2022-07-25,32.17966079711914
2022-07-26,31.887351989746094
2022-07-27,32.607208251953125
2022-07-28,32.79044723510742
2022-07-29,34.212703704833984
2022-08-01,33.50593185424805
2022-08-02,33.42741394042969
2022-08-03,32.46760177612305
2022-08-04,31.263486862182617
2022-08-05,31.882993698120117
2022-08-08,32.048770904541016
2022-08-09,32.611568450927734
2022-08-10,32.84716796875
2022-08-11,33.977115631103516
2022-08-12,34.23451614379883
2022-08-15,33.567020416259766
2022-08-16,33.488487243652344
2022-08-17,33.7677116394043
2022-08-18,34.67515563964844
2022-08-19,34.666419982910156
2022-08-22,34.600975036621094
2022-08-23,35.84872817993164
2022-08-24,36.289371490478516
2022-08-25,36.56858825683594
2022-08-26,36.14103698730469
2022-08-29,36.68638229370117
2022-08-30,35.44300079345703
2022-08-31,35.120155334472656
2022-09-01,34.2563362121582
2022-09-02,34.88456726074219
2022-09-06,34.56172180175781
2022-09-07,34.16035079956055
2022-09-08,34.308685302734375
2022-09-09,35.16378402709961
2022-09-12,35.809471130371094
2022-09-13,34.9063835144043
2022-09-14,35.89236831665039
2022-09-15,34.96746063232422
2022-09-16,34.2214241027832
2022-09-19,34.24171829223633
2022-09-20,34.00355911254883
2022-09-21,33.50520324707031
2022-09-22,33.386112213134766
2022-09-23,31.083921432495117
2022-09-26,30.320938110351562
2022-09-27,30.660537719726562
2022-09-28,32.018917083740234
2022-09-29,32.018917083740234
2022-09-30,31.763113021850586
2022-10-03,33.55811309814453
2022-10-04,35.00028610229492
2022-10-05,35.72358322143555
2022-10-06,36.35866928100586
2022-10-07,36.076412200927734
2022-10-10,35.335472106933594
2022-10-11,35.05322265625
2022-10-12,35.335472106933594
2022-10-13,36.777645111083984
2022-10-14,35.40604019165039
2022-10-17,35.84707260131836
2022-10-18,36.16020584106445
2022-10-19,37.227500915527344
2022-10-20,37.26278305053711
2022-10-21,38.33890914916992
2022-10-24,38.51972579956055
2022-10-25,38.55942153930664
2022-10-26,39.08424377441406
2022-10-27,39.22537612915039
2022-10-28,39.36209487915039
2022-10-31,39.69287109375
2022-11-01,40.076560974121094
2022-11-02,39.11071014404297
2022-11-03,39.83399963378906
2022-11-04,40.31913375854492
2022-11-07,41.01155471801758
2022-11-08,41.05125045776367
2022-11-09,39.04454803466797
2022-11-10,39.913387298583984
2022-11-11,41.07329559326172
2022-11-14,41.0600700378418
2022-11-15,41.49228286743164
2022-11-16,40.64549255371094
2022-11-17,40.733699798583984
2022-11-18,40.411746978759766
2022-11-21,39.864871978759766
2022-11-22,41.11299514770508
2022-11-23,40.66754913330078
2022-11-25,40.51759338378906
2022-11-28,39.40620040893555
2022-11-29,40.0015869140625
2022-11-30,40.200050354003906
2022-12-01,40.0677490234375
2022-12-02,39.829593658447266
2022-12-05,38.64762496948242
2022-12-06,37.628841400146484
2022-12-07,37.540626525878906
2022-12-08,37.373043060302734
2022-12-09,36.46451950073242
2022-12-12,37.42156219482422
2022-12-13,38.131614685058594
2022-12-14,37.89787292480469
2022-12-15,37.66853332519531
2022-12-16,37.20545196533203
2022-12-19,37.200992584228516
2022-12-20,37.762420654296875
2022-12-21,38.479793548583984
2022-12-22,37.593101501464844
2022-12-23,38.791690826416016
2022-12-27,39.206077575683594
2022-12-28,38.32829666137695
2022-12-29,38.72931671142578
2022-12-30,38.97438430786133
2023-01-03,37.60646438598633
2023-01-04,37.602012634277344
2023-01-05,38.2881965637207
2023-01-06,39.01448059082031
2023-01-09,38.8763542175293
2023-01-10,39.15261459350586
2023-01-11,39.272911071777344
2023-01-12,40.02147674560547
2023-01-13,40.07939529418945
2023-01-17,40.1640625
2023-01-18,39.428863525390625
2023-01-19,39.91899871826172
2023-01-20,40.315555572509766
2023-01-23,40.3690299987793
2023-01-24,40.21308135986328
2023-01-25,40.217533111572266
2023-01-26,41.48741912841797
2023-01-27,40.649742126464844
2023-01-30,39.718482971191406
2023-01-31,40.070491790771484
2023-02-01,39.28182601928711
2023-02-02,38.386226654052734
2023-02-03,38.301551818847656
2023-02-06,38.12779235839844
2023-02-07,39.366485595703125
2023-02-08,39.01448059082031
2023-02-09,38.6802978515625
2023-02-10,40.195247650146484
2023-02-13,40.0927734375
2023-02-14,40.10614013671875
2023-02-15,39.42440414428711
2023-02-16,39.0367546081543
2023-02-17,37.64656448364258
2023-02-21,37.45942687988281
2023-02-22,37.20990753173828
2023-02-23,37.771331787109375
2023-02-24,37.722320556640625
2023-02-27,37.83371353149414
2023-02-28,37.29011154174805
2023-03-01,38.025299072265625
2023-03-02,38.35948181152344
2023-03-03,38.88080978393555
2023-03-06,38.89863586425781
2023-03-07,38.221351623535156
2023-03-08,37.82925033569336
2023-03-09,37.294559478759766
2023-03-10,36.81779479980469
2023-03-13,36.069236755371094
2023-03-14,36.42568588256836
2023-03-15,34.469627380371094
2023-03-16,34.843910217285156
2023-03-17,34.29585266113281
2023-03-20,34.98244094848633
2023-03-21,36.193546295166016
2023-03-22,35.423667907714844
2023-03-23,34.93291091918945
2023-03-24,35.0679817199707
2023-03-27,35.81535720825195
2023-03-28,36.36913299560547
2023-03-29,36.873390197753906
2023-03-30,37.03546905517578
2023-03-31,37.292091369628906
2023-04-03,38.98044204711914
2023-04-04,38.27358627319336
2023-04-05,38.84987258911133
2023-04-06,38.26007843017578
2023-04-10,38.56623077392578
2023-04-11,38.930912017822266
2023-04-12,38.957916259765625
2023-04-13,39.2010383605957
2023-04-14,39.27309036254883
2023-04-17,38.80935287475586
2023-04-18,38.962425231933594
2023-04-19,38.82736587524414
2023-04-20,38.485191345214844
2023-04-21,38.26007843017578
2023-04-24,38.84537124633789
2023-04-25,38.11600875854492
2023-04-26,37.60724639892578
2023-04-27,37.74232482910156
2023-04-28,38.327613830566406
2023-05-01,37.8953971862793
2023-05-02,36.24757385253906
2023-05-03,35.563228607177734
2023-05-04,35.16703414916992
2023-05-05,36.12150955200195
2023-05-08,36.12150955200195
2023-05-09,36.13502502441406
2023-05-10,35.72531509399414
2023-05-11,35.297603607177734
2023-05-12,35.351627349853516
2023-05-15,35.531715393066406
2023-05-16,34.65828323364258
2023-05-17,35.324607849121094
2023-05-18,35.581241607666016
2023-05-19,35.85586929321289
2023-05-22,35.70730972290039
2023-05-23,36.09000015258789
2023-05-24,36.24757385253906
2023-05-25,35.603755950927734
2023-05-26,35.464176177978516
2023-05-30,35.09950256347656
2023-05-31,34.48269271850586
2023-06-01,34.91040802001953
2023-06-02,35.97294235229492
2023-06-05,35.73431396484375
2023-06-06,36.022464752197266
2023-06-07,36.97693634033203
2023-06-08,36.81935119628906
2023-06-09,36.616764068603516
2023-06-12,36.26558303833008
2023-06-13,36.43667221069336
2023-06-14,36.062984466552734
2023-06-15,36.45918273925781
2023-06-16,36.4051513671875
2023-06-20,35.590328216552734
2023-06-21,35.87193298339844
2023-06-22,35.3904914855957
2023-06-23,35.13615036010742
2023-06-26,35.76746368408203
2023-06-27,35.84921646118164
2023-06-28,36.212581634521484
2023-06-29,36.63042449951172
2023-06-30,36.866615295410156
2023-07-03,36.95290756225586
2023-07-05,36.74851989746094
2023-07-06,35.9218864440918
2023-07-07,36.69401550292969
2023-07-10,36.980159759521484
2023-07-11,37.793155670166016
2023-07-12,38.142879486083984
2023-07-13,37.99753952026367
2023-07-14,36.99378204345703
2023-07-17,36.92111587524414
2023-07-18,37.293548583984375
2023-07-19,37.511558532714844
2023-07-20,37.95212173461914
2023-07-21,38.2882194519043
2023-07-24,38.905921936035156
2023-07-25,39.11030960083008
2023-07-26,39.12393569946289
2023-07-27,38.87412643432617
2023-07-28,38.99222183227539
2023-07-31,39.73255157470703
2023-08-01,39.54632568359375
2023-08-02,39.028560638427734
2023-08-03,39.423702239990234
2023-08-04,39.478206634521484
2023-08-07,39.523616790771484
2023-08-08,39.71892166137695
2023-08-09,40.21853256225586
2023-08-10,40.21398162841797
2023-08-11,40.83169174194336
2023-08-14,40.659095764160156
2023-08-15,39.814300537109375
2023-08-16,39.4691162109375
2023-08-17,39.941471099853516
2023-08-18,40.33662414550781
2023-08-21,40.082275390625
2023-08-22,39.7734260559082
2023-08-23,39.673500061035156
2023-08-24,39.40099334716797
2023-08-25,39.782508850097656
2023-08-28,40.050479888916016
2023-08-29,40.15948486328125
2023-08-30,40.35933303833008
2023-08-31,40.3865852355957
2023-09-01,41.21321105957031
2023-09-05,41.43122482299805
2023-09-06,41.44938659667969
2023-09-07,41.408512115478516
2023-09-08,41.808197021484375
2023-09-11,41.25862503051758
2023-09-12,42.230594635009766
2023-09-13,41.91265869140625
2023-09-14,42.4031867980957
2023-09-15,41.790035247802734
2023-09-18,42.144168853759766
2023-09-19,41.75067901611328
2023-09-20,41.36177062988281
2023-09-21,40.7944221496582
2023-09-22,40.8630485534668
2023-09-25,41.37549591064453
2023-09-26,41.13758087158203
2023-09-27,42.162471771240234
2023-09-28,42.208221435546875
2023-09-29,41.3571891784668
2023-10-02,40.53361511230469
2023-10-03,40.50616455078125
2023-10-04,39.23420333862305
2023-10-05,38.99170684814453
2023-10-06,39.22505187988281
2023-10-09,40.53361511230469
2023-10-10,40.583953857421875
2023-10-11,40.06235885620117
2023-10-12,40.10810470581055
2023-10-13,40.99116134643555
2023-10-16,41.26568603515625
2023-10-17,41.695777893066406
2023-10-18,42.07553482055664
2023-10-19,42.0023307800293
2023-10-20,41.29771423339844
2023-10-23,40.62970733642578
2023-10-24,40.057777404785156
2023-10-25,39.98456573486328
2023-10-26,39.67344284057617
2023-10-27,38.72175216674805
2023-10-30,38.8498649597168
2023-10-31,38.97798156738281
2023-11-01,38.886474609375
2023-11-02,40.06235885620117
2023-11-03,39.65971755981445
2023-11-06,39.21132278442383
2023-11-07,38.34199523925781
2023-11-08,37.86157989501953
2023-11-09,37.7471923828125
2023-11-10,38.163551330566406
2023-11-13,38.438079833984375
2023-11-14,38.7812385559082
2023-11-15,38.70803451538086
2023-11-16,37.95308303833008
2023-11-17,38.749202728271484
2023-11-20,38.804115295410156
2023-11-21,38.71717834472656
2023-11-22,38.698883056640625
2023-11-24,38.8590202331543
2023-11-27,38.72175216674805
2023-11-28,38.73090744018555
2023-11-29,38.44265365600586
2023-11-30,38.698883056640625
2023-12-01,38.90019607543945
2023-12-04,38.72175216674805
2023-12-05,38.04459762573242
2023-12-06,37.47724151611328
2023-12-07,37.22101593017578
2023-12-08,37.623653411865234
2023-12-11,37.66941452026367
2023-12-12,37.152381896972656
2023-12-13,37.66941452026367
2023-12-14,38.77665710449219
2023-12-15,38.570762634277344
2023-12-18,38.885799407958984
2023-12-19,39.35236358642578
2023-12-20,38.9874382019043
2023-12-21,39.139869689941406
2023-12-22,39.25535583496094
2023-12-26,39.59256362915039
2023-12-27,39.41703414916992
2023-12-28,38.8165168762207
2023-12-29,38.72874450683594
2024-01-02,39.14448928833008
2024-01-03,39.78196334838867
2024-01-04,39.08443832397461
2024-01-05,39.11677551269531
2024-01-08,38.66407012939453
2024-01-09,38.045082092285156
2024-01-10,37.67091369628906
2024-01-11,37.767913818359375
2024-01-12,38.19289779663086
2024-01-16,37.28288650512695
2024-01-17,36.973392486572266
2024-01-18,36.91333770751953
2024-01-19,37.03343963623047
2024-01-22,37.17202377319336
2024-01-23,37.250545501708984
2024-01-24,37.78178024291992
2024-01-25,38.63174057006836
2024-01-26,38.91814041137695
2024-01-29,38.862709045410156
2024-01-30,39.264591217041016
2024-01-31,38.53011703491211
2024-02-01,38.52549743652344
2024-02-02,38.580928802490234
2024-02-05,38.483917236328125
2024-02-06,38.60865020751953
2024-02-07,38.68717575073242
2024-02-08,39.08443832397461
2024-02-09,38.483917236328125
2024-02-12,38.90890121459961
2024-02-13,38.516258239746094
2024-02-14,38.47930145263672
2024-02-15,39.550987243652344
2024-02-16,39.52790069580078
2024-02-20,39.16758728027344
2024-02-21,39.90206527709961
2024-02-22,39.971351623535156
2024-02-23,39.708045959472656
2024-02-26,39.84663772583008
2024-02-27,39.675716400146484
2024-02-28,39.59718704223633
2024-02-29,39.791202545166016
2024-03-01,40.253135681152344
2024-03-04,39.82353210449219
2024-03-05,40.11917495727539
2024-03-06,40.243896484375
2024-03-07,40.585731506347656
2024-03-08,40.72892761230469
2024-03-11,41.149295806884766
2024-03-12,41.08462142944336
2024-03-13,41.74057388305664
2024-03-14,42.1701774597168
2024-03-15,42.294891357421875
2024-03-18,42.44110870361328
2024-03-19,42.92540740966797
2024-03-20,42.86487579345703
2024-03-21,43.12099075317383
2024-03-22,43.02785873413086
2024-03-25,43.4283332824707
2024-03-26,43.093055725097656
2024-03-27,43.493534088134766
2024-03-28,43.963863372802734
2024-04-01,44.289825439453125
2024-04-02,44.90917205810547
2024-04-03,45.21651077270508
2024-04-04,45.188568115234375
2024-04-05,45.67286682128906
2024-04-08,45.3841438293457
2024-04-09,45.39811706542969
2024-04-10,45.53781509399414
2024-04-11,45.50522232055664
2024-04-12,44.76480484008789
2024-04-15,44.345703125
2024-04-16,43.95920181274414
2024-04-17,43.83346176147461
2024-04-18,43.698421478271484
2024-04-19,44.224632263183594
2024-04-22,44.513343811035156
2024-04-23,44.76015090942383
2024-04-24,44.79275131225586
2024-04-25,44.99763870239258
2024-04-26,44.58319854736328
2024-04-29,44.88588333129883
2024-04-30,43.54941177368164
2024-05-01,42.85555648803711
2024-05-02,43.10236358642578
2024-05-03,43.107025146484375
2024-05-06,43.446964263916016
2024-05-07,43.405052185058594
2024-05-08,43.35383224487305
2024-05-09,43.9359130859375
2024-05-10,43.69377136230469
2024-05-13,43.577354431152344
2024-05-14,43.63322830200195
2024-05-15,43.73101806640625
2024-05-16,43.609947204589844
2024-05-17,44.219966888427734
2024-05-20,43.93125534057617
2024-05-21,43.71704864501953
2024-05-22,42.878849029541016
2024-05-23,42.4876823425293
2024-05-24,42.548213958740234
2024-05-28,42.98594665527344
2024-05-29,42.22690963745117
2024-05-30,42.34798049926758
2024-05-31,43.400394439697266
2024-06-03,42.2641716003418
2024-06-04,41.85902786254883
2024-06-05,41.854373931884766
2024-06-06,42.0732421875
2024-06-07,41.90559768676758
2024-06-10,42.222251892089844
2024-06-11,42.138423919677734
2024-06-12,41.686729431152344
2024-06-13,41.30488586425781
2024-06-14,40.99754333496094
2024-06-17,41.104644775390625
2024-06-18,41.27694320678711
2024-06-20,42.03597640991211
2024-06-21,41.79383850097656
2024-06-24,42.84765625
2024-06-25,42.946231842041016
2024-06-26,42.52376174926758
2024-06-27,42.622344970703125
2024-06-28,42.78664016723633
2024-07-01,42.81010818481445
2024-07-02,42.77724838256836
2024-07-03,42.96501159667969
2024-07-05,42.29375457763672
2024-07-08,42.03558349609375
2024-07-09,41.66475296020508
2024-07-10,41.94639587402344
2024-07-11,42.382938385009766
2024-07-12,42.49090576171875
2024-07-15,43.134002685546875
2024-07-16,43.32645797729492
2024-07-17,43.75831604003906
2024-07-18,43.838104248046875
2024-07-19,43.35931396484375
2024-07-22,43.08705520629883
2024-07-23,42.4017219543457
2024-07-24,42.406410217285156
2024-07-25,43.13869094848633
2024-07-26,43.27482223510742
2024-07-29,42.90398406982422
2024-07-30,43.57054901123047
2024-07-31,43.75361633300781
2024-08-01,42.594173431396484
2024-08-02,41.495758056640625
2024-08-05,40.580413818359375
2024-08-06,40.82919692993164
2024-08-07,40.99349594116211
2024-08-08,41.87598419189453
2024-08-09,41.96986389160156
2024-08-12,42.17640686035156
2024-08-13,41.76802062988281
2024-08-14,42.012107849121094
2024-08-15,42.514381408691406
2024-08-16,42.46744155883789
2024-08-19,42.753780364990234
2024-08-20,41.627193450927734
2024-08-21,41.697608947753906
2024-08-22,41.80556869506836
2024-08-23,42.42988204956055
2024-08-26,42.81010818481445
2024-08-27,42.41110610961914
2024-08-28,42.13884735107422
2024-08-29,42.68806076049805
2024-08-30,42.84765625
2024-09-03,41.782100677490234
2024-09-04,41.20471954345703
2024-09-05,40.885520935058594
2024-09-06,40.37387466430664
2024-09-09,40.66490173339844
2024-09-10,39.96548843383789
2024-09-11,39.59465026855469
2024-09-12,39.95140075683594
2024-09-13,40.176719665527344
2024-09-16,40.636749267578125
2024-09-17,41.18595504760742
2024-09-18,41.26575469970703
2024-09-19,41.758628845214844
2024-09-20,41.66475296020508
2024-09-23,42.1792106628418
2024-09-24,42.07508850097656
2024-09-25,41.25156784057617
2024-09-26,40.4422492980957
2024-09-27,41.265769958496094
2024-09-30,41.554473876953125
2024-10-01,42.50104904174805
2024-10-02,42.936466217041016
2024-10-03,43.693729400634766
2024-10-04,44.10074996948242
2024-10-07,44.25693130493164
2024-10-08,43.10211944580078
2024-10-09,43.362422943115234
2024-10-10,43.655860900878906
2024-10-11,43.92563247680664
2024-10-14,43.90670394897461
2024-10-15,42.4915771484375
2024-10-16,42.69509506225586
2024-10-17,42.89860153198242
2024-10-18,42.756622314453125
2024-10-21,42.62882995605469
2024-10-22,42.728214263916016
2024-10-23,42.505775451660156
2024-10-24,42.50104904174805
2024-10-25,42.48684310913086
2024-10-28,42.21706771850586
2024-10-29,41.57339859008789
2024-10-30,41.66806411743164
2024-10-31,41.92837142944336
2024-11-01,41.663333892822266
2024-11-04,42.39218521118164
2024-11-05,42.6761589050293
2024-11-06,44.280601501464844
2024-11-07,44.07708740234375
2024-11-08,44.370521545410156
2024-11-11,44.62136459350586
2024-11-12,44.38472366333008
2024-11-13,44.73021697998047
2024-11-14,44.900604248046875
2024-11-15,44.8343391418457
2024-11-18,45.43068313598633
2024-11-19,45.1419792175293
2024-11-20,45.5963249206543
2024-11-21,45.96549606323242
2024-11-22,46.03648376464844
2024-11-25,45.12778091430664
2024-11-26,45.066253662109375
2024-11-27,45.0189208984375
2024-11-29,45.21297073364258
2024-12-02,44.73495101928711
2024-12-03,44.73021697998047
2024-12-04,43.651126861572266
2024-12-05,43.82150650024414
2024-12-06,43.078453063964844
2024-12-09,43.00746154785156
2024-12-10,42.71402359008789
2024-12-11,42.78501510620117
2024-12-12,42.43951416015625
2024-12-13,42.226539611816406
2024-12-16,41.29889678955078
2024-12-17,40.99126052856445
2024-12-18,39.77964782714844
2024-12-19,39.43415451049805
2024-12-20,39.822242736816406
2024-12-23,40.05610656738281
2024-12-24,40.39495849609375
2024-12-26,40.36154556274414
2024-12-27,40.356773376464844
2024-12-30,40.35199737548828
2024-12-31,40.88175582885742
2025-01-02,41.359012603759766
2025-01-03,41.74559020996094
2025-01-06,41.5546875
2025-01-07,41.96989822387695
2025-01-08,42.01285934448242
2025-01-10,42.184661865234375
2025-01-13,43.072364807128906
2025-01-14,43.53530502319336
2025-01-15,44.17959976196289
2025-01-16,44.49935531616211
2025-01-17,44.842987060546875
2025-01-21,44.61389923095703
2025-01-22,43.80256271362305
2025-01-23,44.00300979614258
2025-01-24,43.578250885009766
2025-01-27,43.1248664855957
2025-01-28,42.71441650390625
2025-01-29,42.809871673583984
2025-01-30,43.02941131591797
2025-01-31,41.82672882080078
2025-02-03,42.08921432495117
2025-02-04,42.972137451171875
2025-02-05,43.06282424926758
2025-02-06,42.270572662353516
2025-02-07,42.26580047607422
2025-02-10,43.19644546508789
2025-02-11,43.54484558105469
2025-02-12,42.4948844909668
2025-02-13,42.81464385986328
2025-02-14,42.986454010009766
2025-02-18,43.57347869873047
2025-02-19,43.917110443115234
2025-02-20,44.3180046081543
2025-02-21,43.39689636230469
2025-02-24,43.40644073486328
2025-02-25,42.7812385559082
2025-02-26,42.53783416748047
2025-02-27,42.76691818237305
2025-02-28,43.43030548095703
2025-03-03,41.91263198852539
2025-03-04,41.506961822509766
2025-03-05,40.90084457397461
2025-03-06,41.024932861328125
2025-03-07,41.72650146484375
2025-03-10,42.03671646118164
2025-03-11,41.702632904052734
2025-03-12,41.89353561401367
2025-03-13,41.607181549072266
2025-03-14,42.8385124206543
2025-03-17,43.5209846496582
2025-03-18,43.59257125854492
2025-03-19,44.30368423461914
2025-03-20,44.4659538269043
2025-03-21,44.15572738647461
2025-03-24,44.658836364746094
2025-03-25,44.84161376953125
2025-03-26,45.10615158081055
2025-03-27,44.668460845947266
2025-03-28,44.45682907104492
2025-03-31,44.947425842285156
2025-04-01,45.21196365356445
2025-04-02,45.27448654174805
2025-04-03,41.72005844116211
2025-04-04,37.88185119628906
2025-04-07,37.63655471801758
2025-04-08,36.76598358154297
2025-04-09,39.61337661743164
2025-04-10,37.02571105957031
2025-04-11,37.94437789916992
2025-04-14,38.07905197143555
2025-04-15,38.02133560180664
2025-04-16,38.3339729309082
2025-04-17,39.19973373413086
2025-04-21,38.17525100708008
2025-04-22,39.14682388305664
2025-04-23,39.07468032836914
2025-04-24,39.699951171875
2025-04-25,39.627803802490234
2025-04-28,39.906768798828125
2025-04-29,39.79133987426758
2025-04-30,38.71875762939453
2025-05-01,38.8630485534668
2025-05-02,39.43060302734375
2025-05-05,38.71875762939453
2025-05-06,38.72837448120117
2025-05-07,38.74280548095703
2025-05-08,39.25264358520508
2025-05-09,39.64704513549805
2025-05-12,40.68115234375
2025-05-13,41.25351333618164
2025-05-14,41.00340270996094
2025-05-15,41.17655563354492
2025-05-16,41.11402893066406
2025-05-19,40.58013916015625
2025-05-20,40.204978942871094
2025-05-21,39.46427536010742
2025-05-22,39.31036376953125
2025-05-23,39.43540954589844
2025-05-27,39.77690887451172
2025-05-28,39.27188491821289
2025-05-29,39.565277099609375
2025-05-30,39.21416473388672
2025-06-02,39.72881317138672
2025-06-03,40.20016860961914
2025-06-04,39.41617202758789
2025-06-05,39.37769317626953
2025-06-06,40.118404388427734
2025-06-09,40.19535827636719
2025-06-10,40.912017822265625
2025-06-11,41.503623962402344
2025-06-12,41.64791488647461
2025-06-13,42.37419128417969
2025-06-16,42.2491340637207
2025-06-17,42.64353561401367
2025-06-18,42.36457443237305
2025-06-20,42.79745864868164
2025-06-23,41.71517562866211
2025-06-24,41.17210006713867
2025-06-25,40.9926872253418
2025-06-26,41.579402923583984
2025-06-27,41.361202239990234
2025-06-30,41.12360763549805
2025-07-01,41.438785552978516
2025-07-02,42.15157699584961
2025-07-03,42.20006561279297
2025-07-07,41.79275894165039
2025-07-08,42.91770553588867
2025-07-09,42.699501037597656
2025-07-10,43.02437973022461
2025-07-11,43.21833419799805
2025-07-14,42.74314498901367
2025-07-15,42.12733459472656
2025-07-16,41.76366424560547
2025-07-17,42.02065658569336
2025-07-18,41.68123245239258
2025-07-21,41.24967575073242
2025-07-22,41.44363784790039
2025-07-23,42.09339141845703
2025-07-24,42.39402389526367
2025-07-25,42.2340087890625
2025-07-28,42.71405029296875
2025-07-29,43.13105392456055
2025-07-30,42.5152473449707
2025-07-31,42.2873420715332
2025-08-01,41.50182342529297
2025-08-04,41.40969467163086
2025-08-05,41.46302795410156
2025-08-06,41.0799674987793
2025-08-07,40.91995620727539
2025-08-08,41.18179702758789
2025-08-11,40.85206985473633
2025-08-12,41.050872802734375
2025-08-13,41.52606964111328
2025-08-14,41.487274169921875
2025-08-15,41.487274169921875
2025-08-18,41.23998260498047
2025-08-19,41.2545280456543
2025-08-20,41.59880065917969
2025-08-21,41.8848876953125
2025-08-22,42.73830032348633
2025-08-25,42.84982681274414
2025-08-26,42.78193664550781
2025-08-27,43.26197814941406
2025-08-28,43.591705322265625
2025-08-29,43.82929611206055
2025-09-02,43.892333984375
2025-09-03,42.90800476074219
2025-09-04,43.194095611572266
2025-09-05,42.360084533691406
2025-09-08,42.26310348510742
2025-09-09,42.466758728027344
2025-09-10,43.208641052246094
2025-09-11,43.21833419799805
2025-09-12,42.96133804321289
2025-09-15,42.815879821777344
2025-09-16,43.53351593017578
2025-09-17,43.63534164428711
2025-09-18,43.49957275390625
2025-09-19,42.922550201416016
2025-09-22,42.8731575012207
2025-09-23,43.611595153808594
2025-09-24,44.17886734008789
2025-09-25,44.574981689453125
2025-09-26,44.98576736450195
2025-09-29,44.159305572509766
2025-09-30,43.68983459472656
2025-10-01,43.68983459472656
2025-10-02,43.249717712402344
2025-10-03,43.479557037353516
2025-10-06,43.69472885131836
2025-10-07,43.76319122314453
2025-10-08,43.5088996887207
2025-10-09,42.91717529296875
2025-10-10,41.67504119873047
2025-10-13,42.2423095703125
2025-10-14,42.2374267578125
2025-10-15,42.212974548339844
2025-10-16,41.70438003540039
2025-10-17,42.04670333862305
2025-10-20,42.491722106933594
2025-10-21,42.39391326904297
2025-10-22,42.93673324584961
2025-10-23,43.5088996887207
2025-10-24,43.06877517700195
2025-10-27,43.171470642089844
2025-10-28,42.72156524658203
2025-10-29,43.039432525634766
2025-10-30,42.785133361816406
2025-10-31,43.09811782836914
2025-11-03,43.103004455566406
2025-11-04,42.638427734375
2025-11-05,42.75090789794922
2025-11-06,43.16657638549805
2025-11-07,43.78764724731445
2025-11-10,44.18376159667969
2025-11-11,44.76081085205078
2025-11-12,44.134857177734375
2025-11-13,44.24733352661133
2025-11-14,45.00043869018555
2025-11-17,44.17886734008789
2025-11-18,44.53097152709961
2025-11-19,43.953914642333984
2025-11-20,43.45510482788086
2025-11-21,43.72896194458008
2025-11-24,43.60670471191406
2025-11-25,43.332847595214844
2025-11-26,43.66049575805664
2025-11-28,44.23265838623047
2025-12-01,44.65811538696289
2025-12-02,44.081058502197266
2025-12-03,44.90752029418945
2025-12-04,45.098243713378906
2025-12-05,44.91240692138672
2025-12-08,44.42338180541992
2025-12-09,44.69723892211914
2025-12-10,45.166709899902344
2025-12-11,44.951534271240234
2025-12-12,44.511409759521484
2025-12-15,44.198429107666016
2025-12-16,42.84870910644531
2025-12-17,43.79742431640625
2025-12-18,43.16168975830078
2025-12-19,43.16168975830078
2025-12-22,43.608524322509766
2025-12-23,43.89457702636719
2025-12-24,43.76634979248047
2025-12-26,43.598663330078125
2025-12-29,44.01294708251953
2025-12-30,44.348323822021484
2025-12-31,44.101722717285156
