Date,XLF
2015-01-02,16.217979431152344
2015-01-05,15.876957893371582
2015-01-06,15.634313583374023
2015-01-07,15.798263549804688
2015-01-08,16.03435516357422
2015-01-09,15.817939758300781
2015-01-12,15.686776161193848
2015-01-13,15.634313583374023
2015-01-14,15.411348342895508
2015-01-15,15.221155166625977
2015-01-16,15.404783248901367
2015-01-20,15.339208602905273
2015-01-21,15.378552436828613
2015-01-22,15.758912086486816
2015-01-23,15.588408470153809
2015-01-26,15.667106628417969
2015-01-27,15.496600151062012
2015-01-28,15.214597702026367
2015-01-29,15.339208602905273
2015-01-30,15.089998245239258
2015-02-02,15.332653045654297
2015-02-03,15.588408470153809
2015-02-04,15.549054145812988
2015-02-05,15.706446647644043
2015-02-06,15.831053733825684
2015-02-09,15.75235652923584
2015-02-10,15.876957893371582
2015-02-11,15.876957893371582
2015-02-12,16.03435516357422
2015-02-13,16.0212345123291
2015-02-17,16.073698043823242
2015-02-18,15.975327491760254
2015-02-19,15.90975570678711
2015-02-20,16.027793884277344
2015-02-23,15.988442420959473
2015-02-24,16.067142486572266
2015-02-25,16.067142486572266
2015-02-26,16.027793884277344
2015-02-27,15.96877384185791
2015-03-02,16.086824417114258
2015-03-03,16.04091453552246
2015-03-04,15.942543029785156
2015-03-05,16.008121490478516
2015-03-06,15.89007568359375
2015-03-09,15.96221923828125
2015-03-10,15.621201515197754
2015-03-11,15.719565391540527
2015-03-12,16.060585021972656
2015-03-13,15.949101448059082
2015-03-16,16.14583969116211
2015-03-17,16.10649871826172
2015-03-18,16.198305130004883
2015-03-19,16.047473907470703
2015-03-20,16.265348434448242
2015-03-23,16.173194885253906
2015-03-24,16.041549682617188
2015-03-25,15.784830093383789
2015-03-26,15.771658897399902
2015-03-27,15.75191879272461
2015-03-30,15.982303619384766
2015-03-31,15.870401382446289
2015-04-01,15.8572359085083
2015-04-02,15.936223983764648
2015-04-06,15.962555885314941
2015-04-07,15.876984596252441
2015-04-08,15.936223983764648
2015-04-09,15.962555885314941
2015-04-10,15.955970764160156
2015-04-13,16.015214920043945
2015-04-14,16.015214920043945
2015-04-15,16.0744571685791
2015-04-16,16.100791931152344
2015-04-17,15.883563995361328
2015-04-20,15.949389457702637
2015-04-21,15.870401382446289
2015-04-22,15.982303619384766
2015-04-23,16.00863265991211
2015-04-24,15.982303619384766
2015-04-27,15.923062324523926
2015-04-28,16.015214920043945
2015-04-29,16.00863265991211
2015-04-30,15.883563995361328
2015-05-01,16.02180290222168
2015-05-04,16.179780960083008
2015-05-05,16.034957885742188
2015-05-06,15.955970764160156
2015-05-07,16.06787872314453
2015-05-08,16.29826545715332
2015-05-11,16.23902130126953
2015-05-12,16.179780960083008
2015-05-13,16.186365127563477
2015-05-14,16.331172943115234
2015-05-15,16.25876808166504
2015-05-18,16.350923538208008
2015-05-19,16.44307518005371
2015-05-20,16.39699935913086
2015-05-21,16.357505798339844
2015-05-22,16.364091873168945
2015-05-26,16.179780960083008
2015-05-27,16.357505798339844
2015-05-28,16.337757110595703
2015-05-29,16.192947387695312
2015-06-01,16.20610809326172
2015-06-02,16.232440948486328
2015-06-03,16.370670318603516
2015-06-04,16.225854873657227
2015-06-05,16.31801414489746
2015-06-08,16.21927261352539
2015-06-09,16.25876808166504
2015-06-10,16.489158630371094
2015-06-11,16.554981231689453
2015-06-12,16.482574462890625
2015-06-15,16.410167694091797
2015-06-16,16.50232696533203
2015-06-17,16.482574462890625
2015-06-18,16.633970260620117
2015-06-19,16.356300354003906
2015-06-22,16.607521057128906
2015-06-23,16.64057731628418
2015-06-24,16.501745223999023
2015-06-25,16.402572631835938
2015-06-26,16.45546531677246
2015-06-29,16.05879020690918
2015-06-30,16.1182918548584
2015-07-01,16.362905502319336
2015-07-02,16.290184020996094
2015-07-06,16.224069595336914
2015-07-07,16.25713348388672
2015-07-08,15.972846031188965
2015-07-09,16.09845733642578
2015-07-10,16.290184020996094
2015-07-13,16.488525390625
2015-07-14,16.528186798095703
2015-07-15,16.667028427124023
2015-07-16,16.832307815551758
2015-07-17,16.786033630371094
2015-07-20,16.805862426757812
2015-07-21,16.786033630371094
2015-07-22,16.91164207458496
2015-07-23,16.766193389892578
2015-07-24,16.607521057128906
2015-07-27,16.488525390625
2015-07-28,16.55463981628418
2015-07-29,16.719921112060547
2015-07-30,16.719921112060547
2015-07-31,16.667028427124023
2015-08-03,16.647192001342773
2015-08-04,16.620750427246094
2015-08-05,16.686864852905273
2015-08-06,16.62735939025879
2015-08-07,16.660415649414062
2015-08-10,16.81908416748047
2015-08-11,16.667028427124023
2015-08-12,16.51496696472168
2015-08-13,16.57447624206543
2015-08-14,16.693470001220703
2015-08-17,16.726533889770508
2015-08-18,16.713300704956055
2015-08-19,16.561250686645508
2015-08-20,16.21084976196289
2015-08-21,15.629058837890625
2015-08-24,14.961318969726562
2015-08-25,14.762979507446289
2015-08-26,15.318324089050293
2015-08-27,15.695171356201172
2015-08-28,15.622445106506348
2015-08-31,15.490227699279785
2015-09-01,14.987762451171875
2015-09-02,15.19271469116211
2015-09-03,15.278658866882324
2015-09-04,14.974541664123535
2015-09-08,15.357996940612793
2015-09-09,15.14643383026123
2015-09-10,15.219157218933105
2015-09-11,15.285270690917969
2015-09-14,15.252214431762695
2015-09-15,15.470385551452637
2015-09-16,15.569555282592773
2015-09-17,15.351388931274414
2015-09-18,15.054414749145508
2015-09-21,15.227142333984375
2015-09-22,15.034483909606934
2015-09-23,15.041123390197754
2015-09-24,14.934826850891113
2015-09-25,15.154068946838379
2015-09-28,14.801959991455078
2015-09-29,14.828530311584473
2015-09-30,15.054414749145508
2015-10-01,15.061057090759277
2015-10-02,15.080986022949219
2015-10-05,15.399881362915039
2015-10-06,15.326804161071777
2015-10-07,15.446382522583008
2015-10-08,15.539396286010742
2015-10-09,15.439743041992188
2015-10-12,15.45302963256836
2015-10-13,15.333442687988281
2015-10-14,15.207220077514648
2015-10-15,15.55268383026123
2015-10-16,15.645692825317383
2015-10-19,15.632407188415527
2015-10-20,15.72541618347168
2015-10-21,15.612479209899902
2015-10-22,15.864933967590332
2015-10-23,16.03766632080078
2015-10-26,15.971233367919922
2015-10-27,15.87822151184082
2015-10-28,16.250261306762695
2015-10-29,16.230335235595703
2015-10-30,15.997809410095215
2015-11-02,16.217042922973633
2015-11-03,16.24361801147461
2015-11-04,16.19711685180664
2015-11-05,16.263545989990234
2015-11-06,16.429636001586914
2015-11-09,16.250261306762695
2015-11-10,16.32334327697754
2015-11-11,16.270198822021484
2015-11-12,16.024377822875977
2015-11-13,15.891507148742676
2015-11-16,16.08417320251465
2015-11-17,16.050954818725586
2015-11-18,16.336633682250977
2015-11-19,16.363201141357422
2015-11-20,16.389780044555664
2015-11-23,16.32334327697754
2015-11-24,16.276830673217773
2015-11-25,16.290124893188477
2015-11-27,16.329988479614258
2015-11-30,16.316699981689453
2015-12-01,16.496076583862305
2015-12-02,16.303409576416016
2015-12-03,16.03766632080078
2015-12-04,16.462858200073242
2015-12-07,16.310060501098633
2015-12-08,16.10410499572754
2015-12-09,15.918079376220703
2015-12-10,15.93136978149414
2015-12-11,15.579257011413574
2015-12-14,15.612479209899902
2015-12-15,15.977874755859375
2015-12-16,16.236974716186523
2015-12-17,16.004446029663086
2015-12-18,15.576597213745117
2015-12-21,15.730355262756348
2015-12-22,15.87743091583252
2015-12-23,16.06461524963379
2015-12-24,16.051244735717773
2015-12-28,16.03787612915039
2015-12-29,16.20500946044922
2015-12-30,16.091352462768555
2015-12-31,15.930915832519531
2016-01-04,15.623390197753906
2016-01-05,15.68355941772461
2016-01-06,15.442893028259277
2016-01-07,15.00834846496582
2016-01-08,14.77436637878418
2016-01-11,14.794425010681152
2016-01-12,14.908066749572754
2016-01-13,14.520328521728516
2016-01-14,14.647351264953613
2016-01-15,14.31977367401123
2016-01-19,14.313081741333008
2016-01-20,14.032307624816895
2016-01-21,13.972136497497559
2016-01-22,14.226174354553223
2016-01-25,13.938711166381836
2016-01-26,14.172696113586426
2016-01-27,14.119211196899414
2016-01-28,14.125903129577637
2016-01-29,14.520328521728516
2016-02-01,14.460161209106445
2016-02-02,14.059049606323242
2016-02-03,14.072415351867676
2016-02-04,14.192749977111816
2016-02-05,14.005563735961914
2016-02-08,13.651251792907715
2016-02-09,13.631192207336426
2016-02-10,13.557649612426758
2016-02-11,13.143167495727539
2016-02-12,13.698044776916504
2016-02-16,13.918657302856445
2016-02-17,14.105839729309082
2016-02-18,14.025620460510254
2016-02-19,14.025620460510254
2016-02-22,14.246232032775879
2016-02-23,13.992196083068848
2016-02-24,13.958768844604492
2016-02-25,14.15263843536377
2016-02-26,14.252923965454102
2016-02-29,14.099154472351074
2016-03-01,14.573817253112793
2016-03-02,14.734253883361816
2016-03-03,14.8345365524292
2016-03-04,14.894696235656738
2016-03-07,14.888014793395996
2016-03-08,14.647351264953613
2016-03-09,14.667403221130371
2016-03-10,14.654035568237305
2016-03-11,15.0350923538208
2016-03-14,14.988292694091797
2016-03-15,14.981609344482422
2016-03-16,14.948184967041016
2016-03-17,15.128689765930176
2016-03-18,15.262979507446289
2016-03-21,15.23612117767334
2016-03-22,15.18912124633789
2016-03-23,15.074966430664062
2016-03-24,14.980956077575684
2016-03-28,15.027957916259766
2016-03-29,15.054821014404297
2016-03-30,15.14211368560791
2016-03-31,15.108538627624512
2016-04-01,15.242833137512207
2016-04-04,15.168971061706543
2016-04-05,14.954097747802734
2016-04-06,15.034682273864746
2016-04-07,14.752646446228027
2016-04-08,14.806374549865723
2016-04-11,14.866804122924805
2016-04-12,15.054821014404297
2016-04-13,15.397287368774414
2016-04-14,15.430861473083496
2016-04-15,15.377134323120117
2016-04-18,15.491290092468262
2016-04-19,15.68602180480957
2016-04-20,15.806893348693848
2016-04-21,15.665875434875488
2016-04-22,15.81360912322998
2016-04-25,15.78003215789795
2016-04-26,15.880754470825195
2016-04-27,15.907612800598145
2016-04-28,15.739741325378418
2016-04-29,15.652448654174805
2016-05-02,15.793456077575684
2016-05-03,15.592016220092773
2016-05-04,15.471148490905762
2016-05-05,15.464428901672363
2016-05-06,15.531578063964844
2016-05-09,15.491290092468262
2016-05-10,15.712881088256836
2016-05-11,15.545004844665527
2016-05-12,15.55172061920166
2016-05-13,15.36370849609375
2016-05-16,15.4442777633667
2016-05-17,15.356993675231934
2016-05-18,15.625587463378906
2016-05-19,15.47785758972168
2016-05-20,15.585296630859375
2016-05-23,15.571868896484375
2016-05-24,15.806893348693848
2016-05-25,15.97476577758789
2016-05-26,15.880754470825195
2016-05-27,15.98819351196289
2016-05-31,15.947898864746094
2016-06-01,15.981477737426758
2016-06-02,16.01504898071289
2016-06-03,15.786742210388184
2016-06-06,15.880754470825195
2016-06-07,15.847177505493164
2016-06-08,15.860610961914062
2016-06-09,15.746455192565918
2016-06-10,15.55172061920166
2016-06-13,15.4442777633667
2016-06-14,15.21597957611084
2016-06-15,15.23612117767334
2016-06-16,15.276411056518555
2016-06-17,15.263590812683105
2016-06-20,15.351347923278809
2016-06-21,15.439108848571777
2016-06-22,15.4256010055542
2016-06-23,15.749645233154297
2016-06-24,14.905797958374023
2016-06-27,14.480489730834961
2016-06-28,14.851781845092773
2016-06-29,15.189324378967285
2016-06-30,15.432357788085938
2016-07-01,15.351347923278809
2016-07-05,15.121816635131836
2016-07-06,15.162320137023926
2016-07-07,15.182577133178711
2016-07-08,15.472856521606445
2016-07-11,15.560619354248047
2016-07-12,15.756399154663086
2016-07-13,15.756399154663086
2016-07-14,15.904911041259766
2016-07-15,15.87791633605957
2016-07-18,15.931916236877441
2016-07-19,15.938664436340332
2016-07-20,15.965668678283691
2016-07-21,15.884662628173828
2016-07-22,15.985925674438477
2016-07-25,15.952164649963379
2016-07-26,15.965668678283691
2016-07-27,15.958922386169434
2016-07-28,15.992673873901367
2016-07-29,15.965668678283691
2016-08-01,15.925163269042969
2016-08-02,15.790149688720703
2016-08-03,15.952164649963379
2016-08-04,15.911670684814453
2016-08-05,16.2154483795166
2016-08-08,16.235700607299805
2016-08-09,16.249204635620117
2016-08-10,16.12093734741211
2016-08-11,16.154685974121094
2016-08-12,16.107439041137695
2016-08-15,16.2154483795166
2016-08-16,16.17494010925293
2016-08-17,16.22894859313965
2016-08-18,16.2154483795166
2016-08-19,16.208702087402344
2016-08-22,16.208702087402344
2016-08-23,16.22894859313965
2016-08-24,16.222198486328125
2016-08-25,16.255950927734375
2016-08-26,16.27620506286621
2016-08-29,16.4179744720459
2016-08-30,16.56649398803711
2016-08-31,16.579992294311523
2016-09-01,16.51248550415039
2016-09-02,16.586740493774414
2016-09-06,16.55974006652832
2016-09-07,16.55299949645996
2016-09-08,16.53948211669922
2016-09-09,16.22894859313965
2016-09-12,16.41122055053711
2016-09-13,16.12093734741211
2016-09-14,16.08043670654297
2016-09-15,16.17494010925293
2016-09-16,16.02164077758789
2016-09-19,16.12380599975586
2016-09-20,16.132160186767578
2016-09-21,16.232357025146484
2016-09-22,16.26575469970703
2016-09-23,16.182254791259766
2016-09-26,15.923408508300781
2016-09-27,16.048660278320312
2016-09-28,16.12380599975586
2016-09-29,15.898359298706055
2016-09-30,16.115453720092773
2016-10-03,16.040313720703125
2016-10-04,16.10711669921875
2016-10-05,16.365957260131836
2016-10-06,16.39100456237793
2016-10-07,16.38266372680664
2016-10-10,16.466156005859375
2016-10-11,16.31585693359375
2016-10-12,16.299158096313477
2016-10-13,16.1405086517334
2016-10-14,16.215654373168945
2016-10-17,16.1405086517334
2016-10-18,16.274105072021484
2016-10-19,16.416053771972656
2016-10-20,16.416053771972656
2016-10-21,16.40770721435547
2016-10-24,16.457799911499023
2016-10-25,16.44110679626465
2016-10-26,16.54130744934082
2016-10-27,16.583051681518555
2016-10-28,16.507905960083008
2016-10-31,16.48285484313965
2016-11-01,16.416053771972656
2016-11-02,16.307510375976562
2016-11-03,16.324207305908203
2016-11-04,16.274105072021484
2016-11-07,16.683256149291992
2016-11-08,16.691604614257812
2016-11-09,17.401357650756836
2016-11-10,18.04430389404297
2016-11-11,18.094406127929688
2016-11-14,18.536951065063477
2016-11-15,18.520252227783203
2016-11-16,18.2530517578125
2016-11-17,18.503551483154297
2016-11-18,18.503551483154297
2016-11-21,18.570350646972656
2016-11-22,18.57870101928711
2016-11-23,18.687253952026367
2016-11-25,18.71229362487793
2016-11-28,18.495201110839844
2016-11-29,18.54530143737793
2016-11-30,18.795801162719727
2016-12-01,19.121448516845703
2016-12-02,18.912700653076172
2016-12-05,19.138151168823242
2016-12-06,19.305152893066406
2016-12-07,19.60575294494629
2016-12-08,19.789445877075195
2016-12-09,19.831199645996094
2016-12-12,19.639150619506836
2016-12-13,19.68924903869629
2016-12-14,19.597394943237305
2016-12-15,19.7643985748291
2016-12-16,19.594125747680664
2016-12-19,19.602508544921875
2016-12-20,19.84575843811035
2016-12-21,19.795429229736328
2016-12-22,19.745105743408203
2016-12-23,19.778657913208008
2016-12-27,19.803815841674805
2016-12-28,19.602508544921875
2016-12-29,19.459918975830078
2016-12-30,19.501863479614258
2017-01-03,19.719938278198242
2017-01-04,19.879310607910156
2017-01-05,19.678001403808594
2017-01-06,19.745105743408203
2017-01-09,19.61090087890625
2017-01-10,19.65283966064453
2017-01-11,19.778657913208008
2017-01-12,19.61090087890625
2017-01-13,19.719938278198242
2017-01-17,19.250219345092773
2017-01-18,19.409589767456055
2017-01-19,19.325708389282227
2017-01-20,19.417972564697266
2017-01-23,19.29216194152832
2017-01-24,19.53540802001953
2017-01-25,19.86253547668457
2017-01-26,19.912860870361328
2017-01-27,19.83737564086914
2017-01-30,19.678001403808594
2017-01-31,19.55217933654785
2017-02-01,19.577348709106445
2017-02-02,19.501863479614258
2017-02-03,19.896085739135742
2017-02-06,19.803815841674805
2017-02-07,19.753488540649414
2017-02-08,19.619291305541992
2017-02-09,19.8876953125
2017-02-10,19.946413040161133
2017-02-13,20.172889709472656
2017-02-14,20.407751083374023
2017-02-15,20.567115783691406
2017-02-16,20.51679039001465
2017-02-17,20.525177001953125
2017-02-21,20.625839233398438
2017-02-22,20.642606735229492
2017-02-23,20.642606735229492
2017-02-24,20.483240127563477
2017-02-27,20.592281341552734
2017-02-28,20.58388900756836
2017-03-01,21.17104721069336
2017-03-02,20.84391975402832
2017-03-03,20.94457244873047
2017-03-06,20.785207748413086
2017-03-07,20.72648811340332
2017-03-08,20.734878540039062
2017-03-09,20.81036949157715
2017-03-10,20.793594360351562
2017-03-13,20.84391975402832
2017-03-14,20.785207748413086
2017-03-15,20.751649856567383
2017-03-16,20.785207748413086
2017-03-17,20.58149528503418
2017-03-20,20.413145065307617
2017-03-21,19.840730667114258
2017-03-22,19.79863739013672
2017-03-23,19.840730667114258
2017-03-24,19.815473556518555
2017-03-27,19.739713668823242
2017-03-28,20.009082794189453
2017-03-29,19.88282012939453
2017-03-30,20.143775939941406
2017-03-31,19.975414276123047
2017-04-03,19.93332862854004
2017-04-04,19.908071517944336
2017-04-05,19.756547927856445
2017-04-06,19.88282012939453
2017-04-07,19.79863739013672
2017-04-10,19.748126983642578
2017-04-11,19.689210891723633
2017-04-12,19.52927017211914
2017-04-13,19.276735305786133
2017-04-17,19.613447189331055
2017-04-18,19.42825698852539
2017-04-19,19.36933135986328
2017-04-20,19.697628021240234
2017-04-21,19.49560546875
2017-04-24,19.93332862854004
2017-04-25,20.110095977783203
2017-04-26,20.093259811401367
2017-04-27,20.00066566467285
2017-04-28,19.80706024169922
2017-05-01,19.93332862854004
2017-05-02,19.908071517944336
2017-05-03,20.068002700805664
2017-05-04,20.101680755615234
2017-05-05,20.068002700805664
2017-05-08,20.051172256469727
2017-05-09,19.975414276123047
2017-05-10,20.042755126953125
2017-05-11,19.916486740112305
2017-05-12,19.83231544494629
2017-05-15,19.983829498291016
2017-05-16,20.042755126953125
2017-05-17,19.411422729492188
2017-05-18,19.48717498779297
2017-05-19,19.655534744262695
2017-05-22,19.706045150756836
2017-05-23,19.857559204101562
2017-05-24,19.84914207458496
2017-05-25,19.88282012939453
2017-05-26,19.874401092529297
2017-05-30,19.739713668823242
2017-05-31,19.571361541748047
2017-06-01,19.815473556518555
2017-06-02,19.739713668823242
2017-06-05,19.77338981628418
2017-06-06,19.689210891723633
2017-06-07,19.840730667114258
2017-06-08,20.068002700805664
2017-06-09,20.446805953979492
2017-06-12,20.48889923095703
2017-06-13,20.59832763671875
2017-06-14,20.632003784179688
2017-06-15,20.54782485961914
2017-06-16,20.525012969970703
2017-06-19,20.736255645751953
2017-06-20,20.55880355834961
2017-06-21,20.389808654785156
2017-06-22,20.263057708740234
2017-06-23,20.187007904052734
2017-06-26,20.29686737060547
2017-06-27,20.39826202392578
2017-06-28,20.7193546295166
2017-06-29,20.863008499145508
2017-06-30,20.846107482910156
2017-07-03,21.150310516357422
2017-07-05,21.184106826782227
2017-07-06,21.023557662963867
2017-07-07,21.167207717895508
2017-07-10,21.141857147216797
2017-07-11,20.955957412719727
2017-07-12,21.023557662963867
2017-07-13,21.150310516357422
2017-07-14,21.057350158691406
2017-07-17,20.989757537841797
2017-07-18,20.955957412719727
2017-07-19,20.964406967163086
2017-07-20,20.955957412719727
2017-07-21,20.955957412719727
2017-07-24,21.048908233642578
2017-07-25,21.310861587524414
2017-07-26,21.167207717895508
2017-07-27,21.048908233642578
2017-07-28,21.048908233642578
2017-07-31,21.201007843017578
2017-08-01,21.35310173034668
2017-08-02,21.38690757751465
2017-08-03,21.310861587524414
2017-08-04,21.45450210571289
2017-08-07,21.42070770263672
2017-08-08,21.361557006835938
2017-08-09,21.361557006835938
2017-08-10,20.981306076049805
2017-08-11,20.896806716918945
2017-08-14,21.184106826782227
2017-08-15,21.201007843017578
2017-08-16,21.15875816345215
2017-08-17,20.795408248901367
2017-08-18,20.803857803344727
2017-08-21,20.744705200195312
2017-08-22,20.972858428955078
2017-08-23,20.90526008605957
2017-08-24,20.90526008605957
2017-08-25,20.964406967163086
2017-08-28,20.829206466674805
2017-08-29,20.7616024017334
2017-08-30,20.846107482910156
2017-08-31,20.8714542388916
2017-09-01,20.93060874938965
2017-09-05,20.482757568359375
2017-09-06,20.5334529876709
2017-09-07,20.178556442260742
2017-09-08,20.36445426940918
2017-09-11,20.7193546295166
2017-09-12,20.964406967163086
2017-09-13,20.99820899963379
2017-09-14,20.955957412719727
2017-09-15,21.017898559570312
2017-09-18,21.263967514038086
2017-09-19,21.425189971923828
2017-09-20,21.55246353149414
2017-09-21,21.603378295898438
2017-09-22,21.577924728393555
2017-09-25,21.55246353149414
2017-09-26,21.543981552124023
2017-09-27,21.807024002075195
2017-09-28,21.840961456298828
2017-09-29,21.94278907775879
2017-10-02,22.129465103149414
2017-10-03,22.205835342407227
2017-10-04,22.104013442993164
2017-10-05,22.333110809326172
2017-10-06,22.358562469482422
2017-10-09,22.273712158203125
2017-10-10,22.37553596496582
2017-10-11,22.333110809326172
2017-10-12,22.16341209411621
2017-10-13,22.171890258789062
2017-10-16,22.316133499145508
2017-10-17,22.205835342407227
2017-10-18,22.324621200561523
2017-10-19,22.341598510742188
2017-10-20,22.604639053344727
2017-10-23,22.58766746520996
2017-10-24,22.74888801574707
2017-10-25,22.613121032714844
2017-10-26,22.74040412902832
2017-10-27,22.723430633544922
2017-10-30,22.630090713500977
2017-10-31,22.570695877075195
2017-11-01,22.604639053344727
2017-11-02,22.8167667388916
2017-11-03,22.723430633544922
2017-11-06,22.697975158691406
2017-11-07,22.384021759033203
2017-11-08,22.273712158203125
2017-11-09,22.197345733642578
2017-11-10,22.129465103149414
2017-11-13,22.16341209411621
2017-11-14,22.154918670654297
2017-11-15,22.214319229125977
2017-11-16,22.222801208496094
2017-11-17,22.197345733642578
2017-11-20,22.299165725708008
2017-11-21,22.367053985595703
2017-11-22,22.256746292114258
2017-11-24,22.248258590698242
2017-11-27,22.23128318786621
2017-11-28,22.808286666870117
2017-11-29,23.198606491088867
2017-11-30,23.35133171081543
2017-12-01,23.402252197265625
2017-12-04,23.758628845214844
2017-12-05,23.63134765625
2017-12-06,23.54649543762207
2017-12-07,23.622865676879883
2017-12-08,23.767118453979492
2017-12-11,23.707714080810547
2017-12-12,23.94530487060547
2017-12-13,23.6483211517334
2017-12-14,23.495594024658203
2017-12-15,23.70699691772461
2017-12-18,23.920108795166016
2017-12-19,23.81781768798828
2017-12-20,23.77519416809082
2017-12-21,23.979787826538086
2017-12-22,23.91158676147461
2017-12-26,23.8433895111084
2017-12-27,23.868961334228516
2017-12-28,23.962738037109375
2017-12-29,23.792240142822266
2018-01-02,23.800764083862305
2018-01-03,23.92862892150879
2018-01-04,24.15027618408203
2018-01-05,24.218467712402344
2018-01-08,24.184375762939453
2018-01-09,24.371919631958008
2018-01-10,24.57650375366211
2018-01-11,24.69585418701172
2018-01-12,24.91749382019043
2018-01-16,24.84929656982422
2018-01-17,25.036834716796875
2018-01-18,25.00273895263672
2018-01-19,25.181753158569336
2018-01-22,25.386354446411133
2018-01-23,25.41192054748535
2018-01-24,25.582412719726562
2018-01-25,25.531265258789062
2018-01-26,25.71880531311035
2018-01-29,25.61650848388672
2018-01-30,25.28404998779297
2018-01-31,25.35224723815918
2018-02-01,25.59093475341797
2018-02-02,25.028316497802734
2018-02-05,23.76666831970215
2018-02-06,24.2014217376709
2018-02-07,24.218467712402344
2018-02-08,23.152889251708984
2018-02-09,23.596176147460938
2018-02-12,23.92862892150879
2018-02-13,24.03093147277832
2018-02-14,24.602081298828125
2018-02-15,24.73847198486328
2018-02-16,24.704374313354492
2018-02-20,24.627660751342773
2018-02-21,24.66175651550293
2018-02-22,24.457164764404297
2018-02-23,24.823720932006836
2018-02-26,25.198802947998047
2018-02-27,24.960115432739258
2018-02-28,24.610610961914062
2018-03-01,24.184375762939453
2018-03-02,24.244049072265625
2018-03-05,24.585031509399414
2018-03-06,24.68733024597168
2018-03-07,24.64470672607422
2018-03-08,24.721426010131836
2018-03-09,25.31815528869629
2018-03-12,25.232900619506836
2018-03-13,24.951589584350586
2018-03-14,24.67027473449707
2018-03-15,24.678800582885742
2018-03-16,24.700197219848633
2018-03-19,24.520523071289062
2018-03-20,24.580413818359375
2018-03-21,24.571857452392578
2018-03-22,23.66495704650879
2018-03-23,22.94628143310547
2018-03-26,23.690629959106445
2018-03-27,23.228618621826172
2018-03-28,23.271392822265625
2018-03-29,23.587953567504883
2018-04-02,23.066059112548828
2018-04-03,23.38262176513672
2018-04-04,23.630735397338867
2018-04-05,23.81896209716797
2018-04-06,23.245729446411133
2018-04-09,23.37406349182129
2018-04-10,23.7248477935791
2018-04-11,23.44251823425293
2018-04-12,23.853174209594727
2018-04-13,23.49384880065918
2018-04-16,23.596515655517578
2018-04-17,23.596515655517578
2018-04-18,23.485292434692383
2018-04-19,23.84463119506836
2018-04-20,23.853174209594727
2018-04-23,23.8275146484375
2018-04-24,23.67350959777832
2018-04-25,23.65639877319336
2018-04-26,23.66495704650879
2018-04-27,23.69917869567871
2018-04-30,23.485292434692383
2018-05-01,23.49384880065918
2018-05-02,23.228618621826172
2018-05-03,23.031837463378906
2018-05-04,23.3312931060791
2018-05-07,23.485292434692383
2018-05-08,23.647844314575195
2018-05-09,23.998626708984375
2018-05-10,24.195411682128906
2018-05-11,24.17829704284668
2018-05-14,24.16118812561035
2018-05-15,24.1184139251709
2018-05-16,24.16118812561035
2018-05-17,24.109853744506836
2018-05-18,23.913074493408203
2018-05-21,24.084190368652344
2018-05-22,24.246746063232422
2018-05-23,24.092744827270508
2018-05-24,23.904516220092773
2018-05-25,23.8275146484375
2018-05-29,23.031837463378906
2018-05-30,23.45106315612793
2018-05-31,23.254291534423828
2018-06-01,23.51095199584961
2018-06-04,23.587953567504883
2018-06-05,23.485292434692383
2018-06-06,23.913074493408203
2018-06-07,23.990074157714844
2018-06-08,24.024290084838867
2018-06-11,23.972959518432617
2018-06-12,23.913074493408203
2018-06-13,23.8275146484375
2018-06-14,23.605066299438477
2018-06-15,23.60420799255371
2018-06-18,23.561243057250977
2018-06-19,23.501094818115234
2018-06-20,23.44094467163086
2018-06-21,23.372203826904297
2018-06-22,23.2605037689209
2018-06-25,23.011308670043945
2018-06-26,22.93398094177246
2018-06-27,22.650421142578125
2018-06-28,22.848051071166992
2018-06-29,22.848051071166992
2018-07-02,22.959754943847656
2018-07-03,22.75353240966797
2018-07-05,22.805084228515625
2018-07-06,22.916790008544922
2018-07-09,23.44094467163086
2018-07-10,23.355024337768555
2018-07-11,23.243314743041992
2018-07-12,23.28627586364746
2018-07-13,23.18316078186035
2018-07-16,23.595623016357422
2018-07-17,23.621395111083984
2018-07-18,23.999481201171875
2018-07-19,23.638574600219727
2018-07-20,23.681541442871094
2018-07-23,24.00806427001953
2018-07-24,24.07680892944336
2018-07-25,24.128358840942383
2018-07-26,24.119766235351562
2018-07-27,24.17133331298828
2018-07-30,24.188522338867188
2018-07-31,24.01666259765625
2018-08-01,24.01666259765625
2018-08-02,24.025253295898438
2018-08-03,24.162736892700195
2018-08-06,24.291627883911133
2018-08-07,24.40333366394043
2018-08-08,24.463476181030273
2018-08-09,24.317399978637695
2018-08-10,24.033845901489258
2018-08-13,23.801837921142578
2018-08-14,24.025253295898438
2018-08-15,23.836214065551758
2018-08-16,24.15414047241211
2018-08-17,24.205698013305664
2018-08-20,24.28303337097168
2018-08-21,24.377553939819336
2018-08-22,24.291627883911133
2018-08-23,24.179920196533203
2018-08-24,24.265850067138672
2018-08-27,24.59237289428711
2018-08-28,24.566593170166016
2018-08-29,24.558002471923828
2018-08-30,24.36895751953125
2018-08-31,24.34317970275879
2018-09-04,24.463476181030273
2018-09-05,24.480667114257812
2018-09-06,24.36895751953125
2018-09-07,24.34317970275879
2018-09-10,24.317399978637695
2018-09-11,24.34317970275879
2018-09-12,24.119766235351562
2018-09-13,24.085397720336914
2018-09-14,24.25725555419922
2018-09-17,24.15414047241211
2018-09-18,24.27444076538086
2018-09-19,24.6868896484375
2018-09-20,24.901708602905273
2018-09-21,24.805042266845703
2018-09-24,24.528854370117188
2018-09-25,24.43391990661621
2018-09-26,24.140466690063477
2018-09-27,24.05416488647461
2018-09-28,23.803869247436523
2018-10-01,23.8988037109375
2018-10-02,23.8988037109375
2018-10-03,24.123207092285156
2018-10-04,24.287193298339844
2018-10-05,24.166362762451172
2018-10-08,24.330347061157227
2018-10-09,24.23541259765625
2018-10-10,23.484521865844727
2018-10-11,22.78542709350586
2018-10-12,22.81131935119629
2018-10-15,22.707746505737305
2018-10-16,23.08750343322754
2018-10-17,23.32054328918457
2018-10-18,22.932151794433594
2018-10-19,23.018455505371094
2018-10-22,22.526506423950195
2018-10-23,22.34524917602539
2018-10-24,21.78424835205078
2018-10-25,22.120853424072266
2018-10-26,21.801511764526367
2018-10-29,21.991392135620117
2018-10-30,22.37114906311035
2018-10-31,22.68185806274414
2018-11-01,22.78542709350586
2018-11-02,22.768163681030273
2018-11-05,23.130659103393555
2018-11-06,23.251493453979492
2018-11-07,23.553577423095703
2018-11-08,23.62261962890625
2018-11-09,23.406848907470703
2018-11-12,22.94078254699707
2018-11-13,23.07023811340332
2018-11-14,22.759536743164062
2018-11-15,23.09613609313965
2018-11-16,23.122034072875977
2018-11-19,23.11339569091797
2018-11-20,22.60418128967285
2018-11-21,22.62143898010254
2018-11-23,22.4401912689209
2018-11-26,22.897628784179688
2018-11-27,22.914884567260742
2018-11-28,23.355064392089844
2018-11-29,23.15655517578125
2018-11-30,23.277385711669922
2018-12-03,23.42410659790039
2018-12-04,22.40566635131836
2018-12-06,22.0949649810791
2018-12-07,21.672042846679688
2018-12-10,21.369970321655273
2018-12-11,21.162826538085938
2018-12-12,21.283662796020508
2018-12-13,21.128307342529297
2018-12-14,20.921161651611328
2018-12-17,20.714025497436523
2018-12-18,20.6363468170166
2018-12-19,20.377422332763672
2018-12-20,20.19617462158203
2018-12-21,19.79233741760254
2018-12-24,19.375473022460938
2018-12-26,20.25262451171875
2018-12-27,20.495790481567383
2018-12-28,20.487106323242188
2018-12-31,20.686859130859375
2019-01-02,20.860546112060547
2019-01-03,20.391584396362305
2019-01-04,21.068984985351562
2019-01-07,21.095041275024414
2019-01-08,21.112407684326172
2019-01-09,21.21662139892578
2019-01-10,21.225309371948242
2019-01-11,21.277414321899414
2019-01-14,21.425052642822266
2019-01-15,21.61611557006836
2019-01-16,22.076404571533203
2019-01-17,22.19798469543457
2019-01-18,22.58011245727539
2019-01-22,22.3195743560791
2019-01-23,22.345623016357422
2019-01-24,22.397735595703125
2019-01-25,22.58011245727539
2019-01-28,22.51063346862793
2019-01-29,22.432470321655273
2019-01-30,22.562742233276367
2019-01-31,22.528005599975586
2019-02-01,22.62353515625
2019-02-04,22.71906852722168
2019-02-05,22.658273696899414
2019-02-06,22.63222312927246
2019-02-07,22.406417846679688
2019-02-08,22.293516159057617
2019-02-11,22.362995147705078
2019-02-12,22.693012237548828
2019-02-13,22.75381088256836
2019-02-14,22.47589111328125
2019-02-15,22.953550338745117
2019-02-19,22.9882869720459
2019-02-20,23.135929107666016
2019-02-21,23.014345169067383
2019-02-22,22.97960662841797
2019-02-25,23.075138092041016
2019-02-26,23.005661010742188
2019-02-27,23.092510223388672
2019-02-28,23.031721115112305
2019-03-01,23.17935562133789
2019-03-04,23.031721115112305
2019-03-05,22.944873809814453
2019-03-06,22.79722785949707
2019-03-07,22.562742233276367
2019-03-08,22.554052352905273
2019-03-11,22.788543701171875
2019-03-12,22.840652465820312
2019-03-13,22.99697494506836
2019-03-14,23.083820343017578
2019-03-15,23.24530792236328
2019-03-18,23.480993270874023
2019-03-19,23.297687530517578
2019-03-20,22.817584991455078
2019-03-21,22.747758865356445
2019-03-22,22.11927032470703
2019-03-25,22.02324867248535
2019-03-26,22.285120010375977
2019-03-27,22.18910026550293
2019-03-28,22.381141662597656
2019-03-29,22.442241668701172
2019-04-01,22.992172241210938
2019-04-02,22.974708557128906
2019-04-03,23.044540405273438
2019-04-04,23.184202194213867
2019-04-05,23.2191219329834
2019-04-08,23.24530792236328
2019-04-09,23.05327033996582
2019-04-10,23.123104095458984
2019-04-11,23.262767791748047
2019-04-12,23.690488815307617
2019-04-15,23.54209327697754
2019-04-16,23.873794555664062
2019-04-17,23.934898376464844
2019-04-18,23.86507225036621
2019-04-22,23.79523468017578
2019-04-23,23.943632125854492
2019-04-24,23.917438507080078
2019-04-25,23.961082458496094
2019-04-26,24.179306030273438
2019-04-29,24.423721313476562
2019-04-30,24.458637237548828
2019-05-01,24.25787925720215
2019-05-02,24.284053802490234
2019-05-03,24.50228500366211
2019-05-06,24.336429595947266
2019-05-07,23.934898376464844
2019-05-08,23.882526397705078
2019-05-09,23.830148696899414
2019-05-10,23.98727035522461
2019-05-13,23.28895378112793
2019-05-14,23.472261428833008
2019-05-15,23.38497543334961
2019-05-16,23.620656967163086
2019-05-17,23.463531494140625
2019-05-20,23.489717483520508
2019-05-21,23.73413848876953
2019-05-22,23.594472885131836
2019-05-23,23.262767791748047
2019-05-24,23.446077346801758
2019-05-28,23.175472259521484
2019-05-29,23.1318359375
2019-05-30,23.05327033996582
2019-05-31,22.70410919189453
2019-06-03,22.85250473022461
2019-06-04,23.472261428833008
2019-06-05,23.620656967163086
2019-06-06,23.707944869995117
2019-06-07,23.673023223876953
2019-06-10,23.873794555664062
2019-06-11,23.882526397705078
2019-06-12,23.64684295654297
2019-06-13,23.725404739379883
2019-06-14,23.77777862548828
2019-06-17,23.559551239013672
2019-06-18,23.873794555664062
2019-06-19,23.830148696899414
2019-06-20,23.934898376464844
2019-06-21,23.881385803222656
2019-06-24,23.784873962402344
2019-06-25,23.705915451049805
2019-06-26,23.662046432495117
2019-06-27,23.872604370117188
2019-06-28,24.214773178100586
2019-07-01,24.504301071166992
2019-07-02,24.44288444519043
2019-07-03,24.63590431213379
2019-07-05,24.70608901977539
2019-07-08,24.5832576751709
2019-07-09,24.627126693725586
2019-07-10,24.53938865661621
2019-07-11,24.679765701293945
2019-07-12,24.846464157104492
2019-07-15,24.70608901977539
2019-07-16,24.64467430114746
2019-07-17,24.434110641479492
2019-07-18,24.61835479736328
2019-07-19,24.51306915283203
2019-07-22,24.565711975097656
2019-07-23,24.820144653320312
2019-07-24,25.07457160949707
2019-07-25,24.899105072021484
2019-07-26,25.17108154296875
2019-07-29,24.97806167602539
2019-07-30,24.90787696838379
2019-07-31,24.785043716430664
2019-08-01,24.223546981811523
2019-08-02,24.214773178100586
2019-08-05,23.40761947631836
2019-08-06,23.784873962402344
2019-08-07,23.469026565551758
2019-08-08,23.91647720336914
2019-08-09,23.837512969970703
2019-08-12,23.38129425048828
2019-08-13,23.67081069946289
2019-08-14,22.79347038269043
2019-08-15,22.907527923583984
2019-08-16,23.311111450195312
2019-08-19,23.547990798950195
2019-08-20,23.232149124145508
2019-08-21,23.337425231933594
2019-08-22,23.495346069335938
2019-08-23,22.898761749267578
2019-08-26,23.118091583251953
2019-08-27,22.97771453857422
2019-08-28,23.188274383544922
2019-08-29,23.539215087890625
2019-08-30,23.618179321289062
2019-09-03,23.37252426147461
2019-09-04,23.60063362121582
2019-09-05,24.083168029785156
2019-09-06,24.074398040771484
2019-09-09,24.44288444519043
2019-09-10,24.53061866760254
2019-09-11,24.670995712280273
2019-09-12,24.802595138549805
2019-09-13,24.99561309814453
2019-09-16,24.90787696838379
2019-09-17,24.9341983795166
2019-09-18,25.021930694580078
2019-09-19,24.90787696838379
2019-09-20,24.761499404907227
2019-09-23,24.805585861206055
2019-09-24,24.56749725341797
2019-09-25,24.770315170288086
2019-09-26,24.655677795410156
2019-09-27,24.75267791748047
2019-09-30,24.690950393676758
2019-10-01,24.170679092407227
2019-10-02,23.676856994628906
2019-10-03,23.77385711669922
2019-10-04,24.214767456054688
2019-10-07,24.0913143157959
2019-10-08,23.615127563476562
2019-10-09,23.835586547851562
2019-10-10,24.08249282836914
2019-10-11,24.38231086730957
2019-10-14,24.417591094970703
2019-10-15,24.770315170288086
2019-10-16,24.708585739135742
2019-10-17,24.726226806640625
2019-10-18,24.787952423095703
2019-10-21,25.131864547729492
2019-10-22,25.06131362915039
2019-10-23,25.16713523864746
2019-10-24,25.131864547729492
2019-10-25,25.25531578063965
2019-10-28,25.387588500976562
2019-10-29,25.44931983947754
2019-10-30,25.431676864624023
2019-10-31,25.308223724365234
2019-11-01,25.6785888671875
2019-11-04,25.899045944213867
2019-11-05,25.996044158935547
2019-11-06,26.128314971923828
2019-11-07,26.32232093811035
2019-11-08,26.31349754333496
2019-11-11,26.24295997619629
2019-11-12,26.278223037719727
2019-11-13,26.110681533813477
2019-11-14,26.16358757019043
2019-11-15,26.2341365814209
2019-11-18,26.287046432495117
2019-11-19,26.339950561523438
2019-11-20,26.21649932861328
2019-11-21,26.19005012512207
2019-11-22,26.384042739868164
2019-11-25,26.551589965820312
2019-11-26,26.525136947631836
2019-11-27,26.63096046447754
2019-11-29,26.58686637878418
2019-12-02,26.419321060180664
2019-12-03,26.048959732055664
2019-12-04,26.29585838317871
2019-12-05,26.419321060180664
2019-12-06,26.77204704284668
2019-12-09,26.71031951904297
2019-12-10,26.719135284423828
2019-12-11,26.657407760620117
2019-12-12,27.17767906188965
2019-12-13,27.080678939819336
2019-12-16,27.17767906188965
2019-12-17,27.283504486083984
2019-12-18,27.16886329650879
2019-12-19,27.16004753112793
2019-12-20,27.191951751708984
2019-12-23,27.12990951538086
2019-12-24,27.191951751708984
2019-12-26,27.342626571655273
2019-12-27,27.271726608276367
2019-12-30,27.191951751708984
2019-12-31,27.280588150024414
2020-01-02,27.546480178833008
2020-01-03,27.253997802734375
2020-01-06,27.236268997192383
2020-01-07,27.05901527404785
2020-01-08,27.236268997192383
2020-01-09,27.404672622680664
2020-01-10,27.20081901550293
2020-01-13,27.38694190979004
2020-01-14,27.333763122558594
2020-01-15,27.183094024658203
2020-01-16,27.422393798828125
2020-01-17,27.502164840698242
2020-01-21,27.271726608276367
2020-01-22,27.351486206054688
2020-01-23,27.280588150024414
2020-01-24,26.934921264648438
2020-01-27,26.518360137939453
2020-01-28,26.828569412231445
2020-01-29,26.78424835205078
2020-01-30,27.121047973632812
2020-01-31,26.553813934326172
2020-02-03,26.73993682861328
2020-02-04,26.99696159362793
2020-02-05,27.537614822387695
2020-02-06,27.502164840698242
2020-02-07,27.404672622680664
2020-02-10,27.48443603515625
2020-02-11,27.581928253173828
2020-02-12,27.59965705871582
2020-02-13,27.590797424316406
2020-02-14,27.626249313354492
2020-02-18,27.38694190979004
2020-02-19,27.590797424316406
2020-02-20,27.537614822387695
2020-02-21,27.271726608276367
2020-02-24,26.385414123535156
2020-02-25,25.490243911743164
2020-02-26,25.304115295410156
2020-02-27,24.22281837463379
2020-02-28,23.56695556640625
2020-03-02,24.772329330444336
2020-03-03,23.841707229614258
2020-03-04,24.630529403686523
2020-03-05,23.442867279052734
2020-03-06,22.645183563232422
2020-03-09,20.21670150756836
2020-03-10,21.40435791015625
2020-03-11,20.243289947509766
2020-03-12,18.05411148071289
2020-03-13,20.42942237854004
2020-03-16,17.628677368164062
2020-03-17,18.585895538330078
2020-03-18,17.008264541625977
2020-03-19,17.380517959594727
2020-03-20,16.760099411010742
2020-03-23,15.784934043884277
2020-03-24,17.742412567138672
2020-03-25,18.22507667541504
2020-03-26,19.369173049926758
2020-03-27,18.779247283935547
2020-03-30,19.136777877807617
2020-03-31,18.609418869018555
2020-04-01,17.474266052246094
2020-04-02,17.91223907470703
2020-04-03,17.55470848083496
2020-04-06,18.81500244140625
2020-04-07,19.00270652770996
2020-04-08,19.83395767211914
2020-04-09,20.897607803344727
2020-04-13,20.137861251831055
2020-04-14,20.227245330810547
2020-04-15,19.351295471191406
2020-04-16,19.011640548706055
2020-04-17,20.01272201538086
2020-04-20,19.66413688659668
2020-04-21,19.029516220092773
2020-04-22,19.235097885131836
2020-04-23,19.15465545654297
2020-04-24,19.431737899780273
2020-04-27,20.09317398071289
2020-04-28,20.307687759399414
2020-04-29,20.897607803344727
2020-04-30,20.37025260925293
2020-05-01,19.717758178710938
2020-05-04,19.538997650146484
2020-05-05,19.47643280029297
2020-05-06,19.056331634521484
2020-05-07,19.50324058532715
2020-05-08,19.923341751098633
2020-05-11,19.538997650146484
2020-05-12,19.029516220092773
2020-05-13,18.46640968322754
2020-05-14,18.940134048461914
2020-05-15,18.81500244140625
2020-05-18,19.780332565307617
2020-05-19,19.297666549682617
2020-05-20,19.726701736450195
2020-05-21,19.66413688659668
2020-05-22,19.592626571655273
2020-05-26,20.611591339111328
2020-05-27,21.505413055419922
2020-05-28,21.165761947631836
2020-05-29,20.924427032470703
2020-06-01,21.165761947631836
2020-06-02,21.33558464050293
2020-06-03,22.131092071533203
2020-06-04,22.61375617980957
2020-06-05,23.453948974609375
2020-06-08,23.900861740112305
2020-06-09,23.391380310058594
2020-06-10,22.515430450439453
2020-06-11,20.67415428161621
2020-06-12,21.299835205078125
2020-06-15,21.59479522705078
2020-06-16,21.934450149536133
2020-06-17,21.603734970092773
2020-06-18,21.576913833618164
2020-06-19,21.433908462524414
2020-06-22,21.327760696411133
2020-06-23,21.426708221435547
2020-06-24,20.671110153198242
2020-06-25,21.219820022583008
2020-06-26,20.31130027770996
2020-06-29,20.536178588867188
2020-06-30,20.815034866333008
2020-07-01,20.635129928588867
2020-07-02,20.662113189697266
2020-07-06,21.057905197143555
2020-07-07,20.62613296508789
2020-07-08,20.842016220092773
2020-07-09,20.40125274658203
2020-07-10,21.102880477905273
2020-07-13,21.192838668823242
2020-07-14,21.30078125
2020-07-15,21.72355079650879
2020-07-16,21.72355079650879
2020-07-17,21.543649673461914
2020-07-20,21.444700241088867
2020-07-21,21.867477416992188
2020-07-22,21.867477416992188
2020-07-23,21.885461807250977
2020-07-24,21.831497192382812
2020-07-27,21.65159034729004
2020-07-28,21.597623825073242
2020-07-29,22.002403259277344
2020-07-30,21.60662078857422
2020-07-31,21.6156063079834
2020-08-03,21.678577423095703
2020-08-04,21.5886287689209
2020-08-05,21.885461807250977
2020-08-06,21.8764705657959
2020-08-07,22.344228744506836
2020-08-10,22.50614356994629
2020-08-11,22.767004013061523
2020-08-12,22.704036712646484
2020-08-13,22.560115814208984
2020-08-14,22.650066375732422
2020-08-17,22.272266387939453
2020-08-18,22.12834358215332
2020-08-19,22.119342803955078
2020-08-20,21.91245460510254
2020-08-21,21.867477416992188
2020-08-24,22.389204025268555
2020-08-25,22.45216941833496
2020-08-26,22.344228744506836
2020-08-27,22.722030639648438
2020-08-28,22.811983108520508
2020-08-31,22.542118072509766
2020-09-01,22.605085372924805
2020-09-02,22.928918838500977
2020-09-03,22.57810401916504
2020-09-04,22.749011993408203
2020-09-08,22.16431999206543
2020-09-09,22.389204025268555
2020-09-10,22.07436752319336
2020-09-11,22.227285385131836
2020-09-14,22.53312873840332
2020-09-15,22.227285385131836
2020-09-16,22.47915267944336
2020-09-17,22.245277404785156
2020-09-18,22.200298309326172
2020-09-21,21.644054412841797
2020-09-22,21.46315574645996
2020-09-23,20.983787536621094
2020-09-24,21.029010772705078
2020-09-25,21.24608612060547
2020-09-28,21.75259017944336
2020-09-29,21.481243133544922
2020-09-30,21.770675659179688
2020-10-01,21.80685806274414
2020-10-02,21.97870635986328
2020-10-05,22.340497970581055
2020-10-06,22.1143741607666
2020-10-07,22.485214233398438
2020-10-08,22.79273223876953
2020-10-09,22.81986427307129
2020-10-12,23.0731201171875
2020-10-13,22.629928588867188
2020-10-14,22.412857055664062
2020-10-15,22.584705352783203
2020-10-16,22.602792739868164
2020-10-19,22.25909423828125
2020-10-20,22.439985275268555
2020-10-21,22.322406768798828
2020-10-22,22.765594482421875
2020-10-23,22.83795738220215
2020-10-26,22.322406768798828
2020-10-27,21.915395736694336
2020-10-28,21.354616165161133
2020-10-29,21.51742935180664
2020-10-30,21.58073616027832
2020-11-02,21.98775291442871
2020-11-03,22.47616958618164
2020-11-04,22.213871002197266
2020-11-05,22.756555557250977
2020-11-06,22.575658798217773
2020-11-09,24.42983055114746
2020-11-10,24.55645751953125
2020-11-11,24.45696449279785
2020-11-12,24.049951553344727
2020-11-13,24.44792366027832
2020-11-16,24.990602493286133
2020-11-17,24.954423904418945
2020-11-18,24.719257354736328
2020-11-19,24.8006649017334
2020-11-20,24.583593368530273
2020-11-23,25.044872283935547
2020-11-24,25.922210693359375
2020-11-25,25.83176612854004
2020-11-27,25.750356674194336
2020-11-30,25.21672248840332
2020-12-01,25.605640411376953
2020-12-02,25.88603401184082
2020-12-03,25.89507484436035
2020-12-04,26.211645126342773
2020-12-07,26.030752182006836
2020-12-08,26.02170181274414
2020-12-09,25.958391189575195
2020-12-10,26.003616333007812
2020-12-11,25.741317749023438
2020-12-14,25.44283676147461
2020-12-15,25.876989364624023
2020-12-16,25.922210693359375
2020-12-17,25.994571685791016
2020-12-18,25.768449783325195
2020-12-21,26.115812301635742
2020-12-22,25.861202239990234
2020-12-23,26.28858184814453
2020-12-24,26.32495880126953
2020-12-28,26.452259063720703
2020-12-29,26.361330032348633
2020-12-30,26.479541778564453
2020-12-31,26.806900024414062
2021-01-04,26.443174362182617
2021-01-05,26.561382293701172
2021-01-06,27.734413146972656
2021-01-07,28.13451385498047
2021-01-08,28.116329193115234
2021-01-11,28.207256317138672
2021-01-12,28.498245239257812
2021-01-13,28.480058670043945
2021-01-14,28.607362747192383
2021-01-15,28.13451385498047
2021-01-19,28.207256317138672
2021-01-20,28.089054107666016
2021-01-21,27.788976669311523
2021-01-22,27.588916778564453
2021-01-25,27.388870239257812
2021-01-26,27.17062759399414
2021-01-27,26.37042236328125
2021-01-28,26.86146354675293
2021-01-29,26.32495880126953
2021-02-01,26.67049789428711
2021-02-02,27.316129684448242
2021-02-03,27.470706939697266
2021-02-04,28.0799560546875
2021-02-05,28.089054107666016
2021-02-08,28.452781677246094
2021-02-09,28.46187400817871
2021-02-10,28.46187400817871
2021-02-11,28.370941162109375
2021-02-12,28.66192626953125
2021-02-16,29.1529598236084
2021-02-17,29.298450469970703
2021-02-18,29.125680923461914
2021-02-19,29.471220016479492
2021-02-22,29.744020462036133
2021-02-23,29.925888061523438
2021-02-24,30.50785255432129
2021-02-25,29.953163146972656
2021-02-26,29.380292892456055
2021-03-01,30.2987060546875
2021-03-02,30.18958282470703
2021-03-03,30.426008224487305
2021-03-04,30.08047103881836
2021-03-05,30.653343200683594
2021-03-08,31.04435157775879
2021-03-09,30.762466430664062
2021-03-10,31.389892578125
2021-03-11,31.29897117614746
2021-03-12,31.617225646972656
2021-03-15,31.435359954833984
2021-03-16,31.108009338378906
2021-03-17,31.317148208618164
2021-03-18,31.480836868286133
2021-03-19,31.117103576660156
2021-03-22,30.716136932373047
2021-03-23,30.286861419677734
2021-03-24,30.39646339416504
2021-03-25,30.907943725585938
2021-03-26,31.39201545715332
2021-03-29,31.118009567260742
2021-03-30,31.33721923828125
2021-03-31,31.09974479675293
2021-04-01,31.483356475830078
2021-04-05,31.72997283935547
2021-04-06,31.666019439697266
2021-04-07,31.821300506591797
2021-04-08,31.830427169799805
2021-04-09,32.104434967041016
2021-04-12,32.2414436340332
2021-04-13,31.940038681030273
2021-04-14,32.1318359375
2021-04-15,32.104434967041016
2021-04-16,32.3327751159668
2021-04-19,32.2414436340332
2021-04-20,31.63862419128418
2021-04-21,32.07703399658203
2021-04-22,31.720827102661133
2021-04-23,32.31451416015625
2021-04-26,32.442378997802734
2021-04-27,32.698116302490234
2021-04-28,32.82598876953125
2021-04-29,33.4105339050293
2021-04-30,33.11825942993164
2021-05-03,33.28266525268555
2021-05-04,33.54753875732422
2021-05-05,33.8215446472168
2021-05-06,34.32389450073242
2021-05-07,34.506561279296875
2021-05-10,34.479164123535156
2021-05-11,33.867210388183594
2021-05-12,33.5201416015625
2021-05-13,34.059024810791016
2021-05-14,34.5978889465332
2021-05-17,34.66183090209961
2021-05-18,34.177757263183594
2021-05-19,33.96767807006836
2021-05-20,33.985958099365234
2021-05-21,34.32389450073242
2021-05-24,34.4882926940918
2021-05-25,34.141231536865234
2021-05-26,34.2416877746582
2021-05-27,34.634422302246094
2021-05-28,34.6983642578125
2021-06-01,34.908447265625
2021-06-02,34.96324920654297
2021-06-03,35.04545211791992
2021-06-04,35.13677978515625
2021-06-07,34.908447265625
2021-06-08,34.817100524902344
2021-06-09,34.4882926940918
2021-06-10,34.086421966552734
2021-06-11,34.30562210083008
2021-06-14,33.94941711425781
2021-06-15,34.01335144042969
2021-06-16,33.9768180847168
2021-06-17,32.97212600708008
2021-06-18,32.1775016784668
2021-06-21,32.92851257324219
2021-06-22,32.983524322509766
2021-06-23,33.0477180480957
2021-06-24,33.46035385131836
2021-06-25,33.86381912231445
2021-06-28,33.61623764038086
2021-06-29,33.49702835083008
2021-06-30,33.643741607666016
2021-07-01,33.909671783447266
2021-07-02,33.87299728393555
2021-07-06,33.34114456176758
2021-07-07,33.386993408203125
2021-07-08,32.71760177612305
2021-07-09,33.662078857421875
2021-07-12,33.9921989440918
2021-07-13,33.625396728515625
2021-07-14,33.46952819824219
2021-07-15,33.579559326171875
2021-07-16,33.12105941772461
2021-07-19,32.19493103027344
2021-07-20,32.992698669433594
2021-07-21,33.56121063232422
2021-07-22,33.19442367553711
2021-07-23,33.249446868896484
2021-07-26,33.44200897216797
2021-07-27,33.43284225463867
2021-07-28,33.386993408203125
2021-07-29,33.753780364990234
2021-07-30,33.48786163330078
2021-08-02,33.49702835083008
2021-08-03,33.87299728393555
2021-08-04,33.58872985839844
2021-08-05,34.02888107299805
2021-08-06,34.716609954833984
2021-08-09,34.80829620361328
2021-08-10,35.17509460449219
2021-08-11,35.57855987548828
2021-08-12,35.64274978637695
2021-08-13,35.37682342529297
2021-08-16,35.28512954711914
2021-08-17,35.03755187988281
2021-08-18,34.6065788269043
2021-08-19,34.34981155395508
2021-08-20,34.56072235107422
2021-08-23,34.844974517822266
2021-08-24,35.055885314941406
2021-08-25,35.46852493286133
2021-08-26,35.294307708740234
2021-08-27,35.761959075927734
2021-08-30,35.257625579833984
2021-08-31,35.21177291870117
2021-09-01,35.01003646850586
2021-09-02,35.129241943359375
2021-09-03,34.909175872802734
2021-09-07,34.69827651977539
2021-09-08,34.61573028564453
2021-09-09,34.716609954833984
2021-09-10,34.45985794067383
2021-09-13,34.85415267944336
2021-09-14,34.38650131225586
2021-09-15,34.716609954833984
2021-09-16,34.61573028564453
2021-09-17,34.45985794067383
2021-09-20,33.66048049926758
2021-09-21,33.61442947387695
2021-09-22,34.17620086669922
2021-09-23,35.014259338378906
2021-09-24,35.19845199584961
2021-09-27,35.677337646484375
2021-09-28,35.087928771972656
2021-09-29,35.115562438964844
2021-09-30,34.562992095947266
2021-10-01,35.13399124145508
2021-10-04,34.830081939697266
2021-10-05,35.51156997680664
2021-10-06,35.548404693603516
2021-10-07,35.760231018066406
2021-10-08,35.93519973754883
2021-10-11,35.5760383605957
2021-10-12,35.465518951416016
2021-10-13,35.26291275024414
2021-10-14,35.85232162475586
2021-10-15,36.38646697998047
2021-10-18,36.39567947387695
2021-10-19,36.754844665527344
2021-10-20,37.04954528808594
2021-10-21,36.89297866821289
2021-10-22,37.40871810913086
2021-10-25,37.362667083740234
2021-10-26,37.39029312133789
2021-10-27,36.77326202392578
2021-10-28,37.22452926635742
2021-10-29,37.077178955078125
2021-11-01,37.09558868408203
2021-11-02,37.18769836425781
2021-11-03,37.32583236694336
2021-11-04,36.837730407714844
2021-11-05,36.85615158081055
2021-11-08,37.05875778198242
2021-11-09,36.85615158081055
2021-11-10,36.79167938232422
2021-11-11,36.89297866821289
2021-11-12,36.97587585449219
2021-11-15,36.97587585449219
2021-11-16,36.93903350830078
2021-11-17,36.51539993286133
2021-11-18,36.33121109008789
2021-11-19,35.93519973754883
2021-11-22,36.44171905517578
2021-11-23,37.01271438598633
2021-11-24,36.92982864379883
2021-11-26,35.70496368408203
2021-11-29,35.81547927856445
2021-11-30,34.95901107788086
2021-12-01,34.57221603393555
2021-12-02,35.60367965698242
2021-12-03,35.023468017578125
2021-12-06,35.557613372802734
2021-12-07,36.19307327270508
2021-12-08,35.999671936035156
2021-12-09,35.92599868774414
2021-12-10,35.962833404541016
2021-12-13,35.5760383605957
2021-12-14,35.7878532409668
2021-12-15,35.88916015625
2021-12-16,36.34041976928711
2021-12-17,35.53919982910156
2021-12-20,34.84889221191406
2021-12-21,35.5706672668457
2021-12-22,35.73722839355469
2021-12-23,35.922298431396484
2021-12-27,36.29243850708008
2021-12-28,36.31094741821289
2021-12-29,36.264678955078125
2021-12-30,36.19990539550781
2021-12-31,36.135128021240234
2022-01-03,36.57929992675781
2022-01-04,37.54167175292969
2022-01-05,37.106754302978516
2022-01-06,37.652706146240234
2022-01-07,38.096885681152344
2022-01-10,37.96733856201172
2022-01-11,38.300453186035156
2022-01-12,38.328216552734375
2022-01-13,38.18016052246094
2022-01-14,37.78226089477539
2022-01-18,36.940181732177734
2022-01-19,36.3202018737793
2022-01-20,36.0888557434082
2022-01-21,35.34857940673828
2022-01-24,35.45036697387695
2022-01-25,35.598426818847656
2022-01-26,35.69095230102539
2022-01-27,35.36708068847656
2022-01-28,35.82975387573242
2022-01-31,36.144378662109375
2022-02-01,36.644073486328125
2022-02-02,36.893917083740234
2022-02-03,36.48676300048828
2022-02-04,37.106754302978516
2022-02-07,37.21779251098633
2022-02-08,37.73598098754883
2022-02-09,37.97658157348633
2022-02-10,37.64345932006836
2022-02-11,37.116004943847656
2022-02-14,36.6995964050293
2022-02-15,37.19927978515625
2022-02-16,37.22704315185547
2022-02-17,36.301692962646484
2022-02-18,36.29243850708008
2022-02-22,36.10736083984375
2022-02-23,35.47812271118164
2022-02-24,35.05245590209961
2022-02-25,36.181392669677734
2022-02-28,35.644691467285156
2022-03-01,34.33068084716797
2022-03-02,35.21902847290039
2022-03-03,35.10798263549805
2022-03-04,34.45098114013672
2022-03-07,33.19249725341797
2022-03-08,32.99817657470703
2022-03-09,34.21037673950195
2022-03-10,33.92352294921875
2022-03-11,33.68292999267578
2022-03-14,34.10860061645508
2022-03-15,34.58979034423828
2022-03-16,35.56140899658203
2022-03-17,36.005577087402344
2022-03-18,36.0888557434082
2022-03-21,36.053565979003906
2022-03-22,36.638816833496094
2022-03-23,35.960655212402344
2022-03-24,36.248634338378906
2022-03-25,36.713130950927734
2022-03-28,36.61094665527344
2022-03-29,36.69455337524414
2022-03-30,36.43444061279297
2022-03-31,35.59836196899414
2022-04-01,35.505462646484375
2022-04-04,35.347537994384766
2022-04-05,35.124576568603516
2022-04-06,34.8830451965332
2022-04-07,34.84589767456055
2022-04-08,35.19889450073242
2022-04-11,35.04097366333008
2022-04-12,34.66010284423828
2022-04-13,34.66010284423828
2022-04-14,34.269920349121094
2022-04-18,34.47429275512695
2022-04-19,34.94807434082031
2022-04-20,35.189605712890625
2022-04-21,34.632232666015625
2022-04-22,33.60105895996094
2022-04-25,33.656803131103516
2022-04-26,32.81142807006836
2022-04-27,32.78357696533203
2022-04-28,33.201602935791016
2022-04-29,32.058963775634766
2022-05-02,32.0682487487793
2022-05-03,32.486297607421875
2022-05-04,33.48029708862305
2022-05-05,32.50486373901367
2022-05-06,32.27262496948242
2022-05-09,31.501569747924805
2022-05-10,31.222881317138672
2022-05-11,30.934894561767578
2022-05-12,30.702655792236328
2022-05-13,31.1485652923584
2022-05-16,30.888452529907227
2022-05-17,31.715234756469727
2022-05-18,30.84200096130371
2022-05-19,30.637630462646484
2022-05-20,30.581890106201172
2022-05-23,31.575891494750977
2022-05-24,31.5108642578125
2022-05-25,31.761682510375977
2022-05-26,32.49557876586914
2022-05-27,33.043678283691406
2022-05-31,32.95077896118164
2022-06-01,32.42125701904297
2022-06-02,32.867183685302734
2022-06-03,32.39339065551758
2022-06-06,32.486297607421875
2022-06-07,32.73712158203125
2022-06-08,32.16114807128906
2022-06-09,31.352943420410156
2022-06-10,30.219589233398438
2022-06-13,29.3184814453125
2022-06-14,29.067663192749023
2022-06-15,29.39280128479004
2022-06-16,28.649620056152344
2022-06-17,28.733226776123047
2022-06-21,29.306657791137695
2022-06-22,29.241281509399414
2022-06-23,29.129209518432617
2022-06-24,30.203231811523438
2022-06-27,30.100496292114258
2022-06-28,29.8016414642334
2022-06-29,29.633533477783203
2022-06-30,29.37203598022461
2022-07-01,29.773624420166016
2022-07-05,29.6708927154541
2022-07-06,29.596181869506836
2022-07-07,30.025785446166992
2022-07-08,29.96040916442871
2022-07-11,29.71758460998535
2022-07-12,29.530805587768555
2022-07-13,29.269306182861328
2022-07-14,28.708948135375977
2022-07-15,29.680227279663086
2022-07-18,29.568161010742188
2022-07-19,30.455387115478516
2022-07-20,30.567461013793945
2022-07-21,30.763593673706055
2022-07-22,30.58614158630371
2022-07-25,30.78226089477539
2022-07-26,30.352657318115234
2022-07-27,30.81962013244629
2022-07-28,31.043764114379883
2022-07-29,31.482707977294922
2022-08-01,31.221210479736328
2022-08-02,30.87566375732422
2022-08-03,31.342632293701172
2022-08-04,31.239891052246094
2022-08-05,31.464038848876953
2022-08-08,31.44535255432129
2022-08-09,31.6041316986084
2022-08-10,32.31390380859375
2022-08-11,32.69682312011719
2022-08-12,33.210472106933594
2022-08-15,33.20113754272461
2022-08-16,33.443965911865234
2022-08-17,33.275848388671875
2022-08-18,33.313209533691406
2022-08-19,32.650123596191406
2022-08-22,31.930994033813477
2022-08-23,31.80024528503418
2022-08-24,31.96835708618164
2022-08-25,32.46332931518555
2022-08-26,31.492050170898438
2022-08-29,31.267908096313477
2022-08-30,31.099794387817383
2022-08-31,30.866317749023438
2022-09-01,30.9597110748291
2022-09-02,30.716888427734375
2022-09-06,30.642173767089844
2022-09-07,31.24922752380371
2022-09-08,31.80024528503418
2022-09-09,32.08976745605469
2022-09-12,32.351261138916016
2022-09-13,31.14649772644043
2022-09-14,31.0531063079834
2022-09-15,31.155847549438477
2022-09-16,30.87566375732422
2022-09-19,31.225841522216797
2022-09-20,30.76581573486328
2022-09-21,30.127405166625977
2022-09-22,29.62042999267578
2022-09-23,29.1510066986084
2022-09-26,28.690977096557617
2022-09-27,28.56892967224121
2022-09-28,29.132232666015625
2022-09-29,28.766082763671875
2022-09-30,28.503210067749023
2022-10-03,29.27305793762207
2022-10-04,30.362112045288086
2022-10-05,30.127405166625977
2022-10-06,29.704925537109375
2022-10-07,29.00079345703125
2022-10-10,28.869356155395508
2022-10-11,28.503210067749023
2022-10-12,28.4374942779541
2022-10-13,29.611040115356445
2022-10-14,29.11345672607422
2022-10-17,29.845748901367188
2022-10-18,30.324556350708008
2022-10-19,29.826974868774414
2022-10-20,29.348167419433594
2022-10-21,30.221282958984375
2022-10-24,30.624984741210938
2022-10-25,30.991134643554688
2022-10-26,31.066242218017578
2022-10-27,31.319740295410156
2022-10-28,32.09896469116211
2022-10-31,31.901811599731445
2022-11-01,31.986309051513672
2022-11-02,31.58260726928711
2022-11-03,31.26339340209961
2022-11-04,31.836091995239258
2022-11-07,32.15530014038086
2022-11-08,32.34307098388672
2022-11-09,31.798534393310547
2022-11-10,33.40395736694336
2022-11-11,33.67621994018555
2022-11-14,33.19741439819336
2022-11-15,33.27251434326172
2022-11-16,33.1129150390625
2022-11-17,32.934547424316406
2022-11-18,33.2067985534668
2022-11-21,33.3100700378418
2022-11-22,33.64805603027344
2022-11-23,33.78889083862305
2022-11-25,33.901546478271484
2022-11-28,33.319461822509766
2022-11-29,33.51661682128906
2022-11-30,34.08931350708008
2022-12-01,33.892154693603516
2022-12-02,33.73255920410156
2022-12-05,32.8969841003418
2022-12-06,32.60594177246094
2022-12-07,32.47451400756836
2022-12-08,32.50267028808594
2022-12-09,32.418182373046875
2022-12-12,32.85003662109375
2022-12-13,32.934547424316406
2022-12-14,32.52144241333008
2022-12-15,31.883031845092773
2022-12-16,31.638940811157227
2022-12-19,31.553913116455078
2022-12-20,31.686176300048828
2022-12-21,32.17742919921875
2022-12-22,31.89400863647461
2022-12-23,32.07351303100586
2022-12-27,32.06407165527344
2022-12-28,31.95069694519043
2022-12-29,32.394718170166016
2022-12-30,32.3096923828125
2023-01-03,32.42306137084961
2023-01-04,32.94266128540039
2023-01-05,32.69703674316406
2023-01-06,33.424476623535156
2023-01-09,33.30165100097656
2023-01-10,33.49060821533203
2023-01-11,33.802364349365234
2023-01-12,33.86848831176758
2023-01-13,34.12356948852539
2023-01-17,33.89683532714844
2023-01-18,33.26387023925781
2023-01-19,32.87653732299805
2023-01-20,33.39613342285156
2023-01-23,33.78347396850586
2023-01-24,33.802364349365234
2023-01-25,34.06688690185547
2023-01-26,34.24638366699219
2023-01-27,34.24638366699219
2023-01-30,34.07633972167969
2023-01-31,34.53925323486328
2023-02-01,34.53925323486328
2023-02-02,34.63372039794922
2023-02-03,34.56759262084961
2023-02-06,34.55814743041992
2023-02-07,34.95492935180664
2023-02-08,34.74708938598633
2023-02-09,34.35975646972656
2023-02-10,34.473121643066406
2023-02-13,34.869903564453125
2023-02-14,34.68095779418945
2023-02-15,34.718746185302734
2023-02-16,34.36920166015625
2023-02-17,34.37865447998047
2023-02-21,33.67009735107422
2023-02-22,33.63230895996094
2023-02-23,33.6606559753418
2023-02-24,33.68899154663086
2023-02-27,33.67955017089844
2023-02-28,33.74567413330078
2023-03-01,33.63230895996094
2023-03-02,33.471710205078125
2023-03-03,34.000755310058594
2023-03-06,34.029090881347656
2023-03-07,33.15049743652344
2023-03-08,33.027687072753906
2023-03-09,31.686176300048828
2023-03-10,31.10988998413086
2023-03-13,29.881742477416992
2023-03-14,30.486366271972656
2023-03-15,29.673900604248047
2023-03-16,30.240737915039062
2023-03-17,29.267667770385742
2023-03-20,29.59331703186035
2023-03-21,30.34335708618164
2023-03-22,29.640790939331055
2023-03-23,29.4414119720459
2023-03-24,29.422422409057617
2023-03-27,29.83067512512207
2023-03-28,29.821176528930664
2023-03-29,30.257909774780273
2023-03-30,30.191452026367188
2023-03-31,30.52375030517578
2023-04-03,30.58071517944336
2023-04-04,30.295886993408203
2023-04-05,30.257909774780273
2023-04-06,30.371843338012695
2023-04-10,30.43830108642578
2023-04-11,30.704133987426758
2023-04-12,30.637678146362305
2023-04-13,30.913009643554688
2023-04-14,31.216821670532227
2023-04-17,31.577598571777344
2023-04-18,31.672542572021484
2023-04-19,31.74849510192871
2023-04-20,31.65355682373047
2023-04-21,31.539627075195312
2023-04-24,31.463674545288086
2023-04-25,30.922504425048828
2023-04-26,30.62818145751953
2023-04-27,31.12188148498535
2023-04-28,31.492155075073242
2023-05-01,31.40671157836914
2023-05-02,30.694639205932617
2023-05-03,30.34335708618164
2023-05-04,29.954097747802734
2023-05-05,30.694639205932617
2023-05-08,30.742115020751953
2023-05-09,30.62818145751953
2023-05-10,30.457294464111328
2023-05-11,30.40981674194336
2023-05-12,30.286392211914062
2023-05-15,30.533241271972656
2023-05-16,30.248416900634766
2023-05-17,30.85604476928711
2023-05-18,31.08390235900879
2023-05-19,30.950984954833984
2023-05-22,31.00794792175293
2023-05-23,30.647171020507812
2023-05-24,30.248416900634766
2023-05-25,30.238920211791992
2023-05-26,30.48577308654785
2023-05-30,30.476272583007812
2023-05-31,30.153478622436523
2023-06-01,30.476272583007812
2023-06-02,31.140865325927734
2023-06-05,30.979469299316406
2023-06-06,31.368732452392578
2023-06-07,31.492155075073242
2023-06-08,31.463674545288086
2023-06-09,31.47316551208496
2023-06-12,31.463674545288086
2023-06-13,31.65355682373047
2023-06-14,31.530132293701172
2023-06-15,31.947872161865234
2023-06-16,31.881412506103516
2023-06-20,31.64299201965332
2023-06-21,31.604846954345703
2023-06-22,31.356889724731445
2023-06-23,31.223379135131836
2023-06-26,31.156612396240234
2023-06-27,31.40458106994629
2023-06-28,31.328279495239258
2023-06-29,31.871871948242188
2023-06-30,32.148441314697266
2023-07-03,32.32963943481445
2023-07-05,32.26288604736328
2023-07-06,31.98632049560547
2023-07-07,32.034000396728516
2023-07-10,32.177059173583984
2023-07-11,32.55852127075195
2023-07-12,32.768333435058594
2023-07-13,32.882774353027344
2023-07-14,32.66342544555664
2023-07-17,32.97814178466797
2023-07-18,33.35008239746094
2023-07-19,33.49311828613281
2023-07-20,33.74108123779297
2023-07-21,33.62664031982422
2023-07-24,33.95089340209961
2023-07-25,33.73155212402344
2023-07-26,33.93182373046875
2023-07-27,33.502662658691406
2023-07-28,33.569419860839844
2023-07-31,33.693397521972656
2023-08-01,33.693397521972656
2023-08-02,33.40729522705078
2023-08-03,33.426368713378906
2023-08-04,33.292850494384766
2023-08-07,33.76015853881836
2023-08-08,33.454986572265625
2023-08-09,33.20702362060547
2023-08-10,33.235626220703125
2023-08-11,33.302398681640625
2023-08-14,33.235626220703125
2023-08-15,32.625282287597656
2023-08-16,32.57759475708008
2023-08-17,32.415470123291016
2023-08-18,32.40593338012695
2023-08-21,32.36778259277344
2023-08-22,32.06261444091797
2023-08-23,32.37732696533203
2023-08-24,32.26288604736328
2023-08-25,32.415470123291016
2023-08-28,32.596675872802734
2023-08-29,32.89230728149414
2023-08-30,32.911380767822266
2023-08-31,32.78741455078125
2023-09-01,33.08304977416992
2023-09-05,32.74925994873047
2023-09-06,32.730186462402344
2023-09-07,32.644351959228516
2023-09-08,32.71111297607422
2023-09-11,32.86370086669922
2023-09-12,33.08304977416992
2023-09-13,33.08304977416992
2023-09-14,33.38822937011719
2023-09-15,33.21656799316406
2023-09-18,33.30756378173828
2023-09-19,33.269248962402344
2023-09-20,33.039344787597656
2023-09-21,32.493316650390625
2023-09-22,32.24425506591797
2023-09-25,32.32088851928711
2023-09-26,31.889820098876953
2023-09-27,31.8419189453125
2023-09-28,32.07181930541992
2023-09-29,31.774866104125977
2023-10-02,31.50663948059082
2023-10-03,31.00850486755371
2023-10-04,31.23841667175293
2023-10-05,31.38210678100586
2023-10-06,31.650333404541016
2023-10-09,31.669492721557617
2023-10-10,31.899398803710938
2023-10-11,31.947290420532227
2023-10-12,31.74612045288086
2023-10-13,31.81317710876465
2023-10-16,32.148460388183594
2023-10-17,32.30173110961914
2023-10-18,31.74612045288086
2023-10-19,31.324630737304688
2023-10-20,30.845659255981445
2023-10-23,30.654075622558594
2023-10-24,30.86482048034668
2023-10-25,30.749866485595703
2023-10-26,30.68280601501465
2023-10-27,30.127208709716797
2023-10-30,30.663650512695312
2023-10-31,30.998929977416992
2023-11-01,31.200098037719727
2023-11-02,31.937705993652344
2023-11-03,32.35920715332031
2023-11-06,32.2634162902832
2023-11-07,32.21551513671875
2023-11-08,32.25382995605469
2023-11-09,32.11972427368164
2023-11-10,32.48373794555664
2023-11-13,32.43583679199219
2023-11-14,33.048919677734375
2023-11-15,33.230926513671875
2023-11-16,33.36504364013672
2023-11-17,33.53746795654297
2023-11-20,33.67158889770508
2023-11-21,33.65242385864258
2023-11-22,33.78653335571289
2023-11-24,33.89191436767578
2023-11-27,33.776954650878906
2023-11-28,33.76737594604492
2023-11-29,34.006858825683594
2023-11-30,34.390045166015625
2023-12-01,34.648677825927734
2023-12-04,34.6103630065918
2023-12-05,34.43793487548828
2023-12-06,34.26551055908203
2023-12-07,34.42835235595703
2023-12-08,34.6103630065918
2023-12-11,34.82110595703125
2023-12-12,35.07017517089844
2023-12-13,35.63535690307617
2023-12-14,35.98979568481445
2023-12-15,35.779048919677734
2023-12-18,35.8984260559082
2023-12-19,36.167972564697266
2023-12-20,35.52298355102539
2023-12-21,35.869544982910156
2023-12-22,35.94655990600586
2023-12-26,36.09096145629883
2023-12-27,36.20648193359375
2023-12-28,36.312374114990234
2023-12-29,36.19684982299805
2024-01-02,36.35088348388672
2024-01-03,36.04282760620117
2024-01-04,36.187225341796875
2024-01-05,36.34125518798828
2024-01-08,36.572303771972656
2024-01-09,36.34125518798828
2024-01-10,36.39902114868164
2024-01-11,36.264244079589844
2024-01-12,36.19684982299805
2024-01-16,35.94655990600586
2024-01-17,35.879173278808594
2024-01-18,35.93693161010742
2024-01-19,36.51454544067383
2024-01-22,36.68782424926758
2024-01-23,36.745582580566406
2024-01-24,36.889984130859375
2024-01-25,37.0728874206543
2024-01-26,37.20767593383789
2024-01-29,37.30394744873047
2024-01-30,37.77565383911133
2024-01-31,37.31355667114258
2024-02-01,37.3713264465332
2024-02-02,37.525360107421875
2024-02-05,37.30394744873047
2024-02-06,37.38096237182617
2024-02-07,37.660133361816406
2024-02-08,37.515724182128906
2024-02-09,37.62162399291992
2024-02-12,37.79490280151367
2024-02-13,37.284690856933594
2024-02-14,37.640872955322266
2024-02-15,38.28586959838867
2024-02-16,38.15110397338867
2024-02-20,38.045204162597656
2024-02-21,38.160728454589844
2024-02-22,38.60355758666992
2024-02-23,38.79608917236328
2024-02-26,38.60355758666992
2024-02-27,38.7094612121582
2024-02-28,38.853858947753906
2024-02-29,38.8346061706543
2024-03-01,38.78647232055664
2024-03-04,38.88274002075195
2024-03-05,38.89236831665039
2024-03-06,39.09453201293945
2024-03-07,39.036766052246094
2024-03-08,39.10416030883789
2024-03-11,39.171539306640625
2024-03-12,39.335201263427734
2024-03-13,39.62400436401367
2024-03-14,39.30631637573242
2024-03-15,39.26781463623047
2024-03-18,39.49296569824219
2024-03-19,39.686222076416016
2024-03-20,40.15970993041992
2024-03-21,40.48825454711914
2024-03-22,40.02442932128906
2024-03-25,39.86982345581055
2024-03-26,40.00510787963867
2024-03-27,40.47859191894531
2024-03-28,40.70083999633789
2024-04-01,40.47859191894531
2024-04-02,40.26601028442383
2024-04-03,40.246681213378906
2024-04-04,39.792518615722656
2024-04-05,40.169376373291016
2024-04-08,40.34330749511719
2024-04-09,40.111392974853516
2024-04-10,39.51228713989258
2024-04-11,39.232059478759766
2024-04-12,38.71025848388672
2024-04-15,38.516990661621094
2024-04-16,38.2560920715332
2024-04-17,38.35271453857422
2024-04-18,38.48800277709961
2024-04-19,39.019474029541016
2024-04-22,39.49296569824219
2024-04-23,39.744205474853516
2024-04-24,39.73454666137695
2024-04-25,39.502628326416016
2024-04-26,39.444644927978516
2024-04-29,39.38666534423828
2024-04-30,39.000144958496094
2024-05-01,39.000144958496094
2024-05-02,39.096771240234375
2024-05-03,39.183746337890625
2024-05-06,39.686222076416016
2024-05-07,39.82150650024414
2024-05-08,39.96644973754883
2024-05-09,40.26601028442383
2024-05-10,40.420616149902344
2024-05-13,40.25634765625
2024-05-14,40.459266662597656
2024-05-15,40.758827209472656
2024-05-16,40.758827209472656
2024-05-17,41.058380126953125
2024-05-20,40.49791717529297
2024-05-21,40.758827209472656
2024-05-22,40.52690887451172
2024-05-23,39.96644973754883
2024-05-24,40.208030700683594
2024-05-28,39.76352310180664
2024-05-29,39.444644927978516
2024-05-30,39.65723419189453
2024-05-31,40.23701095581055
2024-06-03,39.985774993896484
2024-06-04,39.80217742919922
2024-06-05,39.91813278198242
2024-06-06,39.898807525634766
2024-06-07,40.0824089050293
2024-06-10,39.92779541015625
2024-06-11,39.4736328125
2024-06-12,39.43498992919922
2024-06-13,39.4059944152832
2024-06-14,39.28037643432617
2024-06-17,39.62824249267578
2024-06-18,39.87948989868164
2024-06-20,40.09207534790039
2024-06-21,39.93745803833008
2024-06-24,40.34782409667969
2024-06-25,40.047088623046875
2024-06-26,39.79484558105469
2024-06-27,39.7463493347168
2024-06-28,39.88216781616211
2024-07-01,39.969478607177734
2024-07-02,40.43514633178711
2024-07-03,40.309024810791016
2024-07-05,40.29932403564453
2024-07-08,40.1926155090332
2024-07-09,40.503047943115234
2024-07-10,40.658267974853516
2024-07-11,40.97841262817383
2024-07-12,41.114234924316406
2024-07-15,41.71571350097656
2024-07-16,42.191078186035156
2024-07-17,42.511226654052734
2024-07-18,41.99705505371094
2024-07-19,41.570194244384766
2024-07-22,41.80302429199219
2024-07-23,41.88064193725586
2024-07-24,41.308258056640625
2024-07-25,41.46348571777344
2024-07-26,42.113468170166016
2024-07-29,42.055259704589844
2024-07-30,42.54032516479492
2024-07-31,42.43361282348633
2024-08-01,41.832130432128906
2024-08-02,40.80378723144531
2024-08-05,39.6202278137207
2024-08-06,40.26051712036133
2024-08-07,40.309024810791016
2024-08-08,40.959014892578125
2024-08-09,41.13364028930664
2024-08-12,40.920204162597656
2024-08-13,41.25975799560547
2024-08-14,41.76422882080078
2024-08-15,42.152278900146484
2024-08-16,42.46271514892578
2024-08-19,42.69554138183594
2024-08-20,42.55973434448242
2024-08-21,42.4918212890625
2024-08-22,42.734352111816406
2024-08-23,43.103004455566406
2024-08-26,43.23881912231445
2024-08-27,43.461952209472656
2024-08-28,43.56866455078125
2024-08-29,43.95672607421875
2024-08-30,44.37388229370117
2024-09-03,44.04403305053711
2024-09-04,44.09254455566406
2024-09-05,43.60747528076172
2024-09-06,42.96718215942383
2024-09-09,43.60747528076172
2024-09-10,43.16121292114258
2024-09-11,42.957481384277344
2024-09-12,43.05450439453125
2024-09-13,43.18061447143555
2024-09-16,43.743289947509766
2024-09-17,43.97612762451172
2024-09-18,43.84030532836914
2024-09-19,44.325374603271484
2024-09-20,44.296268463134766
2024-09-23,44.24272155761719
2024-09-24,43.87273025512695
2024-09-25,43.60984420776367
2024-09-26,43.83378219604492
2024-09-27,43.96036148071289
2024-09-30,44.12587356567383
2024-10-01,43.89220428466797
2024-10-02,43.940887451171875
2024-10-03,43.707210540771484
2024-10-04,44.447181701660156
2024-10-07,43.901939392089844
2024-10-08,44.15509033203125
2024-10-09,44.56402587890625
2024-10-10,44.427711486816406
2024-10-11,45.284523010253906
2024-10-14,45.56687927246094
2024-10-15,45.66425323486328
2024-10-16,46.22896194458008
2024-10-17,46.35554122924805
2024-10-18,46.36528015136719
2024-10-21,45.99529266357422
2024-10-22,45.90766525268555
2024-10-23,45.868717193603516
2024-10-24,45.90766525268555
2024-10-25,45.4013671875
2024-10-28,45.96607971191406
2024-10-29,45.68372344970703
2024-10-30,45.88818359375
2024-10-31,45.255313873291016
2024-11-01,45.41110610961914
2024-11-04,45.06058120727539
2024-11-05,45.479251861572266
2024-11-06,48.24442672729492
2024-11-07,47.46550369262695
2024-11-08,47.8939094543457
2024-11-11,48.57546615600586
2024-11-12,48.429420471191406
2024-11-13,48.4586296081543
2024-11-14,48.33205032348633
2024-11-15,48.555992126464844
2024-11-18,48.70204162597656
2024-11-19,48.380733489990234
2024-11-20,48.23468780517578
2024-11-21,48.84809112548828
2024-11-22,49.39333724975586
2024-11-25,49.714637756347656
2024-11-26,49.81200408935547
2024-11-27,49.909366607666016
2024-11-29,49.98726272583008
2024-12-02,49.490699768066406
2024-12-03,49.12070846557617
2024-12-04,48.93571472167969
2024-12-05,49.08176040649414
2024-12-06,49.0720329284668
2024-12-09,48.40020751953125
2024-12-10,48.39047622680664
2024-12-11,48.48783493041992
2024-12-12,48.27363586425781
2024-12-13,48.23468780517578
2024-12-16,48.147064208984375
2024-12-17,47.80628204345703
2024-12-18,46.3750114440918
2024-12-19,46.54053497314453
2024-12-20,47.23182678222656
2024-12-23,47.345252990722656
2024-12-24,47.9025993347168
2024-12-26,48.01993942260742
2024-12-27,47.66792678833008
2024-12-30,47.20835876464844
2024-12-31,47.25724792480469
2025-01-02,47.13991165161133
2025-01-03,47.511478424072266
2025-01-06,47.36480712890625
2025-01-07,47.25724792480469
2025-01-08,47.413700103759766
2025-01-10,46.26966857910156
2025-01-13,46.60212326049805
2025-01-14,47.179019927978516
2025-01-15,48.38172149658203
2025-01-16,48.70439910888672
2025-01-17,49.11507797241211
2025-01-21,49.5257568359375
2025-01-22,49.29107666015625
2025-01-23,49.574642181396484
2025-01-24,49.721309661865234
2025-01-27,50.268882751464844
2025-01-28,50.180877685546875
2025-01-29,50.14176559448242
2025-01-30,50.62089538574219
2025-01-31,50.327552795410156
2025-02-03,50.12221145629883
2025-02-04,50.004878997802734
2025-02-05,50.532894134521484
2025-02-06,50.953346252441406
2025-02-07,50.66978454589844
2025-02-10,50.268882751464844
2025-02-11,50.39600372314453
2025-02-12,50.21999740600586
2025-02-13,50.55244827270508
2025-02-14,50.65022659301758
2025-02-18,51.01201248168945
2025-02-19,51.03157043457031
2025-02-20,50.24932861328125
2025-02-21,49.62353515625
2025-02-24,49.838645935058594
2025-02-25,49.82887268066406
2025-02-26,49.721309661865234
2025-02-27,49.99510192871094
2025-02-28,51.02178955078125
2025-03-03,50.591556549072266
2025-03-04,48.81195068359375
2025-03-05,49.09552001953125
2025-03-06,48.28394317626953
2025-03-07,48.02970886230469
2025-03-10,46.95412826538086
2025-03-11,46.55323028564453
2025-03-12,46.621681213378906
2025-03-13,46.36744689941406
2025-03-14,47.443031311035156
2025-03-17,48.00038528442383
2025-03-18,47.94171142578125
2025-03-19,48.469730377197266
2025-03-20,48.538169860839844
2025-03-21,48.36216735839844
2025-03-24,49.2149658203125
2025-03-25,49.48974609375
2025-03-26,49.3425407409668
2025-03-27,49.24440383911133
2025-03-28,48.29248809814453
2025-03-31,48.88130569458008
2025-04-01,48.822425842285156
2025-04-02,49.22478103637695
2025-04-03,46.80082702636719
2025-04-04,43.37590408325195
2025-04-07,43.2679557800293
2025-04-08,43.10111999511719
2025-04-09,46.34940719604492
2025-04-10,45.05401611328125
2025-04-11,45.79984664916992
2025-04-14,46.27090072631836
2025-04-15,46.38866424560547
2025-04-16,45.66245651245117
2025-04-17,45.78022384643555
2025-04-21,44.79887008666992
2025-04-22,46.28071212768555
2025-04-23,46.83026885986328
2025-04-24,47.35039138793945
2025-04-25,47.12467575073242
2025-04-28,47.271881103515625
2025-04-29,47.76255416870117
2025-04-30,47.85087966918945
2025-05-01,47.841064453125
2025-05-02,48.832237243652344
2025-05-05,48.51820373535156
2025-05-06,48.24342346191406
2025-05-07,48.528018951416016
2025-05-08,48.93037414550781
2025-05-09,48.93037414550781
2025-05-12,49.921539306640625
2025-05-13,50.127628326416016
2025-05-14,49.990234375
2025-05-15,50.32389450073242
2025-05-16,50.628116607666016
2025-05-19,50.657554626464844
2025-05-20,50.382774353027344
2025-05-21,49.35235595703125
2025-05-22,49.29347229003906
2025-05-23,49.116825103759766
2025-05-27,49.98042297363281
2025-05-28,49.646759033203125
2025-05-29,49.90190505981445
2025-05-30,50.00986099243164
2025-06-02,50.02948760986328
2025-06-03,50.127628326416016
2025-06-04,49.84303665161133
2025-06-05,49.70564651489258
2025-06-06,50.32389450073242
2025-06-09,50.04911804199219
2025-06-10,50.108001708984375
2025-06-11,50.04911804199219
2025-06-12,50.04911804199219
2025-06-13,49.028507232666016
2025-06-16,49.5878791809082
2025-06-17,49.303287506103516
2025-06-18,49.283660888671875
2025-06-20,49.42105484008789
2025-06-23,50.04339599609375
2025-06-24,50.791778564453125
2025-06-25,50.6243782043457
2025-06-26,50.99856948852539
2025-06-27,51.146278381347656
2025-06-30,51.5697021484375
2025-07-01,51.85527038574219
2025-07-02,51.81588363647461
2025-07-03,52.37717056274414
2025-07-07,51.874969482421875
2025-07-08,51.412147521972656
2025-07-09,51.599246978759766
2025-07-10,51.90450668334961
2025-07-11,51.3629150390625
2025-07-14,51.74695587158203
2025-07-15,50.8607063293457
2025-07-16,51.215206146240234
2025-07-17,51.70756149291992
2025-07-18,51.73711013793945
2025-07-21,51.58939743041992
2025-07-22,51.874969482421875
2025-07-23,52.288543701171875
2025-07-24,52.25900650024414
2025-07-25,52.62335205078125
2025-07-28,52.25900650024414
2025-07-29,51.993133544921875
2025-07-30,51.89466094970703
2025-07-31,51.5697021484375
2025-08-01,50.61452865600586
2025-08-04,51.11673355102539
2025-08-05,50.909942626953125
2025-08-06,51.156124114990234
2025-08-07,50.584983825683594
2025-08-08,51.057647705078125
2025-08-11,51.037960052490234
2025-08-12,51.658329010009766
2025-08-13,51.953739166259766
2025-08-14,52.19992446899414
2025-08-15,51.658329010009766
2025-08-18,51.697715759277344
2025-08-19,51.79618835449219
2025-08-20,52.06206512451172
2025-08-21,51.89466094970703
2025-08-22,52.751365661621094
2025-08-25,52.44610595703125
2025-08-26,52.84983825683594
2025-08-27,52.95815658569336
2025-08-28,53.0270881652832
2025-08-29,53.164947509765625
2025-09-02,52.771060943603516
2025-09-03,52.682437896728516
2025-09-04,53.23387908935547
2025-09-05,52.25900650024414
2025-09-08,52.298397064208984
2025-09-09,52.52488327026367
2025-09-10,52.347633361816406
2025-09-11,53.2043342590332
2025-09-12,52.977848052978516
2025-09-15,52.85968780517578
2025-09-16,52.741519927978516
2025-09-17,53.25357437133789
2025-09-18,53.30281448364258
2025-09-19,53.42097473144531
2025-09-22,53.3498420715332
2025-09-23,53.11273193359375
2025-09-24,52.96453857421875
2025-09-25,52.82622528076172
2025-09-26,53.21153259277344
2025-09-29,53.47827911376953
2025-09-30,53.22140884399414
2025-10-01,52.74718475341797
2025-10-02,52.707672119140625
2025-10-03,53.07321548461914
2025-10-06,53.0534553527832
2025-10-07,53.12261199951172
2025-10-08,52.86574172973633
2025-10-09,52.67802810668945
2025-10-10,51.53199768066406
2025-10-13,52.02597427368164
2025-10-14,52.598995208740234
2025-10-15,52.598995208740234
2025-10-16,51.136810302734375
2025-10-17,51.551753997802734
2025-10-20,52.15441131591797
2025-10-21,52.09513473510742
2025-10-22,51.798744201660156
2025-10-23,51.90742492675781
2025-10-24,52.470558166503906
2025-10-27,52.68791198730469
2025-10-28,52.35200500488281
2025-10-29,51.46284103393555
2025-10-30,51.60115432739258
2025-10-31,51.739463806152344
2025-11-03,51.522117614746094
2025-11-04,51.78886795043945
2025-11-05,51.966697692871094
2025-11-06,51.778987884521484
2025-11-07,52.144527435302734
2025-11-10,52.33224105834961
2025-11-11,52.56935501098633
2025-11-12,53.02381896972656
2025-11-13,52.34212112426758
2025-11-14,51.818504333496094
2025-11-17,50.830543518066406
2025-11-18,50.75150680541992
2025-11-19,50.93922424316406
2025-11-20,50.4946403503418
2025-11-21,51.04789352416992
2025-11-24,51.2652473449707
2025-11-25,51.90742492675781
2025-11-26,52.3124885559082
2025-11-28,52.68791198730469
2025-12-01,52.25320816040039
2025-12-02,52.20381164550781
2025-12-03,52.9052619934082
2025-12-04,53.013938903808594
2025-12-05,53.033695220947266
2025-12-08,52.83610153198242
2025-12-09,52.638511657714844
2025-12-10,53.24116516113281
2025-12-11,54.20936965942383
2025-12-12,54.28840255737305
2025-12-15,54.32792663574219
2025-12-16,53.98213577270508
2025-12-17,53.972259521484375
2025-12-18,53.88334274291992
2025-12-19,54.17972946166992
2025-12-22,54.844970703125
2025-12-23,54.95402526855469
2025-12-24,55.25144958496094
2025-12-26,55.142391204833984
2025-12-29,54.844970703125
2025-12-30,54.706172943115234
2025-12-31,54.29969024658203
