Date,XLI
2015-01-02,46.09797668457031
2015-01-05,45.021183013916016
2015-01-06,44.46648025512695
2015-01-07,44.80094528198242
2015-01-08,45.69825744628906
2015-01-09,45.20882034301758
2015-01-12,44.89883804321289
2015-01-13,44.80910110473633
2015-01-14,44.564395904541016
2015-01-15,44.35227966308594
2015-01-16,44.645957946777344
2015-01-20,44.96409606933594
2015-01-21,45.33116912841797
2015-01-22,46.057193756103516
2015-01-23,45.673789978027344
2015-01-26,45.730899810791016
2015-01-27,45.12724685668945
2015-01-28,44.73568344116211
2015-01-29,45.249610900878906
2015-01-30,44.51542282104492
2015-02-02,45.17619323730469
2015-02-03,45.910362243652344
2015-02-04,45.559593200683594
2015-02-05,45.95115280151367
2015-02-06,45.845096588134766
2015-02-09,45.72273635864258
2015-02-10,45.975624084472656
2015-02-11,45.991939544677734
2015-02-12,46.424285888671875
2015-02-13,46.63637161254883
2015-02-17,46.70163345336914
2015-02-18,46.962684631347656
2015-02-19,47.04425048828125
2015-02-20,47.44397735595703
2015-02-23,47.24003219604492
2015-02-24,47.427650451660156
2015-02-25,47.32976531982422
2015-02-26,47.117671966552734
2015-02-27,46.89742660522461
2015-03-02,47.32976531982422
2015-03-03,47.02793502807617
2015-03-04,46.66085433959961
2015-03-05,46.69348907470703
2015-03-06,46.057193756103516
2015-03-09,46.48953628540039
2015-03-10,45.63300323486328
2015-03-11,45.58406448364258
2015-03-12,46.17140197753906
2015-03-13,45.747215270996094
2015-03-16,46.50585174560547
2015-03-17,46.318233489990234
2015-03-18,46.86479187011719
2015-03-19,46.546653747558594
2015-03-20,46.80970001220703
2015-03-23,46.41634750366211
2015-03-24,46.26064682006836
2015-03-25,45.473915100097656
2015-03-26,45.35099792480469
2015-03-27,45.523094177246094
2015-03-30,46.16230392456055
2015-03-31,45.70339584350586
2015-04-01,45.4001579284668
2015-04-02,45.42475128173828
2015-04-06,45.76894760131836
2015-04-07,45.66241455078125
2015-04-08,45.81810760498047
2015-04-09,46.03938293457031
2015-04-10,46.6867790222168
2015-04-13,46.24424743652344
2015-04-14,46.301605224609375
2015-04-15,46.38356399536133
2015-04-16,46.28523635864258
2015-04-17,45.727970123291016
2015-04-20,46.26064682006836
2015-04-21,46.203285217285156
2015-04-22,46.39995574951172
2015-04-23,46.350791931152344
2015-04-24,46.15411376953125
2015-04-27,46.13771438598633
2015-04-28,46.219669342041016
2015-04-29,45.990211486816406
2015-04-30,45.588661193847656
2015-05-01,46.16230392456055
2015-05-04,46.236053466796875
2015-05-05,45.61323165893555
2015-05-06,45.588661193847656
2015-05-07,45.8263053894043
2015-05-08,46.36717224121094
2015-05-11,46.326210021972656
2015-05-12,46.27702331542969
2015-05-13,46.37539291381836
2015-05-14,46.84247970581055
2015-05-15,46.80150604248047
2015-05-18,46.891658782958984
2015-05-19,46.76054763793945
2015-05-20,46.588443756103516
2015-05-21,46.84247970581055
2015-05-22,46.629425048828125
2015-05-26,46.121334075927734
2015-05-27,46.41634750366211
2015-05-28,46.1950798034668
2015-05-29,45.73616409301758
2015-06-01,45.94104766845703
2015-06-02,46.03118133544922
2015-06-03,46.26064682006836
2015-06-04,45.7443733215332
2015-06-05,45.77714157104492
2015-06-08,45.44114303588867
2015-06-09,45.432952880859375
2015-06-10,45.883670806884766
2015-06-11,46.14590835571289
2015-06-12,45.87548065185547
2015-06-15,45.49032211303711
2015-06-16,45.531288146972656
2015-06-17,45.65420150756836
2015-06-18,46.113136291503906
2015-06-19,45.88912582397461
2015-06-22,46.16913986206055
2015-06-23,46.0538330078125
2015-06-24,45.62556838989258
2015-06-25,45.271446228027344
2015-06-26,45.35380935668945
2015-06-29,44.49728775024414
2015-06-30,44.522010803222656
2015-07-01,44.74436569213867
2015-07-02,44.6619987487793
2015-07-06,44.48906707763672
2015-07-07,44.851436614990234
2015-07-08,44.04432678222656
2015-07-09,44.15140151977539
2015-07-10,44.61259841918945
2015-07-13,45.10673904418945
2015-07-14,45.23026657104492
2015-07-15,45.04084396362305
2015-07-16,45.246742248535156
2015-07-17,45.23026657104492
2015-07-20,45.238502502441406
2015-07-21,44.752593994140625
2015-07-22,44.554935455322266
2015-07-23,44.14315414428711
2015-07-24,43.56668472290039
2015-07-27,43.3525390625
2015-07-28,44.19257736206055
2015-07-29,44.736141204833984
2015-07-30,44.6949577331543
2015-07-31,44.65377426147461
2015-08-03,44.439640045166016
2015-08-04,44.41494369506836
2015-08-05,44.6619987487793
2015-08-06,44.43141174316406
2015-08-07,44.21726608276367
2015-08-10,45.08203125
2015-08-11,44.53023147583008
2015-08-12,44.53847122192383
2015-08-13,44.505523681640625
2015-08-14,44.78554153442383
2015-08-17,45.00790786743164
2015-08-18,44.92555236816406
2015-08-19,44.505523681640625
2015-08-20,43.583126068115234
2015-08-21,42.3807258605957
2015-08-24,40.87360382080078
2015-08-25,40.33828353881836
2015-08-26,41.59833908081055
2015-08-27,42.60309600830078
2015-08-28,42.61955642700195
2015-08-31,42.240718841552734
2015-09-01,41.12066650390625
2015-09-02,42.034820556640625
2015-09-03,42.059539794921875
2015-09-04,41.47480010986328
2015-09-08,42.61955642700195
2015-09-09,42.16661071777344
2015-09-10,42.191307067871094
2015-09-11,42.42189407348633
2015-09-14,42.2077751159668
2015-09-15,42.94075393676758
2015-09-16,43.25370788574219
2015-09-17,43.06429672241211
2015-09-18,42.11290740966797
2015-09-21,42.31990051269531
2015-09-22,41.70718765258789
2015-09-23,41.4173698425293
2015-09-24,41.160682678222656
2015-09-25,41.24348449707031
2015-09-28,40.43202590942383
2015-09-29,40.69697570800781
2015-09-30,41.30971908569336
2015-10-01,41.21864700317383
2015-10-02,41.74029541015625
2015-10-05,42.924354553222656
2015-10-06,42.88296127319336
2015-10-07,43.446014404296875
2015-10-08,44.05046081542969
2015-10-09,44.19950485229492
2015-10-12,44.207767486572266
2015-10-13,43.7358283996582
2015-10-14,43.263851165771484
2015-10-15,43.7358283996582
2015-10-16,43.512245178222656
2015-10-19,43.5702018737793
2015-10-20,43.860015869140625
2015-10-21,43.868289947509766
2015-10-22,45.0937614440918
2015-10-23,45.259368896484375
2015-10-26,45.15998840332031
2015-10-27,44.66320037841797
2015-10-28,45.019229888916016
2015-10-29,44.9943962097168
2015-10-30,44.936439514160156
2015-11-02,45.45808410644531
2015-11-03,45.4912109375
2015-11-04,45.36699676513672
2015-11-05,45.424964904785156
2015-11-06,45.424964904785156
2015-11-09,45.07720184326172
2015-11-10,45.06891632080078
2015-11-11,45.12688064575195
2015-11-12,44.51414108276367
2015-11-13,44.31542205810547
2015-11-16,44.88674545288086
2015-11-17,44.79567337036133
2015-11-18,45.41666793823242
2015-11-19,45.61539840698242
2015-11-20,45.84725570678711
2015-11-23,45.61539840698242
2015-11-24,45.54087829589844
2015-11-25,45.54087829589844
2015-11-27,45.623687744140625
2015-11-30,45.32559585571289
2015-12-01,45.54087829589844
2015-12-02,45.07720184326172
2015-12-03,44.51414108276367
2015-12-04,45.17655563354492
2015-12-07,44.95299530029297
2015-12-08,44.23261642456055
2015-12-09,44.10013198852539
2015-12-10,44.30713653564453
2015-12-11,43.561927795410156
2015-12-14,43.71925354003906
2015-12-15,43.7275276184082
2015-12-16,44.505863189697266
2015-12-17,43.76893997192383
2015-12-18,43.101654052734375
2015-12-21,43.434879302978516
2015-12-22,44.03466796875
2015-12-23,44.5511474609375
2015-12-24,44.53450012207031
2015-12-28,44.434532165527344
2015-12-29,44.85938262939453
2015-12-30,44.48452377319336
2015-12-31,44.15962600708008
2016-01-04,43.56816864013672
2016-01-05,43.684791564941406
2016-01-06,43.01002502441406
2016-01-07,41.843772888183594
2016-01-08,41.41893005371094
2016-01-11,41.44390106201172
2016-01-12,41.777122497558594
2016-01-13,40.769134521484375
2016-01-14,41.25231170654297
2016-01-15,40.527557373046875
2016-01-19,40.519229888916016
2016-01-20,39.99441909790039
2016-01-21,40.16936111450195
2016-01-22,40.519229888916016
2016-01-25,40.01939010620117
2016-01-26,40.7774772644043
2016-01-27,40.31929397583008
2016-01-28,40.552547454833984
2016-01-29,41.643836975097656
2016-02-01,41.54387664794922
2016-02-02,40.71083450317383
2016-02-03,41.368934631347656
2016-02-04,42.085357666015625
2016-02-05,41.68549346923828
2016-02-08,41.33560562133789
2016-02-09,41.58551788330078
2016-02-10,41.368934631347656
2016-02-11,40.56087112426758
2016-02-12,41.37726593017578
2016-02-16,42.21030044555664
2016-02-17,42.86009216308594
2016-02-18,42.83509063720703
2016-02-19,42.75178146362305
2016-02-22,43.47653579711914
2016-02-23,43.0433464050293
2016-02-24,43.06835174560547
2016-02-25,43.634803771972656
2016-02-26,43.69313430786133
2016-02-29,43.41822814941406
2016-03-01,44.267906188964844
2016-03-02,44.30125427246094
2016-03-03,44.6177978515625
2016-03-04,44.801063537597656
2016-03-07,44.934356689453125
2016-03-08,44.30125427246094
2016-03-09,44.44286346435547
2016-03-10,44.376216888427734
2016-03-11,45.01767349243164
2016-03-14,45.059322357177734
2016-03-15,45.03433609008789
2016-03-16,45.192596435546875
2016-03-17,46.18391799926758
2016-03-18,46.579978942871094
2016-03-21,46.856285095214844
2016-03-22,46.58834457397461
2016-03-23,46.28691101074219
2016-03-24,46.1529426574707
2016-03-28,46.169681549072266
2016-03-29,46.47112274169922
2016-03-30,46.554866790771484
2016-03-31,46.446014404296875
2016-04-01,46.66372299194336
2016-04-04,46.136199951171875
2016-04-05,45.85150146484375
2016-04-06,46.07759475708008
2016-04-07,45.63379669189453
2016-04-08,45.80963897705078
2016-04-11,45.82640075683594
2016-04-12,46.094329833984375
2016-04-13,46.78092956542969
2016-04-14,46.864662170410156
2016-04-15,46.931644439697266
2016-04-18,46.973506927490234
2016-04-19,47.30843734741211
2016-04-20,47.23307800292969
2016-04-21,47.115867614746094
2016-04-22,47.23307800292969
2016-04-25,47.00700378417969
2016-04-26,47.42566680908203
2016-04-27,47.760589599609375
2016-04-28,47.30007553100586
2016-04-29,47.02374267578125
2016-05-02,47.26658248901367
2016-05-03,46.88140869140625
2016-05-04,46.30365753173828
2016-05-05,46.27854537963867
2016-05-06,46.58834457397461
2016-05-09,46.379024505615234
2016-05-10,47.17447280883789
2016-05-11,46.78092956542969
2016-05-12,46.68043899536133
2016-05-13,46.094329833984375
2016-05-16,46.66372299194336
2016-05-17,46.43762969970703
2016-05-18,46.27854537963867
2016-05-19,45.843143463134766
2016-05-20,46.07759475708008
2016-05-23,45.99385070800781
2016-05-24,46.47112274169922
2016-05-25,46.78929901123047
2016-05-26,46.65534210205078
2016-05-27,46.8311653137207
2016-05-31,46.82280349731445
2016-06-01,46.864662170410156
2016-06-02,46.92326736450195
2016-06-03,46.88140869140625
2016-06-06,47.325191497802734
2016-06-07,47.5512580871582
2016-06-08,47.85268783569336
2016-06-09,47.844322204589844
2016-06-10,47.283329010009766
2016-06-13,46.772560119628906
2016-06-14,46.78092956542969
2016-06-15,46.79767608642578
2016-06-16,46.88140869140625
2016-06-17,46.920997619628906
2016-06-20,47.35036087036133
2016-06-21,47.316688537597656
2016-06-22,47.181968688964844
2016-06-23,47.7292366027832
2016-06-24,45.78437423706055
2016-06-27,44.70669937133789
2016-06-28,45.46443557739258
2016-06-29,46.272674560546875
2016-06-30,47.15671920776367
2016-07-01,47.30826187133789
2016-07-05,46.87888717651367
2016-07-06,47.114620208740234
2016-07-07,47.240909576416016
2016-07-08,48.18387985229492
2016-07-11,48.48698043823242
2016-07-12,48.93320083618164
2016-07-13,49.05106735229492
2016-07-14,49.421531677246094
2016-07-15,49.41311264038086
2016-07-18,49.37101745605469
2016-07-19,49.3962516784668
2016-07-20,49.4888801574707
2016-07-21,48.98371505737305
2016-07-22,49.07632827758789
2016-07-25,48.81533432006836
2016-07-26,49.219459533691406
2016-07-27,49.02581024169922
2016-07-28,49.00897216796875
2016-07-29,48.86585235595703
2016-08-01,48.806922912597656
2016-08-02,48.35226821899414
2016-08-03,48.588008880615234
2016-08-04,48.604854583740234
2016-08-05,49.093177795410156
2016-08-08,49.16053009033203
2016-08-09,49.14368438720703
2016-08-10,49.11842727661133
2016-08-11,49.43836975097656
2016-08-12,49.30366134643555
2016-08-15,49.632015228271484
2016-08-16,49.41311264038086
2016-08-17,49.556236267089844
2016-08-18,49.707786560058594
2016-08-19,49.690940856933594
2016-08-22,49.64885330200195
2016-08-23,49.690940856933594
2016-08-24,49.53939437866211
2016-08-25,49.530982971191406
2016-08-26,49.38785171508789
2016-08-29,49.74146270751953
2016-08-30,49.606746673583984
2016-08-31,49.328914642333984
2016-09-01,49.37101745605469
2016-09-02,49.61516571044922
2016-09-06,49.47203826904297
2016-09-07,49.530982971191406
2016-09-08,49.4888801574707
2016-09-09,48.091270446777344
2016-09-12,48.70587158203125
2016-09-13,47.990238189697266
2016-09-14,47.94814682006836
2016-09-15,48.32701110839844
2016-09-16,47.922367095947266
2016-09-19,48.13401412963867
2016-09-20,48.17633056640625
2016-09-21,48.80276870727539
2016-09-22,49.149837493896484
2016-09-23,48.862022399902344
2016-09-26,48.650390625
2016-09-27,48.98900604248047
2016-09-28,49.36993408203125
2016-09-29,48.98053741455078
2016-09-30,49.420738220214844
2016-10-03,49.46306228637695
2016-10-04,49.048274993896484
2016-10-05,49.36148452758789
2016-10-06,49.36148452758789
2016-10-07,48.72657012939453
2016-10-10,48.777366638183594
2016-10-11,48.26943588256836
2016-10-12,48.36256790161133
2016-10-13,48.34563446044922
2016-10-14,48.44721603393555
2016-10-17,48.320247650146484
2016-10-18,48.42182922363281
2016-10-19,48.57420349121094
2016-10-20,48.311771392822266
2016-10-21,48.24405288696289
2016-10-24,48.3371696472168
2016-10-25,48.21018981933594
2016-10-26,48.379486083984375
2016-10-27,48.04934310913086
2016-10-28,48.3371696472168
2016-10-31,48.43027877807617
2016-11-01,48.01548385620117
2016-11-02,47.83769989013672
2016-11-03,47.76151657104492
2016-11-04,47.80384826660156
2016-11-07,48.98053741455078
2016-11-08,49.27680969238281
2016-11-09,50.51276397705078
2016-11-10,51.587860107421875
2016-11-11,51.68098068237305
2016-11-14,51.901092529296875
2016-11-15,52.09579086303711
2016-11-16,51.79949951171875
2016-11-17,51.90956115722656
2016-11-18,51.892608642578125
2016-11-21,52.17197036743164
2016-11-22,52.409000396728516
2016-11-23,52.79841613769531
2016-11-25,53.08623123168945
2016-11-28,52.72221755981445
2016-11-29,52.76455307006836
2016-11-30,52.832275390625
2016-12-01,53.17934799194336
2016-12-02,53.170894622802734
2016-12-05,53.128543853759766
2016-12-06,53.23015594482422
2016-12-07,54.22060012817383
2016-12-08,53.915836334228516
2016-12-09,54.16132354736328
2016-12-12,53.96662902832031
2016-12-13,53.89043045043945
2016-12-14,53.348655700683594
2016-12-15,53.40791320800781
2016-12-16,53.30059814453125
2016-12-19,53.59870529174805
2016-12-20,53.90531539916992
2016-12-21,53.70090103149414
2016-12-22,53.59870529174805
2016-12-23,53.64979553222656
2016-12-27,53.760520935058594
2016-12-28,53.19838333129883
2016-12-29,53.181358337402344
2016-12-30,52.993980407714844
2017-01-03,53.30912780761719
2017-01-04,53.62425231933594
2017-01-05,53.470943450927734
2017-01-06,53.77757263183594
2017-01-09,53.360225677490234
2017-01-10,53.581668853759766
2017-01-11,53.86273956298828
2017-01-12,53.64128494262695
2017-01-13,53.845699310302734
2017-01-17,53.42835998535156
2017-01-18,53.63277053833008
2017-01-19,54.02455139160156
2017-01-20,54.03306579589844
2017-01-23,53.7349739074707
2017-01-24,54.27155685424805
2017-01-25,54.84220886230469
2017-01-26,54.969966888427734
2017-01-27,54.927371978759766
2017-01-30,54.45893478393555
2017-01-31,53.98198318481445
2017-02-01,53.888282775878906
2017-02-02,53.786075592041016
2017-02-03,54.1863899230957
2017-02-06,54.26303482055664
2017-02-07,54.35673904418945
2017-02-08,54.28007125854492
2017-02-09,54.69741439819336
2017-02-10,55.13179397583008
2017-02-13,55.68540573120117
2017-02-14,55.710960388183594
2017-02-15,56.009071350097656
2017-02-16,56.026092529296875
2017-02-17,56.119781494140625
2017-02-21,56.400848388671875
2017-02-22,56.24755096435547
2017-02-23,55.88129806518555
2017-02-24,56.119781494140625
2017-02-27,56.324188232421875
2017-02-28,56.094234466552734
2017-03-01,57.03964614868164
2017-03-02,56.42641830444336
2017-03-03,56.48602294921875
2017-03-06,56.349754333496094
2017-03-07,56.18793487548828
2017-03-08,55.992034912109375
2017-03-09,55.73652648925781
2017-03-10,56.077205657958984
2017-03-13,56.04313659667969
2017-03-14,55.51506423950195
2017-03-15,56.14534378051758
2017-03-16,55.88982391357422
2017-03-17,56.195274353027344
2017-03-20,56.09260177612305
2017-03-21,55.237003326416016
2017-03-22,55.43379211425781
2017-03-23,55.356788635253906
2017-03-24,55.211341857910156
2017-03-27,55.014556884765625
2017-03-28,55.59638214111328
2017-03-29,55.58781051635742
2017-03-30,55.895816802978516
2017-03-31,55.6648063659668
2017-04-03,55.54502487182617
2017-04-04,55.690467834472656
2017-04-05,55.51078414916992
2017-04-06,55.6648063659668
2017-04-07,55.72469711303711
2017-04-10,55.861595153808594
2017-04-11,55.938602447509766
2017-04-12,55.16856002807617
2017-04-13,54.77497863769531
2017-04-17,55.373905181884766
2017-04-18,55.19422149658203
2017-04-19,55.24555969238281
2017-04-20,55.91291427612305
2017-04-21,55.964263916015625
2017-04-24,56.759952545166016
2017-04-25,57.033756256103516
2017-04-26,57.04230880737305
2017-04-27,57.02519989013672
2017-04-28,56.759952545166016
2017-05-01,56.588844299316406
2017-05-02,56.86263656616211
2017-05-03,56.90541458129883
2017-05-04,56.96529769897461
2017-05-05,57.25621032714844
2017-05-08,57.1021842956543
2017-05-09,57.17920684814453
2017-05-10,57.05942916870117
2017-05-11,57.04230880737305
2017-05-12,56.72573471069336
2017-05-15,56.9909553527832
2017-05-16,56.93108367919922
2017-05-17,55.79314422607422
2017-05-18,55.870155334472656
2017-05-19,56.605960845947266
2017-05-22,57.04230880737305
2017-05-23,57.162071228027344
2017-05-24,57.23053741455078
2017-05-25,57.60701370239258
2017-05-26,57.675445556640625
2017-05-30,57.65835189819336
2017-05-31,57.7695426940918
2017-06-01,58.128910064697266
2017-06-02,58.359901428222656
2017-06-05,58.154579162597656
2017-06-06,57.761009216308594
2017-06-07,57.69255065917969
2017-06-08,57.880794525146484
2017-06-09,58.103240966796875
2017-06-12,58.317138671875
2017-06-13,58.55672073364258
2017-06-14,58.496795654296875
2017-06-15,58.84760665893555
2017-06-16,59.040164947509766
2017-06-19,59.4012336730957
2017-06-20,58.76508712768555
2017-06-21,58.369632720947266
2017-06-22,58.249305725097656
2017-06-23,58.46420669555664
2017-06-26,58.48140335083008
2017-06-27,58.04296875
2017-06-28,58.56735610961914
2017-06-29,58.06877517700195
2017-06-30,58.5501708984375
2017-07-03,58.91123580932617
2017-07-05,59.083152770996094
2017-07-06,58.56735610961914
2017-07-07,59.02297592163086
2017-07-10,59.19490432739258
2017-07-11,59.1433219909668
2017-07-12,59.469974517822266
2017-07-13,59.4270133972168
2017-07-14,59.68490219116211
2017-07-17,59.650508880615234
2017-07-18,59.51295852661133
2017-07-19,59.57313537597656
2017-07-20,59.23788833618164
2017-07-21,59.12613296508789
2017-07-24,58.997169494628906
2017-07-25,58.91980743408203
2017-07-26,58.997169494628906
2017-07-27,58.661930084228516
2017-07-28,58.79945755004883
2017-07-31,58.72209167480469
2017-08-01,58.5501708984375
2017-08-02,58.80807113647461
2017-08-03,59.10036087036133
2017-08-04,59.21208572387695
2017-08-07,59.21208572387695
2017-08-08,59.03157043457031
2017-08-09,59.04875946044922
2017-08-10,58.30088424682617
2017-08-11,58.33525466918945
2017-08-14,58.94561004638672
2017-08-15,58.816673278808594
2017-08-16,58.98000717163086
2017-08-17,57.95701599121094
2017-08-18,57.72490692138672
2017-08-21,57.81947326660156
2017-08-22,58.48140335083008
2017-08-23,57.93124771118164
2017-08-24,57.750709533691406
2017-08-25,58.025794982910156
2017-08-28,57.99140548706055
2017-08-29,58.41262435913086
2017-08-30,58.6533317565918
2017-08-31,58.85102462768555
2017-09-01,58.902626037597656
2017-09-05,58.30946350097656
2017-09-06,58.369632720947266
2017-09-07,58.49000930786133
2017-09-08,58.68769836425781
2017-09-11,59.19490432739258
2017-09-12,59.47860336303711
2017-09-13,59.392616271972656
2017-09-14,59.67631149291992
2017-09-15,59.92327880859375
2017-09-18,60.26005554199219
2017-09-19,60.320526123046875
2017-09-20,60.76093673706055
2017-09-21,60.942298889160156
2017-09-22,61.09773254394531
2017-09-25,61.09773254394531
2017-09-26,61.09773254394531
2017-09-27,61.166839599609375
2017-09-28,61.13228225708008
2017-09-29,61.313629150390625
2017-10-02,61.73677062988281
2017-10-03,62.00449752807617
2017-10-04,61.98722457885742
2017-10-05,62.134033203125
2017-10-06,62.12541580200195
2017-10-09,61.95268249511719
2017-10-10,62.047664642333984
2017-10-11,62.01310729980469
2017-10-12,62.3412971496582
2017-10-13,62.229007720947266
2017-10-16,62.29811477661133
2017-10-17,62.134033203125
2017-10-18,62.159934997558594
2017-10-19,62.33265686035156
2017-10-20,63.00624084472656
2017-10-23,62.6089973449707
2017-10-24,62.96306610107422
2017-10-25,62.3412971496582
2017-10-26,62.42763900756836
2017-10-27,62.45353698730469
2017-10-30,62.021751403808594
2017-10-31,61.771331787109375
2017-11-01,61.73677062988281
2017-11-02,62.09083557128906
2017-11-03,62.030399322509766
2017-11-06,62.06495666503906
2017-11-07,62.159934997558594
2017-11-08,62.05632019042969
2017-11-09,61.279090881347656
2017-11-10,61.36544418334961
2017-11-13,61.158199310302734
2017-11-14,60.99410629272461
2017-11-15,60.6486701965332
2017-11-16,61.21865463256836
2017-11-17,60.88184356689453
2017-11-20,61.158199310302734
2017-11-21,61.598609924316406
2017-11-22,61.667701721191406
2017-11-24,61.667701721191406
2017-11-27,61.771331787109375
2017-11-28,62.71262741088867
2017-11-29,63.265316009521484
2017-11-30,64.34477233886719
2017-12-01,63.550296783447266
2017-12-04,64.08568572998047
2017-12-05,63.541622161865234
2017-12-06,63.63666534423828
2017-12-07,64.223876953125
2017-12-08,64.5002212524414
2017-12-11,64.37065887451172
2017-12-12,64.43975067138672
2017-12-13,64.69020080566406
2017-12-14,64.24977111816406
2017-12-15,64.70301055908203
2017-12-18,65.16320037841797
2017-12-19,65.18057250976562
2017-12-20,65.39762115478516
2017-12-21,65.44972229003906
2017-12-22,65.46707916259766
2017-12-26,65.53652954101562
2017-12-27,65.69281768798828
2017-12-28,65.82307434082031
2017-12-29,65.70152282714844
2018-01-02,66.09225463867188
2018-01-03,66.44821166992188
2018-01-04,66.9344711303711
2018-01-05,67.39464569091797
2018-01-08,67.6725082397461
2018-01-09,68.10662078857422
2018-01-10,68.09793853759766
2018-01-11,68.9661865234375
2018-01-12,69.60868072509766
2018-01-16,68.9835433959961
2018-01-17,69.36558532714844
2018-01-18,68.99223327636719
2018-01-19,69.19194030761719
2018-01-22,69.19194030761719
2018-01-23,69.22663879394531
2018-01-24,69.16587829589844
2018-01-25,69.23536682128906
2018-01-26,70.0341567993164
2018-01-29,69.56529998779297
2018-01-30,69.0182876586914
2018-01-31,69.22663879394531
2018-02-01,69.10511016845703
2018-02-02,67.71588897705078
2018-02-05,64.6422348022461
2018-02-06,65.82307434082031
2018-02-07,65.94461059570312
2018-02-08,63.40060806274414
2018-02-09,64.08653259277344
2018-02-12,65.1197738647461
2018-02-13,65.26740264892578
2018-02-14,66.09225463867188
2018-02-15,67.0907211303711
2018-02-16,67.10808563232422
2018-02-20,66.43087768554688
2018-02-21,66.44821166992188
2018-02-22,66.89104461669922
2018-02-23,67.44670867919922
2018-02-26,68.37576293945312
2018-02-27,67.51618957519531
2018-02-28,66.55243682861328
2018-03-01,65.25001525878906
2018-03-02,65.23265075683594
2018-03-05,66.01407623291016
2018-03-06,66.30928802490234
2018-03-07,66.3006362915039
2018-03-08,66.64794158935547
2018-03-09,68.11527252197266
2018-03-12,67.27308654785156
2018-03-13,66.9431381225586
2018-03-14,66.21379852294922
2018-03-15,66.40482330322266
2018-03-16,66.7596206665039
2018-03-19,66.24529266357422
2018-03-20,66.47193908691406
2018-03-21,66.5503921508789
2018-03-22,64.35356140136719
2018-03-23,63.41205596923828
2018-03-26,64.94636535644531
2018-03-27,64.0484390258789
2018-03-28,63.83049774169922
2018-03-29,64.7632827758789
2018-04-02,63.429466247558594
2018-04-03,64.30997467041016
2018-04-04,64.58892822265625
2018-04-05,65.24275207519531
2018-04-06,63.43819808959961
2018-04-09,63.24642562866211
2018-04-10,64.21406555175781
2018-04-11,63.74332046508789
2018-04-12,64.6586685180664
2018-04-13,64.50173950195312
2018-04-16,65.14688110351562
2018-04-17,65.6960678100586
2018-04-18,66.37604522705078
2018-04-19,66.1929702758789
2018-04-20,65.90528106689453
2018-04-23,65.82682800292969
2018-04-24,63.98741149902344
2018-04-25,64.17047119140625
2018-04-26,63.93511199951172
2018-04-27,63.804344177246094
2018-04-30,62.958717346191406
2018-05-01,62.671043395996094
2018-05-02,62.12185287475586
2018-05-03,62.27006149291992
2018-05-04,62.99360656738281
2018-05-07,63.41205596923828
2018-05-08,63.865379333496094
2018-05-09,64.5540542602539
2018-05-10,64.98994445800781
2018-05-11,65.1294174194336
2018-05-14,65.01611328125
2018-05-15,64.79815673828125
2018-05-16,65.03353881835938
2018-05-17,65.28633880615234
2018-05-18,65.66992950439453
2018-05-21,66.66373443603516
2018-05-22,65.8442611694336
2018-05-23,65.78327178955078
2018-05-24,66.10580444335938
2018-05-25,65.98377227783203
2018-05-29,64.92891693115234
2018-05-30,65.8442611694336
2018-05-31,64.8940658569336
2018-06-01,65.60889434814453
2018-06-04,65.51300048828125
2018-06-05,65.59143829345703
2018-06-06,66.14067840576172
2018-06-07,66.41962432861328
2018-06-08,66.63758850097656
2018-06-11,66.7683334350586
2018-06-12,66.6986083984375
2018-06-13,66.16683197021484
2018-06-14,65.91400909423828
2018-06-15,65.74945068359375
2018-06-18,65.47809600830078
2018-06-19,64.09521484375
2018-06-20,64.13899993896484
2018-06-21,63.333763122558594
2018-06-22,63.552555084228516
2018-06-25,62.7473258972168
2018-06-26,62.983646392822266
2018-06-27,62.47597885131836
2018-06-28,62.56351852416992
2018-06-29,62.69480895996094
2018-07-02,62.834842681884766
2018-07-03,62.633544921875
2018-07-05,62.93988800048828
2018-07-06,63.15869140625
2018-07-09,64.33154296875
2018-07-10,64.53285217285156
2018-07-11,63.47378158569336
2018-07-12,64.2177734375
2018-07-13,64.55037689208984
2018-07-16,64.28775787353516
2018-07-17,64.5416030883789
2018-07-18,65.25056457519531
2018-07-19,65.22428894042969
2018-07-20,65.15430450439453
2018-07-23,64.75165557861328
2018-07-24,65.02299499511719
2018-07-25,66.01203155517578
2018-07-26,66.51968383789062
2018-07-27,66.52845001220703
2018-07-30,65.87200164794922
2018-07-31,67.32491302490234
2018-08-01,66.41464233398438
2018-08-02,66.32711791992188
2018-08-03,66.38839721679688
2018-08-06,66.48468017578125
2018-08-07,66.95732116699219
2018-08-08,66.65975952148438
2018-08-09,66.29210662841797
2018-08-10,65.70568084716797
2018-08-13,65.3906021118164
2018-08-14,65.84575653076172
2018-08-15,65.53062438964844
2018-08-16,66.36212921142578
2018-08-17,66.76476287841797
2018-08-20,67.21113586425781
2018-08-21,67.71003723144531
2018-08-22,67.0535888671875
2018-08-23,66.8610610961914
2018-08-24,67.14986419677734
2018-08-27,67.99884796142578
2018-08-28,67.85884094238281
2018-08-29,67.9113540649414
2018-08-30,67.43871307373047
2018-08-31,67.48249053955078
2018-09-04,67.42996215820312
2018-09-05,67.9113540649414
2018-09-06,68.1214370727539
2018-09-07,67.9113540649414
2018-09-10,68.261474609375
2018-09-11,68.24394226074219
2018-09-12,68.4540023803711
2018-09-13,68.8653793334961
2018-09-14,69.20673370361328
2018-09-17,69.23298645019531
2018-09-18,69.8631820678711
2018-09-19,69.80192565917969
2018-09-20,69.90694427490234
2018-09-21,70.35897827148438
2018-09-24,69.15409851074219
2018-09-25,68.94302368164062
2018-09-26,68.89906311035156
2018-09-27,68.99579620361328
2018-09-28,68.95182800292969
2018-10-01,69.55866241455078
2018-10-02,69.71696472167969
2018-10-03,70.0072021484375
2018-10-04,69.77853393554688
2018-10-05,69.4179458618164
2018-10-08,69.5938491821289
2018-10-09,68.5208740234375
2018-10-10,66.31334686279297
2018-10-11,64.56318664550781
2018-10-12,64.99412536621094
2018-10-15,65.11727142333984
2018-10-16,66.21662139892578
2018-10-17,65.73291778564453
2018-10-18,64.59835815429688
2018-10-19,64.36089324951172
2018-10-22,64.1409912109375
2018-10-23,63.08565139770508
2018-10-24,60.948486328125
2018-10-25,61.37942886352539
2018-10-26,60.7725944519043
2018-10-29,59.76117706298828
2018-10-30,60.992454528808594
2018-10-31,61.45858383178711
2018-11-01,62.54037094116211
2018-11-02,62.43484115600586
2018-11-05,62.76023483276367
2018-11-06,63.41982650756836
2018-11-07,64.44884490966797
2018-11-08,64.34332275390625
2018-11-09,63.692474365234375
2018-11-12,62.43484115600586
2018-11-13,62.71625518798828
2018-11-14,62.50517272949219
2018-11-15,63.33189392089844
2018-11-16,63.314308166503906
2018-11-19,62.31168746948242
2018-11-20,61.018821716308594
2018-11-21,61.449790954589844
2018-11-23,61.32666778564453
2018-11-26,61.775203704833984
2018-11-27,61.669654846191406
2018-11-28,63.147220611572266
2018-11-29,63.18236541748047
2018-11-30,63.79801559448242
2018-12-03,64.53678894042969
2018-12-04,61.79279327392578
2018-12-06,61.449790954589844
2018-12-07,59.83154296875
2018-12-10,59.981040954589844
2018-12-11,59.62926483154297
2018-12-12,59.96345520019531
2018-12-13,59.79635238647461
2018-12-14,58.969635009765625
2018-12-17,58.002201080322266
2018-12-18,58.292423248291016
2018-12-19,57.193077087402344
2018-12-20,56.146488189697266
2018-12-21,55.086341857910156
2018-12-24,53.39613723754883
2018-12-26,55.88277053833008
2018-12-27,56.58185577392578
2018-12-28,56.43141555786133
2018-12-31,56.99778366088867
2019-01-02,57.289798736572266
2019-01-03,55.546504974365234
2019-01-04,57.652610778808594
2019-01-07,58.12163162231445
2019-01-08,58.91805648803711
2019-01-09,59.31626510620117
2019-01-10,60.121551513671875
2019-01-11,60.05960464477539
2019-01-14,60.05075454711914
2019-01-15,59.86491012573242
2019-01-16,59.92686080932617
2019-01-17,60.95336151123047
2019-01-18,62.112613677978516
2019-01-22,60.829463958740234
2019-01-23,60.91797637939453
2019-01-24,61.227699279785156
2019-01-25,62.00641632080078
2019-01-28,61.41352081298828
2019-01-29,62.26304626464844
2019-01-30,63.23645782470703
2019-01-31,63.510780334472656
2019-02-01,63.60814666748047
2019-02-04,64.43111419677734
2019-02-05,64.98860168457031
2019-02-06,65.00630187988281
2019-02-07,64.56385803222656
2019-02-08,64.66117858886719
2019-02-11,65.00630187988281
2019-02-12,66.01512145996094
2019-02-13,66.40447235107422
2019-02-14,66.09478759765625
2019-02-15,66.97970581054688
2019-02-19,66.953125
2019-02-20,67.2717056274414
2019-02-21,66.99736785888672
2019-02-22,67.43985748291016
2019-02-25,67.70531463623047
2019-02-26,67.51948547363281
2019-02-27,67.78497314453125
2019-02-28,67.55486297607422
2019-03-01,67.6168212890625
2019-03-04,67.31594848632812
2019-03-05,66.88236236572266
2019-03-06,66.25404357910156
2019-03-07,65.8558349609375
2019-03-08,65.72307586669922
2019-03-11,66.28057861328125
2019-03-12,65.73194122314453
2019-03-13,66.30713653564453
2019-03-14,66.0859146118164
2019-03-15,65.85273742675781
2019-03-18,66.4935302734375
2019-03-19,66.25325012207031
2019-03-20,65.79933166503906
2019-03-21,66.43122100830078
2019-03-22,64.92710876464844
2019-03-25,65.07841491699219
2019-03-26,65.51451873779297
2019-03-27,65.5857162475586
2019-03-28,66.06634521484375
2019-03-29,66.7783432006836
2019-04-01,68.15789031982422
2019-04-02,68.13117980957031
2019-04-03,67.92646789550781
2019-04-04,68.34479522705078
2019-04-05,68.54061889648438
2019-04-08,68.24691009521484
2019-04-09,67.32127380371094
2019-04-10,67.303466796875
2019-04-11,67.8819808959961
2019-04-12,68.78089141845703
2019-04-15,68.39820098876953
2019-04-16,68.8165054321289
2019-04-17,68.9054946899414
2019-04-18,69.69762420654297
2019-04-22,69.48402404785156
2019-04-23,70.08922576904297
2019-04-24,69.88451385498047
2019-04-25,68.4782943725586
2019-04-26,68.99449920654297
2019-04-29,69.15470886230469
2019-04-30,69.43062591552734
2019-05-01,68.97671508789062
2019-05-02,68.94110107421875
2019-05-03,69.77774047851562
2019-05-06,69.1102066040039
2019-05-07,67.71288299560547
2019-05-08,67.71288299560547
2019-05-09,67.61495208740234
2019-05-10,67.8819808959961
2019-05-13,65.95062255859375
2019-05-14,66.63593292236328
2019-05-15,66.72496032714844
2019-05-16,67.33905792236328
2019-05-17,66.59144592285156
2019-05-20,66.42231750488281
2019-05-21,67.20557403564453
2019-05-22,66.65375518798828
2019-05-23,65.63911437988281
2019-05-24,65.66583251953125
2019-05-28,65.06061553955078
2019-05-29,64.76691436767578
2019-05-30,65.01610565185547
2019-05-31,64.12608337402344
2019-06-03,64.56217956542969
2019-06-04,66.10192108154297
2019-06-05,66.74274444580078
2019-06-06,66.85845184326172
2019-06-07,67.3924789428711
2019-06-10,67.48145294189453
2019-06-11,66.9029541015625
2019-06-12,67.0453872680664
2019-06-13,67.38353729248047
2019-06-14,67.11658477783203
2019-06-17,66.8851547241211
2019-06-18,68.18460083007812
2019-06-19,68.13117980957031
2019-06-20,69.27041625976562
2019-06-21,68.9012451171875
2019-06-24,68.76713562011719
2019-06-25,68.24869537353516
2019-06-26,68.41853332519531
2019-06-27,68.48111724853516
2019-06-28,69.20516204833984
2019-07-01,69.26773071289062
2019-07-02,69.1783447265625
2019-07-03,69.56272888183594
2019-07-05,69.28561401367188
2019-07-08,68.71353149414062
2019-07-09,68.56153106689453
2019-07-10,68.40066528320312
2019-07-11,68.86547088623047
2019-07-12,70.07221984863281
2019-07-15,69.78617858886719
2019-07-16,70.2331314086914
2019-07-17,68.73139190673828
2019-07-18,68.85655212402344
2019-07-19,69.23198699951172
2019-07-22,69.28561401367188
2019-07-23,70.16162872314453
2019-07-24,70.46553802490234
2019-07-25,70.32252502441406
2019-07-26,70.17057037353516
2019-07-29,70.04539489746094
2019-07-30,70.34933471679688
2019-07-31,69.56272888183594
2019-08-01,68.21292114257812
2019-08-02,67.7749252319336
2019-08-05,65.89775085449219
2019-08-06,66.88998413085938
2019-08-07,66.85423278808594
2019-08-08,67.98946380615234
2019-08-09,67.41736602783203
2019-08-12,66.48772430419922
2019-08-13,67.28327941894531
2019-08-14,65.22734069824219
2019-08-15,65.15583801269531
2019-08-16,66.41622924804688
2019-08-19,67.04193878173828
2019-08-20,66.64862823486328
2019-08-21,67.05982208251953
2019-08-22,67.15814208984375
2019-08-23,65.36143493652344
2019-08-26,65.84410858154297
2019-08-27,65.50444793701172
2019-08-28,66.30894470214844
2019-08-29,67.4441909790039
2019-08-30,67.72132110595703
2019-09-03,66.80060577392578
2019-09-04,67.6497802734375
2019-09-05,68.86547088623047
2019-09-06,69.00849914550781
2019-09-09,69.2140884399414
2019-09-10,69.8487777709961
2019-09-11,70.5013198852539
2019-09-12,70.5459976196289
2019-09-13,70.93038940429688
2019-09-16,70.8677978515625
2019-09-17,70.83206939697266
2019-09-18,70.72478485107422
2019-09-19,70.36723327636719
2019-09-20,69.92239379882812
2019-09-23,69.78760528564453
2019-09-24,69.39220428466797
2019-09-25,69.8415298461914
2019-09-26,69.94037628173828
2019-09-27,69.66180419921875
2019-09-30,69.76063537597656
2019-10-01,68.08920288085938
2019-10-02,66.80413818359375
2019-10-03,67.24449157714844
2019-10-04,67.94540405273438
2019-10-07,67.60393524169922
2019-10-08,66.5615234375
2019-10-09,67.1276626586914
2019-10-10,67.73870849609375
2019-10-11,69.01478576660156
2019-10-14,68.87999725341797
2019-10-15,69.43714141845703
2019-10-16,69.40121459960938
2019-10-17,69.74267578125
2019-10-18,69.14058685302734
2019-10-21,69.553955078125
2019-10-22,70.10213470458984
2019-10-23,70.09312438964844
2019-10-24,70.19197845458984
2019-10-25,70.63231658935547
2019-10-28,70.83000946044922
2019-10-29,71.06366729736328
2019-10-30,71.31526947021484
2019-10-31,70.55142974853516
2019-11-01,72.08810424804688
2019-11-04,72.92382049560547
2019-11-05,73.07657623291016
2019-11-06,73.12152862548828
2019-11-07,73.37313842773438
2019-11-08,73.47198486328125
2019-11-11,73.50794219970703
2019-11-12,73.49893951416016
2019-11-13,73.19339752197266
2019-11-14,73.42704772949219
2019-11-15,73.96621704101562
2019-11-18,73.68766021728516
2019-11-19,73.62474060058594
2019-11-20,73.04063415527344
2019-11-21,73.01367950439453
2019-11-22,73.39112091064453
2019-11-25,73.92130279541016
2019-11-26,74.13697052001953
2019-11-27,74.06507873535156
2019-11-29,73.72358703613281
2019-12-02,72.51045989990234
2019-12-03,71.71963500976562
2019-12-04,71.99824523925781
2019-12-05,72.01620483398438
2019-12-06,72.88787841796875
2019-12-09,72.60930633544922
2019-12-10,72.51942443847656
2019-12-11,72.9777603149414
2019-12-12,73.62474060058594
2019-12-13,73.42704772949219
2019-12-16,73.39112091064453
2019-12-17,73.3192138671875
2019-12-18,73.01367950439453
2019-12-19,73.21138000488281
2019-12-20,73.54825592041016
2019-12-23,74.15331268310547
2019-12-24,73.85529327392578
2019-12-26,74.0268783569336
2019-12-27,73.96366119384766
2019-12-30,73.62047576904297
2019-12-31,73.57530975341797
2020-01-02,74.9660873413086
2020-01-03,74.82161712646484
2020-01-06,74.84867858886719
2020-01-07,74.69515991210938
2020-01-08,74.94804382324219
2020-01-09,75.26411437988281
2020-01-10,74.73130798339844
2020-01-13,75.34539794921875
2020-01-14,75.35443115234375
2020-01-15,75.47183227539062
2020-01-16,76.22142791748047
2020-01-17,76.2304458618164
2020-01-21,75.39055633544922
2020-01-22,74.99319458007812
2020-01-23,75.80597686767578
2020-01-24,75.45376586914062
2020-01-27,74.0268783569336
2020-01-28,74.50552368164062
2020-01-29,74.90289306640625
2020-01-30,74.98417663574219
2020-01-31,73.25022888183594
2020-02-03,73.22314453125
2020-02-04,74.6048583984375
2020-02-05,75.85114288330078
2020-02-06,76.0949935913086
2020-02-07,75.54409790039062
2020-02-10,75.96854400634766
2020-02-11,76.2575454711914
2020-02-12,76.97098541259766
2020-02-13,76.53750610351562
2020-02-14,76.43816375732422
2020-02-18,76.00466918945312
2020-02-19,75.97756958007812
2020-02-20,75.86920928955078
2020-02-21,75.4898910522461
2020-02-24,73.34053802490234
2020-02-25,70.35128021240234
2020-02-26,69.81845092773438
2020-02-27,67.22657012939453
2020-02-28,65.99837493896484
2020-03-02,68.3193130493164
2020-03-03,66.64857482910156
2020-03-04,69.40302276611328
2020-03-05,66.00737762451172
2020-03-06,65.42938995361328
2020-03-09,59.396697998046875
2020-03-10,62.476261138916016
2020-03-11,58.809696197509766
2020-03-12,52.72282028198242
2020-03-13,56.84093475341797
2020-03-16,50.392818450927734
2020-03-17,52.713783264160156
2020-03-18,48.83047103881836
2020-03-19,48.86659240722656
2020-03-20,46.41919708251953
2020-03-23,44.38602066040039
2020-03-24,50.00138473510742
2020-03-25,52.63159942626953
2020-03-26,55.9535026550293
2020-03-27,53.596317291259766
2020-03-30,54.3790168762207
2020-03-31,53.70552062988281
2020-04-01,51.28464126586914
2020-04-02,51.96721649169922
2020-04-03,51.275535583496094
2020-04-06,54.8249626159668
2020-04-07,54.69753646850586
2020-04-08,56.681575775146484
2020-04-09,57.53709411621094
2020-04-13,55.8533935546875
2020-04-14,56.918212890625
2020-04-15,55.343727111816406
2020-04-16,54.852264404296875
2020-04-17,57.42787551879883
2020-04-20,55.89888381958008
2020-04-21,54.57923889160156
2020-04-22,55.15260696411133
2020-04-23,55.58945846557617
2020-04-24,56.035404205322266
2020-04-27,57.42787551879883
2020-04-28,58.50179672241211
2020-04-29,59.621246337890625
2020-04-30,58.43810272216797
2020-05-01,56.672489166259766
2020-05-04,55.9535026550293
2020-05-05,56.171913146972656
2020-05-06,55.3983268737793
2020-05-07,56.04450988769531
2020-05-08,57.43697738647461
2020-05-11,56.71798324584961
2020-05-12,55.12529754638672
2020-05-13,53.7419319152832
2020-05-14,54.30619812011719
2020-05-15,54.11507034301758
2020-05-18,57.68270492553711
2020-05-19,56.94550323486328
2020-05-20,58.01034927368164
2020-05-21,58.14685821533203
2020-05-22,58.101356506347656
2020-05-26,60.540443420410156
2020-05-27,62.56086730957031
2020-05-28,61.96931457519531
2020-05-29,61.58706283569336
2020-06-01,61.72358703613281
2020-06-02,62.524478912353516
2020-06-03,64.96357727050781
2020-06-04,65.65525817871094
2020-06-05,68.06705474853516
2020-06-08,69.43221282958984
2020-06-09,67.7030029296875
2020-06-10,66.0830078125
2020-06-11,61.44146728515625
2020-06-12,62.633697509765625
2020-06-15,63.2525749206543
2020-06-16,64.49031829833984
2020-06-17,64.02617645263672
2020-06-18,63.7895393371582
2020-06-19,63.00685119628906
2020-06-22,63.112876892089844
2020-06-23,63.122005462646484
2020-06-24,60.92805862426758
2020-06-25,61.60453796386719
2020-06-26,60.46186065673828
2020-06-29,62.445552825927734
2020-06-30,62.80207061767578
2020-07-01,62.5186882019043
2020-07-02,63.05803298950195
2020-07-06,63.963043212890625
2020-07-07,62.738067626953125
2020-07-08,62.738067626953125
2020-07-09,61.376007080078125
2020-07-10,62.17129898071289
2020-07-13,62.42728042602539
2020-07-14,63.78021240234375
2020-07-15,65.40739440917969
2020-07-16,65.42568969726562
2020-07-17,65.81877136230469
2020-07-20,65.01431274414062
2020-07-21,65.87361907958984
2020-07-22,66.40382385253906
2020-07-23,66.20269775390625
2020-07-24,65.67249298095703
2020-07-27,65.94674682617188
2020-07-28,65.48966979980469
2020-07-29,66.48609924316406
2020-07-30,65.81877136230469
2020-07-31,65.57196044921875
2020-08-03,65.84618377685547
2020-08-04,66.01073455810547
2020-08-05,67.27226257324219
2020-08-06,67.52822875976562
2020-08-07,68.68006896972656
2020-08-10,70.3712158203125
2020-08-11,70.74603271484375
2020-08-12,70.97456359863281
2020-08-13,70.59976959228516
2020-08-14,70.87401580810547
2020-08-17,70.54490661621094
2020-08-18,70.16097259521484
2020-08-19,69.97815704345703
2020-08-20,69.60334014892578
2020-08-21,69.88673400878906
2020-08-24,71.14825439453125
2020-08-25,71.05684661865234
2020-08-26,71.09339904785156
2020-08-27,71.349365234375
2020-08-28,72.02584838867188
2020-08-31,71.12996673583984
2020-09-01,71.85215759277344
2020-09-02,73.04053497314453
2020-09-03,70.99285125732422
2020-09-04,71.15740203857422
2020-09-08,69.82273864746094
2020-09-09,70.90142059326172
2020-09-10,69.99642944335938
2020-09-11,70.94713592529297
2020-09-14,71.9070053100586
2020-09-15,71.95272064208984
2020-09-16,72.68403625488281
2020-09-17,72.83029174804688
2020-09-18,72.0167007446289
2020-09-21,69.62608337402344
2020-09-22,70.3143539428711
2020-09-23,69.05711364746094
2020-09-24,69.15807342529297
2020-09-25,70.195068359375
2020-09-28,71.46148681640625
2020-09-29,70.8282699584961
2020-09-30,70.64472198486328
2020-10-01,70.43366241455078
2020-10-02,71.2228775024414
2020-10-05,72.37002563476562
2020-10-06,71.48902893066406
2020-10-07,73.06747436523438
2020-10-08,73.79246520996094
2020-10-09,74.06777954101562
2020-10-12,74.48991394042969
2020-10-13,73.66397857666016
2020-10-14,74.07696533203125
2020-10-15,74.34309387207031
2020-10-16,74.88451385498047
2020-10-19,73.95765686035156
2020-10-20,74.34309387207031
2020-10-21,73.59054565429688
2020-10-22,74.19625091552734
2020-10-23,74.48991394042969
2020-10-26,72.62699127197266
2020-10-27,71.03935241699219
2020-10-28,68.7083969116211
2020-10-29,69.70867156982422
2020-10-30,69.62608337402344
2020-11-02,71.50738525390625
2020-11-03,73.61809539794922
2020-11-04,72.85639190673828
2020-11-05,74.57249450683594
2020-11-06,74.64592742919922
2020-11-09,77.18795776367188
2020-11-10,78.546142578125
2020-11-11,77.88539123535156
2020-11-12,76.99522399902344
2020-11-13,78.70216369628906
2020-11-16,80.62016296386719
2020-11-17,80.40909576416016
2020-11-18,80.05119323730469
2020-11-19,80.25306701660156
2020-11-20,79.52809143066406
2020-11-23,80.85877227783203
2020-11-24,82.27201843261719
2020-11-25,81.64798736572266
2020-11-27,81.51033020019531
2020-11-30,80.78534698486328
2020-12-01,80.58344268798828
2020-12-02,80.69358825683594
2020-12-03,80.9046401977539
2020-12-04,81.86824035644531
2020-12-07,81.4736328125
2020-12-08,81.86824035644531
2020-12-09,82.05180358886719
2020-12-10,81.27173614501953
2020-12-11,81.46443939208984
2020-12-14,80.40909576416016
2020-12-15,81.52869415283203
2020-12-16,81.02395629882812
2020-12-17,81.51950073242188
2020-12-18,81.52869415283203
2020-12-21,81.0365982055664
2020-12-22,80.6587905883789
2020-12-23,81.08267974853516
2020-12-24,81.0919189453125
2020-12-28,81.1932601928711
2020-12-29,80.70486450195312
2020-12-30,81.22090148925781
2020-12-31,81.59872436523438
2021-01-04,79.62672424316406
2021-01-05,80.40999603271484
2021-01-06,82.32671356201172
2021-01-07,82.77823638916016
2021-01-08,82.57551574707031
2021-01-11,82.54785919189453
2021-01-12,83.36801147460938
2021-01-13,82.64923095703125
2021-01-14,82.93489074707031
2021-01-15,81.85674285888672
2021-01-19,82.12396240234375
2021-01-20,82.63079071044922
2021-01-21,81.98575592041016
2021-01-22,81.5618667602539
2021-01-25,81.00897216796875
2021-01-26,80.26254272460938
2021-01-27,78.66836547851562
2021-01-28,79.83866882324219
2021-01-29,78.1154556274414
2021-02-01,78.92637634277344
2021-02-02,80.603515625
2021-02-03,80.6587905883789
2021-02-04,81.52498626708984
2021-02-05,82.00420379638672
2021-02-08,82.70452117919922
2021-02-09,82.91645050048828
2021-02-10,82.78742980957031
2021-02-11,82.61235809326172
2021-02-12,83.21136474609375
2021-02-16,83.12841796875
2021-02-17,82.89804077148438
2021-02-18,82.4833755493164
2021-02-19,83.83796691894531
2021-02-22,84.10520935058594
2021-02-23,84.36321258544922
2021-02-24,85.9573974609375
2021-02-25,84.37242889404297
2021-02-26,83.49700927734375
2021-03-01,85.63487243652344
2021-03-02,85.3860855102539
2021-03-03,85.47823333740234
2021-03-04,84.11441040039062
2021-03-05,86.10484313964844
2021-03-08,87.0079116821289
2021-03-09,86.64854431152344
2021-03-10,87.92942810058594
2021-03-11,87.99392700195312
2021-03-12,89.17345428466797
2021-03-15,89.91985321044922
2021-03-16,88.63897705078125
2021-03-17,89.66184997558594
2021-03-18,89.57890319824219
2021-03-19,88.89698791503906
2021-03-22,88.84707641601562
2021-03-23,87.294189453125
2021-03-24,87.93199157714844
2021-03-25,89.33695983886719
2021-03-26,90.88060760498047
2021-03-29,90.89909362792969
2021-03-30,91.29656219482422
2021-03-31,91.00079345703125
2021-04-01,91.30580139160156
2021-04-05,92.4334945678711
2021-04-06,92.2116470336914
2021-04-07,91.78646850585938
2021-04-08,92.00830841064453
2021-04-09,92.90489196777344
2021-04-12,93.24690246582031
2021-04-13,92.79399871826172
2021-04-14,92.91413879394531
2021-04-15,93.28388214111328
2021-04-16,93.48723602294922
2021-04-19,93.09900665283203
2021-04-20,92.072998046875
2021-04-21,93.33010864257812
2021-04-22,92.85868072509766
2021-04-23,93.87545013427734
2021-04-26,93.59817504882812
2021-04-27,94.37459564208984
2021-04-28,94.18048095703125
2021-04-29,94.84601593017578
2021-04-30,94.21746826171875
2021-05-03,95.18802642822266
2021-05-04,95.60396575927734
2021-05-05,95.69640350341797
2021-05-06,96.36190795898438
2021-05-07,97.37867736816406
2021-05-10,97.47112274169922
2021-05-11,96.0291519165039
2021-05-12,93.72756958007812
2021-05-13,95.48381042480469
2021-05-14,96.80559539794922
2021-05-17,96.50982666015625
2021-05-18,95.10484313964844
2021-05-19,94.56871795654297
2021-05-20,94.78129577636719
2021-05-21,95.24347686767578
2021-05-24,95.83504486083984
2021-05-25,95.54850769042969
2021-05-26,95.8535385131836
2021-05-27,97.16609191894531
2021-05-28,97.16609191894531
2021-06-01,97.54505157470703
2021-06-02,97.26777648925781
2021-06-03,97.05518341064453
2021-06-04,97.36945343017578
2021-06-07,96.69468688964844
2021-06-08,96.94424438476562
2021-06-09,95.9552001953125
2021-06-10,95.48381042480469
2021-06-11,95.67791748046875
2021-06-14,95.24347686767578
2021-06-15,95.65018463134766
2021-06-16,94.74431610107422
2021-06-17,93.28388214111328
2021-06-18,92.072998046875
2021-06-21,94.09813690185547
2021-06-22,94.20014953613281
2021-06-23,93.98686981201172
2021-06-24,94.71939849853516
2021-06-25,94.90486145019531
2021-06-28,94.40413665771484
2021-06-29,94.21868133544922
2021-06-30,94.95123291015625
2021-07-01,95.62810516357422
2021-07-02,95.7764663696289
2021-07-06,94.85848236083984
2021-07-07,95.8042984008789
2021-07-08,94.46903991699219
2021-07-09,95.96192169189453
2021-07-12,96.09172821044922
2021-07-13,95.16448211669922
2021-07-14,95.15521240234375
2021-07-15,95.34068298339844
2021-07-16,94.49686431884766
2021-07-19,92.52180480957031
2021-07-20,95.10884094238281
2021-07-21,96.01757049560547
2021-07-22,95.66521453857422
2021-07-23,96.07321166992188
2021-07-26,96.0268325805664
2021-07-27,95.49829864501953
2021-07-28,95.27574920654297
2021-07-29,96.0268325805664
2021-07-30,95.84138488769531
2021-08-02,95.18304443359375
2021-08-03,96.42555236816406
2021-08-04,95.11811828613281
2021-08-05,95.56318664550781
2021-08-06,96.00828552246094
2021-08-09,95.62810516357422
2021-08-10,96.60174560546875
2021-08-11,97.85352325439453
2021-08-12,97.66808319091797
2021-08-13,97.36209106445312
2021-08-16,97.69590759277344
2021-08-17,96.6388168334961
2021-08-18,95.58174133300781
2021-08-19,94.91413879394531
2021-08-20,95.16448211669922
2021-08-23,95.94337463378906
2021-08-24,96.42555236816406
2021-08-25,97.04682922363281
2021-08-26,96.62026977539062
2021-08-27,97.28790283203125
2021-08-30,97.17662811279297
2021-08-31,96.90772247314453
2021-09-01,96.53682708740234
2021-09-02,97.57536315917969
2021-09-03,96.98192596435547
2021-09-07,95.30357360839844
2021-09-08,95.43338012695312
2021-09-09,94.96975708007812
2021-09-10,94.5432357788086
2021-09-13,94.7936019897461
2021-09-14,93.65304565429688
2021-09-15,94.68231201171875
2021-09-16,94.03324890136719
2021-09-17,93.03180694580078
2021-09-20,91.96478271484375
2021-09-21,91.4810562133789
2021-09-22,92.2066421508789
2021-09-23,93.62064361572266
2021-09-24,93.81597900390625
2021-09-27,93.90901947021484
2021-09-28,92.82062530517578
2021-09-29,92.92293548583984
2021-09-30,91.01593017578125
2021-10-01,92.26248168945312
2021-10-04,91.7601318359375
2021-10-05,92.78340911865234
2021-10-06,93.19271087646484
2021-10-07,93.91831970214844
2021-10-08,93.90901947021484
2021-10-11,93.15550994873047
2021-10-12,92.84852600097656
2021-10-13,93.04388427734375
2021-10-14,94.80206298828125
2021-10-15,95.71372985839844
2021-10-18,95.7788314819336
2021-10-19,96.34628295898438
2021-10-20,96.95093536376953
2021-10-21,97.14630126953125
2021-10-22,97.49048614501953
2021-10-25,97.7137451171875
2021-10-26,97.10908508300781
2021-10-27,95.97419738769531
2021-10-28,97.1741943359375
2021-10-29,97.2021255493164
2021-11-01,97.47188568115234
2021-11-02,97.79747772216797
2021-11-03,97.58353424072266
2021-11-04,97.97423553466797
2021-11-05,98.96961212158203
2021-11-08,99.37890625
2021-11-09,99.63008117675781
2021-11-10,99.0719223022461
2021-11-11,98.66259765625
2021-11-12,99.44402313232422
2021-11-15,99.63008117675781
2021-11-16,99.6487045288086
2021-11-17,99.05331420898438
2021-11-18,98.84866333007812
2021-11-19,98.35563659667969
2021-11-22,98.62540435791016
2021-11-23,98.79283142089844
2021-11-24,98.68121337890625
2021-11-26,96.01139831542969
2021-11-29,96.17882537841797
2021-11-30,93.7415771484375
2021-12-01,92.43923950195312
2021-12-02,95.18346405029297
2021-12-03,95.07183837890625
2021-12-06,96.68118286132812
2021-12-07,97.667236328125
2021-12-08,97.90911102294922
2021-12-09,97.60212707519531
2021-12-10,98.00212860107422
2021-12-13,96.98815155029297
2021-12-14,96.06719970703125
2021-12-15,96.9044418334961
2021-12-16,96.95093536376953
2021-12-17,95.29509735107422
2021-12-20,93.76840209960938
2021-12-21,95.63591766357422
2021-12-22,95.9067153930664
2021-12-23,97.03657531738281
2021-12-27,98.06371307373047
2021-12-28,98.55860900878906
2021-12-29,98.73600006103516
2021-12-30,98.38116455078125
2021-12-31,98.80138397216797
2022-01-03,97.98900604248047
2022-01-04,99.9592514038086
2022-01-05,99.0068130493164
2022-01-06,99.46434783935547
2022-01-07,99.43634796142578
2022-01-10,98.3158187866211
2022-01-11,98.9040756225586
2022-01-12,99.2215805053711
2022-01-13,99.43634796142578
2022-01-14,98.8387222290039
2022-01-18,97.69953918457031
2022-01-19,96.6070327758789
2022-01-20,95.37447357177734
2022-01-21,94.49671936035156
2022-01-24,95.0383071899414
2022-01-25,94.10454559326172
2022-01-26,93.28282928466797
2022-01-27,92.45179748535156
2022-01-28,93.09607696533203
2022-01-31,94.06719970703125
2022-02-01,95.36512756347656
2022-02-02,96.02809143066406
2022-02-03,94.49671936035156
2022-02-04,93.47893524169922
2022-02-07,93.55364227294922
2022-02-08,94.4874038696289
2022-02-09,95.78532409667969
2022-02-10,94.21659851074219
2022-02-11,92.77861785888672
2022-02-14,92.43312072753906
2022-02-15,93.8244400024414
2022-02-16,94.31932067871094
2022-02-17,92.59186553955078
2022-02-18,91.82615661621094
2022-02-22,90.9391098022461
2022-02-23,89.26765441894531
2022-02-24,90.40685272216797
2022-02-25,92.5638427734375
2022-02-28,93.27349090576172
2022-03-01,91.8822021484375
2022-03-02,93.84309387207031
2022-03-03,93.94583129882812
2022-03-04,93.7403793334961
2022-03-07,91.22857666015625
2022-03-08,90.6683120727539
2022-03-09,92.31171417236328
2022-03-10,92.19034576416016
2022-03-11,91.45269012451172
2022-03-14,91.76081085205078
2022-03-15,93.21747589111328
2022-03-16,94.45003509521484
2022-03-17,95.66393280029297
2022-03-18,96.02809143066406
2022-03-21,96.2445297241211
2022-03-22,96.7691650390625
2022-03-23,95.8416748046875
2022-03-24,96.57242584228516
2022-03-25,97.1720199584961
2022-03-28,97.20011901855469
2022-03-29,98.09951782226562
2022-03-30,97.98709869384766
2022-03-31,96.4787368774414
2022-04-01,95.729248046875
2022-04-04,95.60746765136719
2022-04-05,94.24898529052734
2022-04-06,93.51822662353516
2022-04-07,93.83676147460938
2022-04-08,93.31211853027344
2022-04-11,93.01232147216797
2022-04-12,92.8624267578125
2022-04-13,93.73371124267578
2022-04-14,93.63064575195312
2022-04-18,93.30274200439453
2022-04-19,94.99848175048828
2022-04-20,95.51376342773438
2022-04-21,94.5394287109375
2022-04-22,92.21598052978516
2022-04-25,92.21598052978516
2022-04-26,90.20171356201172
2022-04-27,90.53900909423828
2022-04-28,91.56018829345703
2022-04-29,89.13368225097656
2022-05-02,89.321044921875
2022-05-03,89.91128540039062
2022-05-04,92.51577758789062
2022-05-05,90.0986557006836
2022-05-06,89.48970031738281
2022-05-09,87.32552337646484
2022-05-10,86.75402069091797
2022-05-11,85.9670639038086
2022-05-12,86.1263427734375
2022-05-13,87.22246551513672
2022-05-16,87.10069274902344
2022-05-17,89.07747650146484
2022-05-18,85.76094818115234
2022-05-19,84.99271392822266
2022-05-20,84.07460021972656
2022-05-23,85.4518051147461
2022-05-24,85.40494537353516
2022-05-25,85.9014892578125
2022-05-26,87.64404296875
2022-05-27,89.44287109375
2022-05-31,88.72144317626953
2022-06-01,88.17808532714844
2022-06-02,89.86443328857422
2022-06-03,89.51779174804688
2022-06-06,89.89253997802734
2022-06-07,91.1010971069336
2022-06-08,89.45223999023438
2022-06-09,87.69090270996094
2022-06-10,85.10514831542969
2022-06-13,82.5474853515625
2022-06-14,82.34138488769531
2022-06-15,83.13773345947266
2022-06-16,80.36457824707031
2022-06-17,80.15848541259766
2022-06-21,81.62077331542969
2022-06-22,81.1690902709961
2022-06-23,80.75505828857422
2022-06-24,83.57801818847656
2022-06-27,83.38040161132812
2022-06-28,82.41119384765625
2022-06-29,81.93130493164062
2022-06-30,82.18537139892578
2022-07-01,82.90050506591797
2022-07-05,81.65840148925781
2022-07-06,82.12889099121094
2022-07-07,83.09811401367188
2022-07-08,82.72171783447266
2022-07-11,82.1665267944336
2022-07-12,81.91246795654297
2022-07-13,80.91503143310547
2022-07-14,80.45394134521484
2022-07-15,81.71485900878906
2022-07-18,81.22555541992188
2022-07-19,84.123779296875
2022-07-20,84.77305603027344
2022-07-21,85.38469696044922
2022-07-22,85.11180877685547
2022-07-25,85.51642608642578
2022-07-26,85.05535888671875
2022-07-27,86.37272644042969
2022-07-28,88.17941284179688
2022-07-29,89.99551391601562
2022-08-01,90.08960723876953
2022-08-02,89.13922119140625
2022-08-03,89.97669219970703
2022-08-04,90.30603790283203
2022-08-05,90.4471664428711
2022-08-08,90.41893768310547
2022-08-09,90.08960723876953
2022-08-10,92.06566619873047
2022-08-11,92.55498504638672
2022-08-12,93.9476318359375
2022-08-15,94.17346954345703
2022-08-16,94.596923828125
2022-08-17,93.8441390991211
2022-08-18,94.22052764892578
2022-08-19,93.00662994384766
2022-08-22,91.23761749267578
2022-08-23,91.40696716308594
2022-08-24,91.70808410644531
2022-08-25,93.11015319824219
2022-08-26,89.8825912475586
2022-08-29,89.47796630859375
2022-08-30,88.18883514404297
2022-08-31,87.44544219970703
2022-09-01,87.56776428222656
2022-09-02,86.72089385986328
2022-09-06,86.86203002929688
2022-09-07,88.25469970703125
2022-09-08,88.51817321777344
2022-09-09,89.66615295410156
2022-09-12,90.20252990722656
2022-09-13,86.80557250976562
2022-09-14,86.6362075805664
2022-09-15,85.73287200927734
2022-09-16,83.94499206542969
2022-09-19,85.08429718017578
2022-09-20,84.02537536621094
2022-09-21,82.90968322753906
2022-09-22,81.66162872314453
2022-09-23,80.12996673583984
2022-09-26,79.2884750366211
2022-09-27,79.02373504638672
2022-09-28,80.763427734375
2022-09-29,79.36410522460938
2022-09-30,78.32408142089844
2022-10-03,80.68778991699219
2022-10-04,83.49588012695312
2022-10-05,83.04205322265625
2022-10-06,82.08711242675781
2022-10-07,80.51759338378906
2022-10-10,80.80123901367188
2022-10-11,80.7823486328125
2022-10-12,80.14887237548828
2022-10-13,81.91693115234375
2022-10-14,80.12049102783203
2022-10-17,81.86962890625
2022-10-18,83.84571838378906
2022-10-19,83.25003814697266
2022-10-20,81.6143798828125
2022-10-21,83.85517883300781
2022-10-24,84.97084045410156
2022-10-25,86.11487579345703
2022-10-26,86.41744232177734
2022-10-27,87.42910766601562
2022-10-28,89.46190643310547
2022-10-31,89.20661926269531
2022-11-01,89.12152099609375
2022-11-02,87.55200958251953
2022-11-03,88.46914672851562
2022-11-04,89.88737487792969
2022-11-07,90.85176086425781
2022-11-08,91.6459732055664
2022-11-09,90.36958312988281
2022-11-10,94.16096496582031
2022-11-11,94.10423278808594
2022-11-14,93.52748107910156
2022-11-15,94.17044067382812
2022-11-16,93.48967742919922
2022-11-17,93.3289566040039
2022-11-18,94.01914978027344
2022-11-21,94.32170104980469
2022-11-22,95.04974365234375
2022-11-23,95.40901947021484
2022-11-25,95.77777099609375
2022-11-28,94.03807067871094
2022-11-29,94.61479949951172
2022-11-30,96.17486572265625
2022-12-01,96.2032241821289
2022-12-02,96.75160217285156
2022-12-05,95.13482666015625
2022-12-06,94.00969696044922
2022-12-07,93.88680267333984
2022-12-08,94.4446029663086
2022-12-09,93.66934967041016
2022-12-12,95.27664947509766
2022-12-13,95.63591766357422
2022-12-14,95.456298828125
2022-12-15,93.14929962158203
2022-12-16,92.752197265625
2022-12-19,92.2638931274414
2022-12-20,92.37789916992188
2022-12-21,94.11640167236328
2022-12-22,92.9194107055664
2022-12-23,93.47039031982422
2022-12-27,93.75540161132812
2022-12-28,92.52989959716797
2022-12-29,93.6698989868164
2022-12-30,93.29940795898438
2023-01-03,93.4989013671875
2023-01-04,94.32539367675781
2023-01-05,93.30889892578125
2023-01-06,95.8644027709961
2023-01-09,95.43689727783203
2023-01-10,95.95940399169922
2023-01-11,96.88090515136719
2023-01-12,97.45089721679688
2023-01-13,97.33687591552734
2023-01-17,96.51038360595703
2023-01-18,94.69588470458984
2023-01-19,92.74839782714844
2023-01-20,94.04039001464844
2023-01-23,95.06639862060547
2023-01-24,95.69339752197266
2023-01-25,95.16139221191406
2023-01-26,95.68390655517578
2023-01-27,96.0829086303711
2023-01-30,95.14237976074219
2023-01-31,96.75739288330078
2023-02-01,97.46038818359375
2023-02-02,98.22039031982422
2023-02-03,97.70738983154297
2023-02-06,97.46990966796875
2023-02-07,97.77388763427734
2023-02-08,97.22289276123047
2023-02-09,96.3488998413086
2023-02-10,97.03289794921875
2023-02-13,97.9163818359375
2023-02-14,97.65037536621094
2023-02-15,98.25839233398438
2023-02-16,97.24188995361328
2023-02-17,97.87840270996094
2023-02-21,95.63639068603516
2023-02-22,95.39888000488281
2023-02-23,95.84539031982422
2023-02-24,95.29438781738281
2023-02-27,96.13987731933594
2023-02-28,95.92138671875
2023-03-01,96.30139923095703
2023-03-02,97.43190002441406
2023-03-03,98.48638916015625
2023-03-06,98.30589294433594
2023-03-07,97.04239654541016
2023-03-08,97.2703857421875
2023-03-09,95.83587646484375
2023-03-10,94.04989624023438
2023-03-13,93.51789855957031
2023-03-14,94.50591278076172
2023-03-15,92.17839050292969
2023-03-16,93.36589813232422
2023-03-17,91.8364028930664
2023-03-20,93.05261993408203
2023-03-21,94.1305160522461
2023-03-22,92.3276596069336
2023-03-23,92.0605697631836
2023-03-24,92.442138671875
2023-03-27,93.21478271484375
2023-03-28,93.69173431396484
2023-03-29,95.05580139160156
2023-03-30,95.25613403320312
2023-03-31,96.5152587890625
2023-04-03,96.68695831298828
2023-04-04,94.5216293334961
2023-04-05,93.29109954833984
2023-04-06,93.26246643066406
2023-04-10,94.11144256591797
2023-04-11,94.67423248291016
2023-04-12,94.9890365600586
2023-04-13,95.34196472167969
2023-04-14,95.22750091552734
2023-04-17,95.9810791015625
2023-04-18,96.43895721435547
2023-04-19,96.36264038085938
2023-04-20,96.19092559814453
2023-04-21,95.97154235839844
2023-04-24,96.20047760009766
2023-04-25,94.42622375488281
2023-04-26,92.64244079589844
2023-04-27,94.47392272949219
2023-04-28,95.38966369628906
2023-05-01,95.9047622680664
2023-05-02,94.90318298339844
2023-05-03,94.54070281982422
2023-05-04,93.51049041748047
2023-05-05,94.92225646972656
2023-05-08,94.578857421875
2023-05-09,94.7887191772461
2023-05-10,94.44530487060547
2023-05-11,93.87298583984375
2023-05-12,93.93974304199219
2023-05-15,94.39761352539062
2023-05-16,93.11940002441406
2023-05-17,94.72193145751953
2023-05-18,95.40873718261719
2023-05-19,95.1798095703125
2023-05-22,95.16073608398438
2023-05-23,94.01605987548828
2023-05-24,92.8045883178711
2023-05-25,93.10984802246094
2023-05-26,93.80619812011719
2023-05-30,93.66309356689453
2023-05-31,92.38489532470703
2023-06-01,93.56770324707031
2023-06-02,96.28633880615234
2023-06-05,95.61860656738281
2023-06-06,96.21955871582031
2023-06-07,97.76487731933594
2023-06-08,97.93656158447266
2023-06-09,97.67903137207031
2023-06-12,98.37535858154297
2023-06-13,99.5200424194336
2023-06-14,99.2529525756836
2023-06-15,100.75057220458984
2023-06-16,100.5884017944336
2023-06-20,99.84138488769531
2023-06-21,100.39686584472656
2023-06-22,99.66898345947266
2023-06-23,98.91239929199219
2023-06-26,99.73603820800781
2023-06-27,100.93317413330078
2023-06-28,100.93317413330078
2023-06-29,101.9100341796875
2023-06-30,102.78156280517578
2023-07-03,102.80070495605469
2023-07-05,102.2452392578125
2023-07-06,101.47904968261719
2023-07-07,101.70890045166016
2023-07-10,103.15505981445312
2023-07-11,104.3713607788086
2023-07-12,104.18939208984375
2023-07-13,104.32347106933594
2023-07-14,104.01701354980469
2023-07-17,104.40966033935547
2023-07-18,104.99386596679688
2023-07-19,104.94599151611328
2023-07-20,105.41526794433594
2023-07-21,104.9172592163086
2023-07-24,105.15669250488281
2023-07-25,105.02259826660156
2023-07-26,105.76004028320312
2023-07-27,104.85022735595703
2023-07-28,105.50145721435547
2023-07-31,105.75045776367188
2023-08-01,106.06651306152344
2023-08-02,104.95555877685547
2023-08-03,104.29475402832031
2023-08-04,103.66265106201172
2023-08-07,104.93640899658203
2023-08-08,104.4575424194336
2023-08-09,104.40008544921875
2023-08-10,104.1127700805664
2023-08-11,104.28516387939453
2023-08-14,104.32347106933594
2023-08-15,102.99225616455078
2023-08-16,102.41763305664062
2023-08-17,101.5556869506836
2023-08-18,101.74723815917969
2023-08-21,101.62271118164062
2023-08-22,101.38330078125
2023-08-23,102.42720031738281
2023-08-24,101.18218994140625
2023-08-25,102.0345458984375
2023-08-28,102.86775207519531
2023-08-29,103.653076171875
2023-08-30,104.12236022949219
2023-08-31,103.653076171875
2023-09-01,104.19896697998047
2023-09-05,102.44635009765625
2023-09-06,102.00582122802734
2023-09-07,101.67062377929688
2023-09-08,101.16301727294922
2023-09-11,101.1917724609375
2023-09-12,100.82782745361328
2023-09-13,100.15743255615234
2023-09-14,101.14386749267578
2023-09-15,100.55967712402344
2023-09-18,100.67121887207031
2023-09-19,100.24810791015625
2023-09-20,99.85385131835938
2023-09-21,98.21910095214844
2023-09-22,97.88253784179688
2023-09-25,98.37297821044922
2023-09-26,96.87284851074219
2023-09-27,97.59405517578125
2023-09-28,98.00756072998047
2023-09-29,97.48828125
2023-10-02,96.53628540039062
2023-10-03,95.86316680908203
2023-10-04,96.17086029052734
2023-10-05,95.603515625
2023-10-06,96.91130828857422
2023-10-09,98.4306640625
2023-10-10,99.02686309814453
2023-10-11,99.62305450439453
2023-10-12,98.71915435791016
2023-10-13,97.84407806396484
2023-10-16,98.88262176513672
2023-10-17,99.1903305053711
2023-10-18,96.79591369628906
2023-10-19,95.90162658691406
2023-10-20,94.9111557006836
2023-10-23,94.46880340576172
2023-10-24,95.180419921875
2023-10-25,93.95914459228516
2023-10-26,93.56491088867188
2023-10-27,92.73792266845703
2023-10-30,93.89185333251953
2023-10-31,94.58419799804688
2023-11-01,94.89192199707031
2023-11-02,96.84400177001953
2023-11-03,97.6998291015625
2023-11-06,97.44020080566406
2023-11-07,97.1998062133789
2023-11-08,97.42096710205078
2023-11-09,97.20941162109375
2023-11-10,98.61337280273438
2023-11-13,98.69992065429688
2023-11-14,100.68081665039062
2023-11-15,100.89238739013672
2023-11-16,100.91162109375
2023-11-17,101.55590057373047
2023-11-20,101.86361694335938
2023-11-21,101.78669738769531
2023-11-22,102.00786590576172
2023-11-24,102.25787353515625
2023-11-27,101.68091583251953
2023-11-28,101.44050598144531
2023-11-29,101.82516479492188
2023-11-30,102.94062805175781
2023-12-01,104.56575012207031
2023-12-04,104.73883819580078
2023-12-05,103.89263153076172
2023-12-06,104.35420227050781
2023-12-07,104.45035552978516
2023-12-08,104.77729797363281
2023-12-11,105.77737426757812
2023-12-12,106.2581787109375
2023-12-13,107.44097137451172
2023-12-14,108.82568359375
2023-12-15,108.68144226074219
2023-12-18,108.67662048339844
2023-12-19,109.51779174804688
2023-12-20,107.74842071533203
2023-12-21,108.86031341552734
2023-12-22,109.38243103027344
2023-12-26,110.15592956542969
2023-12-27,110.32029724121094
2023-12-28,110.34929656982422
2023-12-29,110.21394348144531
2024-01-02,109.1020278930664
2024-01-03,107.47769165039062
2024-01-04,107.6130599975586
2024-01-05,107.73873901367188
2024-01-08,108.444580078125
2024-01-09,108.10614776611328
2024-01-10,108.65726470947266
2024-01-11,108.40589141845703
2024-01-12,108.39622497558594
2024-01-16,107.30365753173828
2024-01-17,106.5784912109375
2024-01-18,108.01914978027344
2024-01-19,108.7249526977539
2024-01-22,109.5661392211914
2024-01-23,109.4791259765625
2024-01-24,108.80231475830078
2024-01-25,109.84652709960938
2024-01-26,109.67249298095703
2024-01-29,110.38796997070312
2024-01-30,110.4266586303711
2024-01-31,109.15038299560547
2024-02-01,111.00677490234375
2024-02-02,111.75126647949219
2024-02-05,111.14213562011719
2024-02-06,112.13802337646484
2024-02-07,112.88250732421875
2024-02-08,112.90185546875
2024-02-09,113.07588195800781
2024-02-12,113.24026489257812
2024-02-13,112.08000183105469
2024-02-14,113.95573425292969
2024-02-15,114.80658721923828
2024-02-16,114.12010955810547
2024-02-20,113.76236724853516
2024-02-21,114.216796875
2024-02-22,115.62843322753906
2024-02-23,116.23756408691406
2024-02-26,116.06352233886719
2024-02-27,116.23756408691406
2024-02-28,116.63396453857422
2024-02-29,116.9917221069336
2024-03-01,117.4945068359375
2024-03-04,117.919921875
2024-03-05,116.95304107666016
2024-03-06,117.56217193603516
2024-03-07,118.50972747802734
2024-03-08,118.24866485595703
2024-03-11,117.6395263671875
2024-03-12,118.1616439819336
2024-03-13,118.480712890625
2024-03-14,117.97793579101562
2024-03-15,117.99726867675781
2024-03-18,118.20677185058594
2024-03-19,119.2251205444336
2024-03-20,120.66050720214844
2024-03-21,121.85344696044922
2024-03-22,121.4364013671875
2024-03-25,120.65082550048828
2024-03-26,120.2143783569336
2024-03-27,122.1444091796875
2024-03-28,122.16381072998047
2024-04-01,121.22305297851562
2024-04-02,120.66050720214844
2024-04-03,121.2812271118164
2024-04-04,120.2143783569336
2024-04-05,121.88253784179688
2024-04-08,121.6691665649414
2024-04-09,121.3879165649414
2024-04-10,120.35015106201172
2024-04-11,120.48594665527344
2024-04-12,119.19602966308594
2024-04-15,118.34254455566406
2024-04-16,118.07097625732422
2024-04-17,117.45996856689453
2024-04-18,117.0526351928711
2024-04-19,116.83927154541016
2024-04-22,117.72183227539062
2024-04-23,119.36089324951172
2024-04-24,118.41043090820312
2024-04-25,118.769287109375
2024-04-26,118.96327209472656
2024-04-29,119.758544921875
2024-04-30,117.85762023925781
2024-05-01,117.566650390625
2024-05-02,118.24556732177734
2024-05-03,119.0699462890625
2024-05-06,120.27256774902344
2024-05-07,120.60233306884766
2024-05-08,120.60233306884766
2024-05-09,121.80493927001953
2024-05-10,121.89224243164062
2024-05-13,121.37820434570312
2024-05-14,121.34912109375
2024-05-15,122.1444091796875
2024-05-16,121.4170150756836
2024-05-17,121.55280303955078
2024-05-20,121.7855453491211
2024-05-21,121.3879165649414
2024-05-22,121.53338623046875
2024-05-23,120.09801483154297
2024-05-24,120.70901489257812
2024-05-28,119.23482513427734
2024-05-29,117.54725646972656
2024-05-30,118.35224914550781
2024-05-31,119.78765106201172
2024-06-03,118.3231430053711
2024-06-04,118.03218841552734
2024-06-05,119.2251205444336
2024-06-06,118.51712036132812
2024-06-07,118.64320373535156
2024-06-10,119.01174926757812
2024-06-11,118.33283996582031
2024-06-12,119.4578857421875
2024-06-13,118.69169616699219
2024-06-14,117.49877166748047
2024-06-17,118.79838562011719
2024-06-18,119.43848419189453
2024-06-20,119.5160903930664
2024-06-21,119.26390838623047
2024-06-24,119.77093505859375
2024-06-25,118.74909210205078
2024-06-26,118.42793273925781
2024-06-27,118.5544662475586
2024-06-28,118.6031265258789
2024-07-01,117.32823944091797
2024-07-02,117.97052764892578
2024-07-03,118.39874267578125
2024-07-05,117.97052764892578
2024-07-08,118.11652374267578
2024-07-09,117.60071563720703
2024-07-10,118.65177917480469
2024-07-11,120.16023254394531
2024-07-12,120.85118865966797
2024-07-15,121.71733856201172
2024-07-16,124.75370025634766
2024-07-17,123.15766143798828
2024-07-18,122.19420623779297
2024-07-19,121.52268981933594
2024-07-22,122.75865173339844
2024-07-23,122.52509307861328
2024-07-24,119.88773345947266
2024-07-25,120.85118865966797
2024-07-26,122.91437530517578
2024-07-29,122.70026397705078
2024-07-30,123.0603256225586
2024-07-31,124.43255615234375
2024-08-01,122.12606811523438
2024-08-02,119.44005584716797
2024-08-05,117.36715698242188
2024-08-06,118.7782974243164
2024-08-07,118.2041015625
2024-08-08,120.92904663085938
2024-08-09,120.94850158691406
2024-08-12,120.33540344238281
2024-08-13,121.60054779052734
2024-08-14,122.09687805175781
2024-08-15,123.7415771484375
2024-08-16,123.56639862060547
2024-08-19,124.31576538085938
2024-08-20,123.97513580322266
2024-08-21,124.72450256347656
2024-08-22,124.56879425048828
2024-08-23,125.81446838378906
2024-08-26,125.67823791503906
2024-08-27,125.75609588623047
2024-08-28,125.69770050048828
2024-08-29,126.58329010009766
2024-08-30,127.93605041503906
2024-09-03,125.10404968261719
2024-09-04,125.23056030273438
2024-09-05,123.77075958251953
2024-09-06,122.51535034179688
2024-09-09,124.39361572265625
2024-09-10,124.60771942138672
2024-09-11,124.8315658569336
2024-09-12,125.79500579833984
2024-09-13,127.06990051269531
2024-09-16,127.72193908691406
2024-09-17,128.42263793945312
2024-09-18,128.31561279296875
2024-09-19,130.5247344970703
2024-09-20,129.60992431640625
2024-09-23,130.4798583984375
2024-09-24,131.41717529296875
2024-09-25,130.80206298828125
2024-09-26,131.4562225341797
2024-09-27,131.6417236328125
2024-09-30,132.23731994628906
2024-10-01,132.3056182861328
2024-10-02,132.06153869628906
2024-10-03,131.3878631591797
2024-10-04,132.3056182861328
2024-10-07,131.98342895507812
2024-10-08,132.27635192871094
2024-10-09,133.45773315429688
2024-10-10,132.77430725097656
2024-10-11,135.14682006835938
2024-10-14,135.95721435546875
2024-10-15,134.91250610351562
2024-10-16,135.95721435546875
2024-10-17,135.56668090820312
2024-10-18,135.97674560546875
2024-10-21,135.49832153320312
2024-10-22,133.85804748535156
2024-10-23,133.46751403808594
2024-10-24,132.54971313476562
2024-10-25,132.19825744628906
2024-10-28,132.58877563476562
2024-10-29,132.4130401611328
2024-10-30,132.18849182128906
2024-10-31,130.66539001464844
2024-11-01,130.84112548828125
2024-11-04,130.69467163085938
2024-11-05,132.88169860839844
2024-11-06,138.08567810058594
2024-11-07,137.25576782226562
2024-11-08,138.73004150390625
2024-11-11,139.80404663085938
2024-11-12,138.6031494140625
2024-11-13,138.89602661132812
2024-11-14,136.5527801513672
2024-11-15,135.82052612304688
2024-11-18,135.63499450683594
2024-11-19,135.5178680419922
2024-11-20,135.664306640625
2024-11-21,137.3631591796875
2024-11-22,139.27682495117188
2024-11-25,140.145751953125
2024-11-26,140.31175231933594
2024-11-27,139.79428100585938
2024-11-29,140.58514404296875
2024-12-02,139.5501708984375
2024-12-03,138.6714630126953
2024-12-04,139.27682495117188
2024-12-05,137.58770751953125
2024-12-06,137.23622131347656
2024-12-09,136.0450897216797
2024-12-10,135.71311950683594
2024-12-11,135.4006805419922
2024-12-12,134.53172302246094
2024-12-13,134.1802520751953
2024-12-16,134.29739379882812
2024-12-17,133.0671844482422
2024-12-18,129.30825805664062
2024-12-19,129.1422882080078
2024-12-20,130.6555938720703
2024-12-23,130.62615966796875
2024-12-24,131.6466827392578
2024-12-26,131.7448272705078
2024-12-27,130.7635498046875
2024-12-30,129.44863891601562
2024-12-31,129.29165649414062
2025-01-02,128.84027099609375
2025-01-03,130.23365783691406
2025-01-06,129.9490966796875
2025-01-07,129.821533203125
2025-01-08,130.33181762695312
2025-01-10,128.8697052001953
2025-01-13,130.380859375
2025-01-14,131.9214324951172
2025-01-15,132.75552368164062
2025-01-16,134.3647918701172
2025-01-17,135.16943359375
2025-01-21,137.9464111328125
2025-01-22,137.6226043701172
2025-01-23,139.0159912109375
2025-01-24,138.42723083496094
2025-01-27,136.5726318359375
2025-01-28,135.6698760986328
2025-01-29,135.20867919921875
2025-01-30,136.71986389160156
2025-01-31,135.75819396972656
2025-02-03,134.4138641357422
2025-02-04,134.45310974121094
2025-02-05,134.5512237548828
2025-02-06,135.15963745117188
2025-02-07,134.75730895996094
2025-02-10,135.96426391601562
2025-02-11,136.01333618164062
2025-02-12,135.16943359375
2025-02-13,135.30682373046875
2025-02-14,134.9731903076172
2025-02-18,136.03294372558594
2025-02-19,136.1703338623047
2025-02-20,135.27737426757812
2025-02-21,132.31396484375
2025-02-24,131.7153778076172
2025-02-25,132.3924560546875
2025-02-26,132.470947265625
2025-02-27,132.009765625
2025-02-28,133.7760467529297
2025-03-03,131.8723907470703
2025-03-04,129.3014678955078
2025-03-05,131.34251403808594
2025-03-06,130.21405029296875
2025-03-07,131.73500061035156
2025-03-10,129.67433166503906
2025-03-11,127.68235778808594
2025-03-12,127.67256164550781
2025-03-13,126.36746978759766
2025-03-14,128.67347717285156
2025-03-17,130.4495391845703
2025-03-18,129.40939331054688
2025-03-19,131.12664794921875
2025-03-20,130.4691619873047
2025-03-21,129.7724609375
2025-03-24,132.1790313720703
2025-03-25,132.37588500976562
2025-03-26,131.49989318847656
2025-03-27,130.80104064941406
2025-03-28,128.10411071777344
2025-03-31,129.00965881347656
2025-04-01,129.73802185058594
2025-04-02,130.95852661132812
2025-04-03,123.8717041015625
2025-04-04,116.0860595703125
2025-04-07,115.54469299316406
2025-04-08,114.5899429321289
2025-04-09,124.76740264892578
2025-04-10,121.54879760742188
2025-04-11,123.69454193115234
2025-04-14,124.98394775390625
2025-04-15,124.36384582519531
2025-04-16,122.66104125976562
2025-04-17,123.33036041259766
2025-04-21,120.56452178955078
2025-04-22,122.67088317871094
2025-04-23,124.20636749267578
2025-04-24,126.99188995361328
2025-04-25,126.98202514648438
2025-04-28,127.4052734375
2025-04-29,128.23207092285156
2025-04-30,129.1573028564453
2025-05-01,130.1317138671875
2025-05-02,132.46449279785156
2025-05-05,132.53335571289062
2025-05-06,131.3719024658203
2025-05-07,132.0412139892578
2025-05-08,133.8621368408203
2025-05-09,133.97044372558594
2025-05-12,138.09458923339844
2025-05-13,139.0591583251953
2025-05-14,138.38986206054688
2025-05-15,139.92532348632812
2025-05-16,141.5198516845703
2025-05-19,142.00213623046875
2025-05-20,141.49034118652344
2025-05-21,139.09852600097656
2025-05-22,139.06900024414062
2025-05-23,138.61622619628906
2025-05-27,141.05723571777344
2025-05-28,140.35841369628906
2025-05-29,140.48635864257812
2025-05-30,140.574951171875
2025-06-02,140.3977813720703
2025-06-03,141.48048400878906
2025-06-04,141.55923461914062
2025-06-05,141.46080017089844
2025-06-06,142.65176391601562
2025-06-09,142.52381896972656
2025-06-10,141.9037322998047
2025-06-11,141.97262573242188
2025-06-12,141.59860229492188
2025-06-13,140.40762329101562
2025-06-16,141.37222290039062
2025-06-17,140.30918884277344
2025-06-18,139.97454833984375
2025-06-20,140.13201904296875
2025-06-23,142.02955627441406
2025-06-24,143.2143096923828
2025-06-25,141.95059204101562
2025-06-26,143.49072265625
2025-06-27,144.9222869873047
2025-06-30,145.6429901123047
2025-07-01,146.12677001953125
2025-07-02,146.27487182617188
2025-07-03,147.51882934570312
2025-07-07,147.00543212890625
2025-07-08,146.96595764160156
2025-07-09,147.99270629882812
2025-07-10,148.82203674316406
2025-07-11,148.28890991210938
2025-07-14,149.08860778808594
2025-07-15,147.9729766845703
2025-07-16,148.49623107910156
2025-07-17,149.86854553222656
2025-07-18,149.5328826904297
2025-07-21,148.7430419921875
2025-07-22,149.09848022460938
2025-07-23,151.7739715576172
2025-07-24,151.5172882080078
2025-07-25,153.01795959472656
2025-07-28,152.54405212402344
2025-07-29,150.80645751953125
2025-07-30,150.0659942626953
2025-07-31,150.07586669921875
2025-08-01,147.83474731445312
2025-08-04,149.1971893310547
2025-08-05,148.89114379882812
2025-08-06,149.00961303710938
2025-08-07,148.79241943359375
2025-08-08,148.910888671875
2025-08-11,148.42710876464844
2025-08-12,149.96726989746094
2025-08-13,150.53988647460938
2025-08-14,149.2070770263672
2025-08-15,148.5258331298828
2025-08-18,149.10833740234375
2025-08-19,149.43414306640625
2025-08-20,149.29591369628906
2025-08-21,148.76280212402344
2025-08-22,151.1914825439453
2025-08-25,149.68096923828125
2025-08-26,151.22113037109375
2025-08-27,151.20135498046875
2025-08-28,151.4679412841797
2025-08-29,150.07586669921875
2025-09-02,148.64430236816406
2025-09-03,147.89398193359375
2025-09-04,149.56248474121094
2025-09-05,149.00961303710938
2025-09-08,149.3452911376953
2025-09-09,148.33827209472656
2025-09-10,149.43414306640625
2025-09-11,150.85581970214844
2025-09-12,149.65135192871094
2025-09-15,150.34243774414062
2025-09-16,149.8981475830078
2025-09-17,149.21694946289062
2025-09-18,150.80645751953125
2025-09-19,151.1717529296875
2025-09-22,151.67735290527344
2025-09-23,151.71697998046875
2025-09-24,150.93382263183594
2025-09-25,149.91273498535156
2025-09-26,151.26097106933594
2025-09-29,151.72691345214844
2025-09-30,152.89669799804688
2025-10-01,152.47044372558594
2025-10-02,152.86697387695312
2025-10-03,153.0751495361328
2025-10-06,153.78892517089844
2025-10-07,152.9165496826172
2025-10-08,154.2449493408203
2025-10-09,151.96482849121094
2025-10-10,148.60414123535156
2025-10-13,150.15066528320312
2025-10-14,151.91526794433594
2025-10-15,151.2808074951172
2025-10-16,150.28944396972656
2025-10-17,150.41831970214844
2025-10-20,152.19285583496094
2025-10-21,153.54110717773438
2025-10-22,151.54847717285156
2025-10-23,153.44195556640625
2025-10-24,153.57083129882812
2025-10-27,154.44322204589844
2025-10-28,153.3428192138672
2025-10-29,153.73934936523438
2025-10-30,153.3527374267578
2025-10-31,153.71954345703125
2025-11-03,153.06521606445312
2025-11-04,151.29071044921875
2025-11-05,151.8756103515625
2025-11-06,151.27088928222656
2025-11-07,152.00450134277344
2025-11-10,152.86697387695312
2025-11-11,152.9066162109375
2025-11-12,153.05532836914062
2025-11-13,150.68597412109375
2025-11-14,150.69590759277344
2025-11-17,149.21878051757812
2025-11-18,148.55458068847656
2025-11-19,149.05026245117188
2025-11-20,146.5520477294922
2025-11-21,148.3364715576172
2025-11-24,148.70327758789062
2025-11-25,150.60667419433594
2025-11-26,151.47906494140625
2025-11-28,152.3613739013672
2025-12-01,150.13084411621094
2025-12-02,151.4394073486328
2025-12-03,152.87689208984375
2025-12-04,153.6699676513672
2025-12-05,153.24368286132812
2025-12-08,153.05532836914062
2025-12-09,151.93507385253906
2025-12-10,154.71087646484375
2025-12-11,156.366455078125
2025-12-12,155.385009765625
2025-12-15,155.63284301757812
2025-12-16,154.71087646484375
2025-12-17,152.2027587890625
2025-12-18,153.19410705566406
2025-12-19,154.5126190185547
2025-12-22,156.22557067871094
2025-12-23,156.1658935546875
2025-12-24,156.6732177734375
2025-12-26,156.38475036621094
2025-12-29,156.0465087890625
2025-12-30,155.59889221191406
2025-12-31,154.3057098388672
