Date,XLK
2015-01-02,18.0627384185791
2015-01-05,17.78699493408203
2015-01-06,17.57254409790039
2015-01-07,17.72134780883789
2015-01-08,18.11087989807129
2015-01-09,18.053991317749023
2015-01-12,17.843900680541992
2015-01-13,17.83077621459961
2015-01-14,17.730106353759766
2015-01-15,17.50251579284668
2015-01-16,17.67321014404297
2015-01-20,17.822019577026367
2015-01-21,17.852659225463867
2015-01-22,18.145902633666992
2015-01-23,18.14151382446289
2015-01-26,18.06711196899414
2015-01-27,17.54628562927246
2015-01-28,17.515644073486328
2015-01-29,17.681957244873047
2015-01-30,17.4631290435791
2015-02-02,17.6425724029541
2015-02-03,17.843900680541992
2015-02-04,17.878917694091797
2015-02-05,18.045228958129883
2015-02-06,17.98833656311035
2015-02-09,17.962072372436523
2015-02-10,18.229053497314453
2015-02-11,18.29907989501953
2015-02-12,18.548551559448242
2015-02-13,18.66672706604004
2015-02-17,18.67548370361328
2015-02-18,18.69298553466797
2015-02-19,18.758638381958008
2015-02-20,18.85492706298828
2015-02-23,18.86804962158203
2015-02-24,18.92495346069336
2015-02-25,18.806781768798828
2015-02-26,18.92495346069336
2015-02-27,18.859296798706055
2015-03-02,19.008108139038086
2015-03-03,18.881187438964844
2015-03-04,18.806781768798828
2015-03-05,18.78489112854004
2015-03-06,18.55293083190918
2015-03-09,18.64046287536621
2015-03-10,18.259689331054688
2015-03-11,18.14151382446289
2015-03-12,18.259689331054688
2015-03-13,18.159029006958008
2015-03-16,18.373489379882812
2015-03-17,18.377866744995117
2015-03-18,18.62734031677246
2015-03-19,18.574810028076172
2015-03-20,18.694791793823242
2015-03-23,18.694791793823242
2015-03-24,18.63326644897461
2015-03-25,18.154245376586914
2015-03-26,18.16743278503418
2015-03-27,18.18061065673828
2015-03-30,18.400344848632812
2015-03-31,18.21137809753418
2015-04-01,18.185007095336914
2015-04-02,18.18061065673828
2015-04-06,18.35640525817871
2015-04-07,18.31684684753418
2015-04-08,18.373977661132812
2015-04-09,18.42232322692871
2015-04-10,18.492631912231445
2015-04-13,18.439899444580078
2015-04-14,18.382768630981445
2015-04-15,18.54537010192871
2015-04-16,18.479450225830078
2015-04-17,18.22455596923828
2015-04-20,18.536584854125977
2015-04-21,18.527788162231445
2015-04-22,18.716760635375977
2015-04-23,18.791465759277344
2015-04-24,18.95407485961914
2015-04-27,19.006805419921875
2015-04-28,19.06833267211914
2015-04-29,18.976045608520508
2015-04-30,18.712366104125977
2015-05-01,18.94088363647461
2015-05-04,18.958467483520508
2015-05-05,18.664024353027344
2015-05-06,18.505823135375977
2015-05-07,18.642053604125977
2015-05-08,18.91012954711914
2015-05-11,18.813447952270508
2015-05-12,18.712366104125977
2015-05-13,18.791465759277344
2015-05-14,19.09469985961914
2015-05-15,19.033174514770508
2015-05-18,19.12545394897461
2015-05-19,19.077117919921875
2015-05-20,19.09030532836914
2015-05-21,19.173805236816406
2015-05-22,19.160615921020508
2015-05-26,18.883766174316406
2015-05-27,19.23971939086914
2015-05-28,19.200170516967773
2015-05-29,19.059547424316406
2015-06-01,19.11227798461914
2015-06-02,19.07272720336914
2015-06-03,19.11227798461914
2015-06-04,18.936487197875977
2015-06-05,18.874975204467773
2015-06-08,18.664024353027344
2015-06-09,18.620080947875977
2015-06-10,18.91012954711914
2015-06-11,18.918914794921875
2015-06-12,18.751922607421875
2015-06-15,18.63765525817871
2015-06-16,18.760717391967773
2015-06-17,18.769493103027344
2015-06-18,18.936487197875977
2015-06-19,18.77889060974121
2015-06-22,18.93340301513672
2015-06-23,18.946643829345703
2015-06-24,18.858356475830078
2015-06-25,18.814210891723633
2015-06-26,18.65529441833496
2015-06-29,18.257997512817383
2015-06-30,18.27565574645996
2015-07-01,18.399261474609375
2015-07-02,18.42574119567871
2015-07-06,18.3507022857666
2015-07-07,18.37718963623047
2015-07-08,18.077001571655273
2015-07-09,18.00638198852539
2015-07-10,18.293315887451172
2015-07-13,18.57141876220703
2015-07-14,18.642053604125977
2015-07-15,18.64646339416504
2015-07-16,18.88484764099121
2015-07-17,19.176193237304688
2015-07-20,19.277721405029297
2015-07-21,19.149709701538086
2015-07-22,18.8406982421875
2015-07-23,18.80097198486328
2015-07-24,18.69944190979004
2015-07-27,18.53169059753418
2015-07-28,18.69944190979004
2015-07-29,18.823043823242188
2015-07-30,18.858356475830078
2015-07-31,18.796560287475586
2015-08-03,18.695022583007812
2015-08-04,18.58466339111328
2015-08-05,18.765657424926758
2015-08-06,18.58024787902832
2015-08-07,18.593488693237305
2015-08-10,18.88484764099121
2015-08-11,18.602317810058594
2015-08-12,18.68619728088379
2015-08-13,18.633220672607422
2015-08-14,18.725923538208008
2015-08-17,18.831872940063477
2015-08-18,18.734752655029297
2015-08-19,18.611154556274414
2015-08-20,18.156469345092773
2015-08-21,17.463401794433594
2015-08-24,16.77475929260254
2015-08-25,16.642318725585938
2015-08-26,17.481061935424805
2015-08-27,17.887184143066406
2015-08-28,17.922500610351562
2015-08-31,17.759172439575195
2015-09-01,17.189708709716797
2015-09-02,17.604663848876953
2015-09-03,17.617904663085938
2015-09-04,17.3486328125
2015-09-08,17.834211349487305
2015-09-09,17.600250244140625
2015-09-10,17.776832580566406
2015-09-11,17.860702514648438
2015-09-14,17.816556930541992
2015-09-15,18.046112060546875
2015-09-16,18.121131896972656
2015-09-17,17.997543334960938
2015-09-18,17.763858795166016
2015-09-21,17.94122886657715
2015-09-22,17.639692306518555
2015-09-23,17.684043884277344
2015-09-24,17.684043884277344
2015-09-25,17.65300178527832
2015-09-28,17.249488830566406
2015-09-29,17.174089431762695
2015-09-30,17.51553726196289
2015-10-01,17.524404525756836
2015-10-02,17.77273178100586
2015-10-05,18.12303924560547
2015-10-06,18.14520263671875
2015-10-07,18.22946548461914
2015-10-08,18.3137149810791
2015-10-09,18.39353370666504
2015-10-12,18.415706634521484
2015-10-13,18.375795364379883
2015-10-14,18.3403263092041
2015-10-15,18.57533836364746
2015-10-16,18.610811233520508
2015-10-19,18.681758880615234
2015-10-20,18.632980346679688
2015-10-21,18.491085052490234
2015-10-22,18.90791130065918
2015-10-23,19.435596466064453
2015-10-26,19.36020851135254
2015-10-27,19.24935531616211
2015-10-28,19.537582397460938
2015-10-29,19.484371185302734
2015-10-30,19.355777740478516
2015-11-02,19.528715133666992
2015-11-03,19.630708694458008
2015-11-04,19.652877807617188
2015-11-05,19.595224380493164
2015-11-06,19.661745071411133
2015-11-09,19.471067428588867
2015-11-10,19.342470169067383
2015-11-11,19.33359718322754
2015-11-12,19.165103912353516
2015-11-13,18.78818702697754
2015-11-16,19.07642364501953
2015-11-17,19.08084487915039
2015-11-18,19.36908531188965
2015-11-19,19.457767486572266
2015-11-20,19.59967041015625
2015-11-23,19.484371185302734
2015-11-24,19.488811492919922
2015-11-25,19.426725387573242
2015-11-27,19.471067428588867
2015-11-30,19.493242263793945
2015-12-01,19.66618537902832
2015-12-02,19.542020797729492
2015-12-03,19.289260864257812
2015-12-04,19.763734817504883
2015-12-07,19.66618537902832
2015-12-08,19.617399215698242
2015-12-09,19.329174041748047
2015-12-10,19.382383346557617
2015-12-11,18.97886085510254
2015-12-14,19.125200271606445
2015-12-15,19.209447860717773
2015-12-16,19.471067428588867
2015-12-17,19.165103912353516
2015-12-18,18.79341697692871
2015-12-21,18.985050201416016
2015-12-22,19.12320327758789
2015-12-23,19.283649444580078
2015-12-24,19.274734497070312
2015-12-28,19.261369705200195
2015-12-29,19.524309158325195
2015-12-30,19.35940933227539
2015-12-31,19.087553024291992
2016-01-04,18.837993621826172
2016-01-05,18.78896141052246
2016-01-06,18.557228088378906
2016-01-07,18.00905990600586
2016-01-08,17.866456985473633
2016-01-11,17.98232650756836
2016-01-12,18.19624137878418
2016-01-13,17.70601463317871
2016-01-14,18.04026222229004
2016-01-15,17.532207489013672
2016-01-19,17.550037384033203
2016-01-20,17.41187286376953
2016-01-21,17.50992774963379
2016-01-22,17.995691299438477
2016-01-25,17.786235809326172
2016-01-26,17.96004867553711
2016-01-27,17.590152740478516
2016-01-28,17.81743049621582
2016-01-29,18.37896728515625
2016-02-01,18.445804595947266
2016-02-02,18.11602210998535
2016-02-03,18.09373664855957
2016-02-04,18.111560821533203
2016-02-05,17.603511810302734
2016-02-08,17.349491119384766
2016-02-09,17.26926612854004
2016-02-10,17.296016693115234
2016-02-11,17.26035499572754
2016-02-12,17.50101661682129
2016-02-16,17.812973022460938
2016-02-17,18.178417205810547
2016-02-18,18.10710906982422
2016-02-19,18.120479583740234
2016-02-22,18.36113166809082
2016-02-23,18.071460723876953
2016-02-24,18.209611892700195
2016-02-25,18.4368953704834
2016-02-26,18.38786506652832
2016-02-29,18.25862693786621
2016-03-01,18.80234146118164
2016-03-02,18.855812072753906
2016-03-03,18.855812072753906
2016-03-04,18.904834747314453
2016-03-07,18.78896141052246
2016-03-08,18.6731014251709
2016-03-09,18.833538055419922
2016-03-10,18.815706253051758
2016-03-11,19.10538673400879
2016-03-14,19.127660751342773
2016-03-15,19.198970794677734
2016-03-16,19.421798706054688
2016-03-17,19.493106842041016
2016-03-18,19.524456024169922
2016-03-21,19.591650009155273
2016-03-22,19.596118927001953
2016-03-23,19.48415184020996
2016-03-24,19.537900924682617
2016-03-28,19.488632202148438
2016-03-29,19.79320526123047
2016-03-30,19.909671783447266
2016-03-31,19.869348526000977
2016-04-01,20.021648406982422
2016-04-04,19.94550132751465
2016-04-05,19.75288963317871
2016-04-06,19.94550132751465
2016-04-07,19.658838272094727
2016-04-08,19.658838272094727
2016-04-11,19.605085372924805
2016-04-12,19.73945426940918
2016-04-13,19.941015243530273
2016-04-14,19.93653678894043
2016-04-15,19.860387802124023
2016-04-18,19.94550132751465
2016-04-19,19.833520889282227
2016-04-20,19.87383270263672
2016-04-21,19.802167892456055
2016-04-22,19.457275390625
2016-04-25,19.461755752563477
2016-04-26,19.36768913269043
2016-04-27,19.278112411499023
2016-04-28,19.036237716674805
2016-04-29,18.870513916015625
2016-05-02,19.009361267089844
2016-05-03,18.834674835205078
2016-05-04,18.776451110839844
2016-05-05,18.785411834716797
2016-05-06,18.92426300048828
2016-05-09,18.92426300048828
2016-05-10,19.170612335205078
2016-05-11,19.031755447387695
2016-05-12,18.978004455566406
2016-05-13,18.906339645385742
2016-05-16,19.170612335205078
2016-05-17,18.978004455566406
2016-05-18,19.013839721679688
2016-05-19,18.910823822021484
2016-05-20,19.13926124572754
2016-05-23,19.103425979614258
2016-05-24,19.461755752563477
2016-05-25,19.596118927001953
2016-05-26,19.658838272094727
2016-05-27,19.75288963317871
2016-05-31,19.79320526123047
2016-06-01,19.743938446044922
2016-06-02,19.72602653503418
2016-06-03,19.681228637695312
2016-06-06,19.717065811157227
2016-06-07,19.797685623168945
2016-06-08,19.83799934387207
2016-06-09,19.842483520507812
2016-06-10,19.690187454223633
2016-06-13,19.470714569091797
2016-06-14,19.5154972076416
2016-06-15,19.46623420715332
2016-06-16,19.50654411315918
2016-06-17,19.376466751098633
2016-06-20,19.457483291625977
2016-06-21,19.592514038085938
2016-06-22,19.52499771118164
2016-06-23,19.790552139282227
2016-06-24,19.029895782470703
2016-06-27,18.647315979003906
2016-06-28,19.01639747619629
2016-06-29,19.3089542388916
2016-06-30,19.52050018310547
2016-07-01,19.565509796142578
2016-07-05,19.421476364135742
2016-07-06,19.55650520324707
2016-07-07,19.55650520324707
2016-07-08,19.862565994262695
2016-07-11,19.979585647583008
2016-07-12,20.141626358032227
2016-07-13,20.1461238861084
2016-07-14,20.276655197143555
2016-07-15,20.258647918701172
2016-07-18,20.3936767578125
2016-07-19,20.34866714477539
2016-07-20,20.614225387573242
2016-07-21,20.50620460510254
2016-07-22,20.62773323059082
2016-07-25,20.60071563720703
2016-07-26,20.645727157592773
2016-07-27,20.816757202148438
2016-07-28,20.830259323120117
2016-07-29,20.90677833557129
2016-08-01,20.94729232788086
2016-08-02,20.78976058959961
2016-08-03,20.86176872253418
2016-08-04,20.974294662475586
2016-08-05,21.176837921142578
2016-08-08,21.172334671020508
2016-08-09,21.217344284057617
2016-08-10,21.149826049804688
2016-08-11,21.226346969604492
2016-08-12,21.20384407043457
2016-08-15,21.307361602783203
2016-08-16,21.149826049804688
2016-08-17,21.140827178955078
2016-08-18,21.149826049804688
2016-08-19,21.163328170776367
2016-08-22,21.163328170776367
2016-08-23,21.23984718322754
2016-08-24,21.122821807861328
2016-08-25,21.167829513549805
2016-08-26,21.176837921142578
2016-08-29,21.257858276367188
2016-08-30,21.185832977294922
2016-08-31,21.149826049804688
2016-09-01,21.217344284057617
2016-09-02,21.31186294555664
2016-09-06,21.419885635375977
2016-09-07,21.473896026611328
2016-09-08,21.298364639282227
2016-09-09,20.776262283325195
2016-09-12,21.122821807861328
2016-09-13,20.969802856445312
2016-09-14,21.06881332397461
2016-09-15,21.415386199951172
2016-09-16,21.336742401123047
2016-09-19,21.296072006225586
2016-09-20,21.282508850097656
2016-09-21,21.522050857543945
2016-09-22,21.65311622619629
2016-09-23,21.463294982910156
2016-09-26,21.336742401123047
2016-09-27,21.571765899658203
2016-09-28,21.612438201904297
2016-09-29,21.481367111206055
2016-09-30,21.594358444213867
2016-10-03,21.531091690063477
2016-10-04,21.454252243041992
2016-10-05,21.531091690063477
2016-10-06,21.5808048248291
2016-10-07,21.522050857543945
2016-10-10,21.67119026184082
2016-10-11,21.427133560180664
2016-10-12,21.463294982910156
2016-10-13,21.327707290649414
2016-10-14,21.409059524536133
2016-10-17,21.363859176635742
2016-10-18,21.481367111206055
2016-10-19,21.522050857543945
2016-10-20,21.422618865966797
2016-10-21,21.481367111206055
2016-10-24,21.689273834228516
2016-10-25,21.612438201904297
2016-10-26,21.49040985107422
2016-10-27,21.463294982910156
2016-10-28,21.44069480895996
2016-10-31,21.43165397644043
2016-11-01,21.246355056762695
2016-11-02,21.11076545715332
2016-11-03,20.90738868713379
2016-11-04,20.871232986450195
2016-11-07,21.323190689086914
2016-11-08,21.427133560180664
2016-11-09,21.400020599365234
2016-11-10,21.056543350219727
2016-11-11,21.11980628967285
2016-11-14,20.798919677734375
2016-11-15,21.09269142150879
2016-11-16,21.287031173706055
2016-11-17,21.422618865966797
2016-11-18,21.4045352935791
2016-11-21,21.621479034423828
2016-11-22,21.689273834228516
2016-11-23,21.603403091430664
2016-11-25,21.693788528442383
2016-11-28,21.71186637878418
2016-11-29,21.725427627563477
2016-11-30,21.467811584472656
2016-12-01,21.024892807006836
2016-12-02,21.101730346679688
2016-12-05,21.30510711669922
2016-12-06,21.36838150024414
2016-12-07,21.775142669677734
2016-12-08,21.829376220703125
2016-12-09,21.987565994262695
2016-12-12,21.91976547241211
2016-12-13,22.195459365844727
2016-12-14,22.118623733520508
2016-12-15,22.21805763244629
2016-12-16,22.05736541748047
2016-12-19,22.21624183654785
2016-12-20,22.297948837280273
2016-12-21,22.252552032470703
2016-12-22,22.20716667175293
2016-12-23,22.229862213134766
2016-12-27,22.320650100708008
2016-12-28,22.120908737182617
2016-12-29,22.12545394897461
2016-12-30,21.952951431274414
2017-01-03,22.148147583007812
2017-01-04,22.22532081604004
2017-01-05,22.261634826660156
2017-01-06,22.42506217956543
2017-01-09,22.42051887512207
2017-01-10,22.42506217956543
2017-01-11,22.529470443725586
2017-01-12,22.474990844726562
2017-01-13,22.543081283569336
2017-01-17,22.456836700439453
2017-01-18,22.515850067138672
2017-01-19,22.48406982421875
2017-01-20,22.606630325317383
2017-01-23,22.647491455078125
2017-01-24,22.78821563720703
2017-01-25,23.00611114501953
2017-01-26,22.94256019592285
2017-01-27,23.033355712890625
2017-01-30,22.847232818603516
2017-01-31,22.733741760253906
2017-02-01,22.90624237060547
2017-02-02,22.86085319519043
2017-02-03,23.01064682006836
2017-02-06,23.024269104003906
2017-02-07,23.115062713623047
2017-02-08,23.15591812133789
2017-02-09,23.228548049926758
2017-02-10,23.29663848876953
2017-02-13,23.40104866027832
2017-02-14,23.478221893310547
2017-02-15,23.555387496948242
2017-02-16,23.609859466552734
2017-02-17,23.69157600402832
2017-02-21,23.81414031982422
2017-02-22,23.841371536254883
2017-02-23,23.836835861206055
2017-02-24,23.891311645507812
2017-02-27,23.8776912689209
2017-02-28,23.764205932617188
2017-03-01,24.10012435913086
2017-03-02,23.94124412536621
2017-03-03,23.995718002319336
2017-03-06,23.95940589904785
2017-03-07,23.95940589904785
2017-03-08,23.986642837524414
2017-03-09,23.982099533081055
2017-03-10,24.109210968017578
2017-03-13,24.131900787353516
2017-03-14,24.077430725097656
2017-03-15,24.240854263305664
2017-03-16,24.254474639892578
2017-03-17,24.30687141418457
2017-03-20,24.329660415649414
2017-03-21,23.974218368530273
2017-03-22,24.124597549438477
2017-03-23,24.060800552368164
2017-03-24,24.07902717590332
2017-03-27,24.07902717590332
2017-03-28,24.2521915435791
2017-03-29,24.29320526123047
2017-03-30,24.338777542114258
2017-03-31,24.29320526123047
2017-04-03,24.270418167114258
2017-04-04,24.288646697998047
2017-04-05,24.188396453857422
2017-04-06,24.192947387695312
2017-04-07,24.17928123474121
2017-04-10,24.133712768554688
2017-04-11,24.042566299438477
2017-04-12,23.96054458618164
2017-04-13,23.864850997924805
2017-04-17,24.083581924438477
2017-04-18,24.07902717590332
2017-04-19,24.060800552368164
2017-04-20,24.2795352935791
2017-04-21,24.229406356811523
2017-04-24,24.516494750976562
2017-04-25,24.644094467163086
2017-04-26,24.61675262451172
2017-04-27,24.716999053955078
2017-04-28,24.780799865722656
2017-05-01,24.96763801574707
2017-05-02,25.022314071655273
2017-05-03,24.97675132751465
2017-05-04,24.958520889282227
2017-05-05,25.049663543701172
2017-05-08,25.159029006958008
2017-05-09,25.190927505493164
2017-05-10,25.286623001098633
2017-05-11,25.254722595214844
2017-05-12,25.318525314331055
2017-05-15,25.45978546142578
2017-05-16,25.578271865844727
2017-05-17,24.88105583190918
2017-05-18,25.02686882019043
2017-05-19,25.17270278930664
2017-05-22,25.373207092285156
2017-05-23,25.418771743774414
2017-05-24,25.523584365844727
2017-05-25,25.70587158203125
2017-05-26,25.692197799682617
2017-05-30,25.801563262939453
2017-05-31,25.76054573059082
2017-06-01,25.824350357055664
2017-06-02,26.06130599975586
2017-06-05,26.08409309387207
2017-06-06,26.033967971801758
2017-06-07,26.11598777770996
2017-06-08,26.175233840942383
2017-06-09,25.52814483642578
2017-06-12,25.377758026123047
2017-06-13,25.560041427612305
2017-06-14,25.43700408935547
2017-06-15,25.323081970214844
2017-06-16,25.278697967529297
2017-06-19,25.65387725830078
2017-06-20,25.447982788085938
2017-06-21,25.58982276916504
2017-06-22,25.598970413208008
2017-06-23,25.759105682373047
2017-06-26,25.621850967407227
2017-06-27,25.200916290283203
2017-06-28,25.51661491394043
2017-06-29,25.05908203125
2017-06-30,25.036205291748047
2017-07-03,24.86234474182129
2017-07-05,25.109407424926758
2017-07-06,24.880645751953125
2017-07-07,25.168888092041016
2017-07-10,25.351905822753906
2017-07-11,25.40680694580078
2017-07-12,25.736234664916992
2017-07-13,25.78655242919922
2017-07-14,26.01532745361328
2017-07-17,26.0199031829834
2017-07-18,26.13886260986328
2017-07-19,26.271549224853516
2017-07-20,26.326446533203125
2017-07-21,26.294424057006836
2017-07-24,26.358474731445312
2017-07-25,26.308149337768555
2017-07-26,26.408809661865234
2017-07-27,26.308149337768555
2017-07-28,26.280696868896484
2017-07-31,26.152585983276367
2017-08-01,26.2852725982666
2017-08-02,26.358474731445312
2017-08-03,26.298992156982422
2017-08-04,26.358474731445312
2017-08-07,26.51861000061035
2017-08-08,26.482013702392578
2017-08-09,26.468280792236328
2017-08-10,25.94669532775879
2017-08-11,26.12513542175293
2017-08-14,26.541484832763672
2017-08-15,26.582672119140625
2017-08-16,26.660449981689453
2017-08-17,26.13886260986328
2017-08-18,26.111408233642578
2017-08-21,26.102258682250977
2017-08-22,26.491165161132812
2017-08-23,26.427104949951172
2017-08-24,26.404226303100586
2017-08-25,26.399658203125
2017-08-28,26.449981689453125
2017-08-29,26.564367294311523
2017-08-30,26.756532669067383
2017-08-31,26.916669845581055
2017-09-01,26.893787384033203
2017-09-05,26.655872344970703
2017-09-06,26.678747177124023
2017-09-07,26.77025604248047
2017-09-08,26.550643920898438
2017-09-11,26.925817489624023
2017-09-12,26.98987579345703
2017-09-13,26.953266143798828
2017-09-14,26.861764907836914
2017-09-15,26.97150421142578
2017-09-18,26.994457244873047
2017-09-19,27.11384391784668
2017-09-20,27.003644943237305
2017-09-21,26.856712341308594
2017-09-22,26.870485305786133
2017-09-25,26.553665161132812
2017-09-26,26.650087356567383
2017-09-27,26.920995712280273
2017-09-28,26.953140258789062
2017-09-29,27.136812210083008
2017-10-02,27.178131103515625
2017-10-03,27.24241828918457
2017-10-04,27.224044799804688
2017-10-05,27.48577117919922
2017-10-06,27.527099609375
2017-10-09,27.59597396850586
2017-10-10,27.62352180480957
2017-10-11,27.71535301208496
2017-10-12,27.646480560302734
2017-10-13,27.77964210510254
2017-10-16,27.880653381347656
2017-10-17,27.880653381347656
2017-10-18,27.94952964782715
2017-10-19,27.866878509521484
2017-10-20,28.055139541625977
2017-10-23,27.921981811523438
2017-10-24,28.00004005432129
2017-10-25,27.848514556884766
2017-10-26,27.96330451965332
2017-10-27,28.716344833374023
2017-10-30,28.780622482299805
2017-10-31,28.904600143432617
2017-11-01,28.90919303894043
2017-11-02,28.9229679107666
2017-11-03,29.152549743652344
2017-11-06,29.21683692932129
2017-11-07,29.230609893798828
2017-11-08,29.391319274902344
2017-11-09,29.157142639160156
2017-11-10,29.157142639160156
2017-11-13,29.14795684814453
2017-11-14,29.088258743286133
2017-11-15,28.872461318969727
2017-11-16,29.276519775390625
2017-11-17,29.088258743286133
2017-11-20,29.19846534729004
2017-11-21,29.5061092376709
2017-11-22,29.451007843017578
2017-11-24,29.61631202697754
2017-11-27,29.61631202697754
2017-11-28,29.712732315063477
2017-11-29,29.05612564086914
2017-11-30,29.313262939453125
2017-12-01,29.16173553466797
2017-12-04,28.69338607788086
2017-12-05,28.702564239501953
2017-12-06,28.886228561401367
2017-12-07,29.0653076171875
2017-12-08,29.20305824279785
2017-12-11,29.455602645874023
2017-12-12,29.44641876220703
2017-12-13,29.455602645874023
2017-12-14,29.418867111206055
2017-12-15,29.754379272460938
2017-12-18,30.017078399658203
2017-12-19,29.83274269104004
2017-12-20,29.82352066040039
2017-12-21,29.763601303100586
2017-12-22,29.745166778564453
2017-12-26,29.5469913482666
2017-12-27,29.579259872436523
2017-12-28,29.629947662353516
2017-12-29,29.473251342773438
2018-01-02,29.837343215942383
2018-01-03,30.086223602294922
2018-01-04,30.238319396972656
2018-01-05,30.55632781982422
2018-01-08,30.671546936035156
2018-01-09,30.59318733215332
2018-01-10,30.4871883392334
2018-01-11,30.61162757873535
2018-01-12,30.79136848449707
2018-01-16,30.671546936035156
2018-01-17,31.132417678833008
2018-01-18,31.187721252441406
2018-01-19,31.24764060974121
2018-01-22,31.551815032958984
2018-01-23,31.690082550048828
2018-01-24,31.445825576782227
2018-01-25,31.39051055908203
2018-01-26,31.888254165649414
2018-01-29,31.597904205322266
2018-01-30,31.312156677246094
2018-01-31,31.547212600708008
2018-02-01,31.574867248535156
2018-02-02,30.639278411865234
2018-02-05,29.3580322265625
2018-02-06,30.201440811157227
2018-02-07,29.814306259155273
2018-02-08,28.579145431518555
2018-02-09,29.279680252075195
2018-02-12,29.805082321166992
2018-02-13,29.878828048706055
2018-02-14,30.427268981933594
2018-02-15,31.007978439331055
2018-02-16,30.96188735961914
2018-02-20,30.989543914794922
2018-02-21,30.79136848449707
2018-02-22,30.82823944091797
2018-02-23,31.47347068786621
2018-02-26,31.966615676879883
2018-02-27,31.643993377685547
2018-02-28,31.41815948486328
2018-03-01,30.897377014160156
2018-03-02,31.19232940673828
2018-03-05,31.510337829589844
2018-03-06,31.579469680786133
2018-03-07,31.754606246948242
2018-03-08,31.89286994934082
2018-03-09,32.49661636352539
2018-03-12,32.598018646240234
2018-03-13,32.22468948364258
2018-03-14,32.19706344604492
2018-03-15,32.21548843383789
2018-03-16,32.18218994140625
2018-03-19,31.54420280456543
2018-03-20,31.530317306518555
2018-03-21,31.340770721435547
2018-03-22,30.531705856323242
2018-03-23,29.7180233001709
2018-03-26,30.846086502075195
2018-03-27,29.856725692749023
2018-03-28,29.657920837402344
2018-03-29,30.245071411132812
2018-04-02,29.523849487304688
2018-04-03,29.81511116027832
2018-04-04,30.231201171875
2018-04-05,30.35602569580078
2018-04-06,29.611692428588867
2018-04-09,29.842851638793945
2018-04-10,30.57794761657715
2018-04-11,30.39763832092285
2018-04-12,30.76287269592285
2018-04-13,30.66115951538086
2018-04-16,30.89694595336914
2018-04-17,31.470226287841797
2018-04-18,31.387006759643555
2018-04-19,31.040266036987305
2018-04-20,30.61030387878418
2018-04-23,30.499343872070312
2018-04-24,29.967681884765625
2018-04-25,29.972309112548828
2018-04-26,30.517841339111328
2018-04-27,30.46236228942871
2018-04-30,30.263565063476562
2018-05-01,30.642669677734375
2018-05-02,30.61030387878418
2018-05-03,30.67964744567871
2018-05-04,31.26218605041504
2018-05-07,31.479463577270508
2018-05-08,31.548812866210938
2018-05-09,31.93718147277832
2018-05-10,32.35325241088867
2018-05-11,32.30702590942383
2018-05-14,32.30240249633789
2018-05-15,31.997270584106445
2018-05-16,32.14059829711914
2018-05-17,31.974153518676758
2018-05-18,31.84008026123047
2018-05-21,32.11747741699219
2018-05-22,32.07123947143555
2018-05-23,32.30702590942383
2018-05-24,32.27003479003906
2018-05-25,32.246925354003906
2018-05-29,32.07123947143555
2018-05-30,32.30702590942383
2018-05-31,32.31626892089844
2018-06-01,32.866432189941406
2018-06-04,33.12995529174805
2018-06-05,33.24553680419922
2018-06-06,33.462833404541016
2018-06-07,33.19468307495117
2018-06-08,33.13920211791992
2018-06-11,33.17619705200195
2018-06-12,33.3380126953125
2018-06-13,33.16694259643555
2018-06-14,33.4027214050293
2018-06-15,33.2751350402832
2018-06-18,33.312255859375
2018-06-19,33.14059066772461
2018-06-20,33.21018600463867
2018-06-21,32.95500946044922
2018-06-22,32.84830093383789
2018-06-25,32.166282653808594
2018-06-26,32.29618835449219
2018-06-27,31.855426788330078
2018-06-28,32.245147705078125
2018-06-29,32.231231689453125
2018-07-02,32.51887893676758
2018-07-03,32.1338005065918
2018-07-05,32.58847427368164
2018-07-06,32.96891403198242
2018-07-09,33.21946334838867
2018-07-10,33.29833221435547
2018-07-11,33.16842269897461
2018-07-12,33.69269943237305
2018-07-13,33.65559005737305
2018-07-16,33.576717376708984
2018-07-17,33.827266693115234
2018-07-18,33.77159118652344
2018-07-19,33.650936126708984
2018-07-20,33.66021728515625
2018-07-23,33.831886291503906
2018-07-24,34.017478942871094
2018-07-25,34.444313049316406
2018-07-26,33.91542053222656
2018-07-27,33.335453033447266
2018-07-30,32.81582260131836
2018-07-31,32.90397262573242
2018-08-01,33.20090103149414
2018-08-02,33.618465423583984
2018-08-03,33.739105224609375
2018-08-06,33.920040130615234
2018-08-07,34.04995346069336
2018-08-08,34.142738342285156
2018-08-09,34.15666580200195
2018-08-10,33.8829231262207
2018-08-13,33.83652877807617
2018-08-14,34.04530715942383
2018-08-15,33.739105224609375
2018-08-16,33.8875617980957
2018-08-17,33.938602447509766
2018-08-20,33.8875617980957
2018-08-21,33.943233489990234
2018-08-22,34.04530715942383
2018-08-23,34.11954879760742
2018-08-24,34.46287155151367
2018-08-27,34.77836990356445
2018-08-28,34.83867263793945
2018-08-29,35.15418243408203
2018-08-30,35.04747009277344
2018-08-31,35.07530975341797
2018-09-04,34.94075012207031
2018-09-05,34.50463104248047
2018-09-06,34.25410079956055
2018-09-07,34.138099670410156
2018-09-10,34.244808197021484
2018-09-11,34.53710174560547
2018-09-12,34.393280029296875
2018-09-13,34.79692077636719
2018-09-14,34.76908493041992
2018-09-17,34.33296585083008
2018-09-18,34.55103302001953
2018-09-19,34.46287155151367
2018-09-20,34.87116241455078
2018-09-21,34.733360290527344
2018-09-24,34.90561294555664
2018-09-25,34.86370086669922
2018-09-26,34.733360290527344
2018-09-27,34.938201904296875
2018-09-28,35.06854248046875
2018-10-01,35.23613357543945
2018-10-02,35.240787506103516
2018-10-03,35.34785842895508
2018-10-04,34.71007537841797
2018-10-05,34.27249526977539
2018-10-08,33.88609313964844
2018-10-09,34.00712585449219
2018-10-10,32.359153747558594
2018-10-11,31.949478149414062
2018-10-12,32.973636627197266
2018-10-15,32.43363571166992
2018-10-16,33.4112434387207
2018-10-17,33.257633209228516
2018-10-18,32.60588455200195
2018-10-19,32.59191131591797
2018-10-22,32.861915588378906
2018-10-23,32.73622512817383
2018-10-24,31.269792556762695
2018-10-25,32.34518051147461
2018-10-26,31.698087692260742
2018-10-29,31.1627254486084
2018-10-30,31.511873245239258
2018-10-31,32.261375427246094
2018-11-01,32.63846969604492
2018-11-02,32.00068283081055
2018-11-05,31.968097686767578
2018-11-06,32.16827392578125
2018-11-07,33.113304138183594
2018-11-08,33.085384368896484
2018-11-09,32.51276779174805
2018-11-12,31.3675537109375
2018-11-13,31.404813766479492
2018-11-14,31.027719497680664
2018-11-15,31.805166244506836
2018-11-16,31.753955841064453
2018-11-19,30.5435733795166
2018-11-20,29.887168884277344
2018-11-21,30.10597801208496
2018-11-23,29.831310272216797
2018-11-26,30.506330490112305
2018-11-27,30.56684684753418
2018-11-28,31.637575149536133
2018-11-29,31.33032989501953
2018-11-30,31.628259658813477
2018-12-03,32.326560974121094
2018-12-04,31.102210998535156
2018-12-06,31.17203712463379
2018-12-07,30.073383331298828
2018-12-10,30.487699508666992
2018-12-11,30.524951934814453
2018-12-12,30.762365341186523
2018-12-13,30.813579559326172
2018-12-14,30.059417724609375
2018-12-17,29.4216365814209
2018-12-18,29.65440559387207
2018-12-19,29.067832946777344
2018-12-20,28.546436309814453
2018-12-21,27.67912483215332
2018-12-24,26.94039535522461
2018-12-26,28.56747817993164
2018-12-27,28.77320098876953
2018-12-28,28.70774269104004
2018-12-31,28.97892189025879
2019-01-02,28.997621536254883
2019-01-03,27.53418731689453
2019-01-04,28.75449562072754
2019-01-07,29.011653900146484
2019-01-08,29.25478744506836
2019-01-09,29.633495330810547
2019-01-10,29.764404296875
2019-01-11,29.708301544189453
2019-01-14,29.432449340820312
2019-01-15,29.876628875732422
2019-01-16,29.90467643737793
2019-01-17,30.09636878967285
2019-01-18,30.554576873779297
2019-01-22,30.040273666381836
2019-01-23,30.143125534057617
2019-01-24,30.39560890197754
2019-01-25,30.82575225830078
2019-01-28,30.414310455322266
2019-01-29,30.087024688720703
2019-01-30,31.02212905883789
2019-01-31,30.989397048950195
2019-02-01,31.171741485595703
2019-02-04,31.672025680541992
2019-02-05,31.938541412353516
2019-02-06,32.04606246948242
2019-02-07,31.606565475463867
2019-02-08,31.78891944885254
2019-02-11,31.774883270263672
2019-02-12,32.195682525634766
2019-02-13,32.23776626586914
2019-02-14,32.29386901855469
2019-02-15,32.551021575927734
2019-02-19,32.56037521362305
2019-02-20,32.597782135009766
2019-02-21,32.61181640625
2019-02-22,33.02792739868164
2019-02-25,33.1869010925293
2019-02-26,33.25702667236328
2019-02-27,33.22429656982422
2019-02-28,33.13079071044922
2019-03-01,33.35520935058594
2019-03-04,33.228981018066406
2019-03-05,33.13079071044922
2019-03-06,32.95779037475586
2019-03-07,32.64453125
2019-03-08,32.639869689941406
2019-03-11,33.34119415283203
2019-03-12,33.537567138671875
2019-03-13,33.75731658935547
2019-03-14,33.827457427978516
2019-03-15,34.2369384765625
2019-03-18,34.38235092163086
2019-03-19,34.45271301269531
2019-03-20,34.35888671875
2019-03-21,35.221961975097656
2019-03-22,34.391727447509766
2019-03-25,34.24162673950195
2019-03-26,34.42925262451172
2019-03-27,34.23224639892578
2019-03-28,34.37297058105469
2019-03-29,34.710689544677734
2019-04-01,35.184452056884766
2019-04-02,35.3064079284668
2019-04-03,35.59253692626953
2019-04-04,35.442420959472656
2019-04-05,35.61129379272461
2019-04-08,35.74732208251953
2019-04-09,35.578453063964844
2019-04-10,35.82706069946289
2019-04-11,35.7801513671875
2019-04-12,36.02876663208008
2019-04-15,36.01469039916992
2019-04-16,36.197628021240234
2019-04-17,36.39931869506836
2019-04-18,36.50252151489258
2019-04-22,36.58694076538086
2019-04-23,36.98565673828125
2019-04-24,36.99972915649414
2019-04-25,36.9903450012207
2019-04-26,36.849632263183594
2019-04-29,36.85900115966797
2019-04-30,36.919979095458984
2019-05-01,36.826171875
2019-05-02,36.63385772705078
2019-05-03,36.98095703125
2019-05-06,36.694828033447266
2019-05-07,35.90681076049805
2019-05-08,35.86458206176758
2019-05-09,35.62068176269531
2019-05-10,35.73324966430664
2019-05-13,34.387027740478516
2019-05-14,34.94053649902344
2019-05-15,35.32046890258789
2019-05-16,35.644126892089844
2019-05-17,35.357994079589844
2019-05-20,34.7435302734375
2019-05-21,35.17037582397461
2019-05-22,34.98743438720703
2019-05-23,34.37297058105469
2019-05-24,34.38235092163086
2019-05-28,34.283843994140625
2019-05-29,34.082149505615234
2019-05-30,34.2932243347168
2019-05-31,33.720970153808594
2019-06-03,33.129940032958984
2019-06-04,34.2369384765625
2019-06-05,34.68255615234375
2019-06-06,35.0859375
2019-06-07,35.73793029785156
2019-06-10,36.10380935668945
2019-06-11,36.10380935668945
2019-06-12,35.9021110534668
2019-06-13,36.0099983215332
2019-06-14,35.69572067260742
2019-06-17,35.723873138427734
2019-06-18,36.371185302734375
2019-06-19,36.50252151489258
2019-06-20,37.03725051879883
2019-06-21,36.862144470214844
2019-06-24,36.9327392578125
2019-06-25,36.254905700683594
2019-06-26,36.645606994628906
2019-06-27,36.7397575378418
2019-06-28,36.73503875732422
2019-07-01,37.3187370300293
2019-07-02,37.41758728027344
2019-07-03,37.70473098754883
2019-07-05,37.63411331176758
2019-07-08,37.346981048583984
2019-07-09,37.478790283203125
2019-07-10,37.775325775146484
2019-07-11,37.91655349731445
2019-07-12,38.19427490234375
2019-07-15,38.321372985839844
2019-07-16,37.96363067626953
2019-07-17,37.864768981933594
2019-07-18,38.14719772338867
2019-07-19,37.982452392578125
2019-07-22,38.420223236083984
2019-07-23,38.632041931152344
2019-07-24,38.95213317871094
2019-07-25,38.79209899902344
2019-07-26,38.87682342529297
2019-07-29,38.85327911376953
2019-07-30,38.60380935668945
2019-07-31,38.02012252807617
2019-08-01,37.827110290527344
2019-08-02,37.210479736328125
2019-08-05,35.657081604003906
2019-08-06,36.25019073486328
2019-08-07,36.47613525390625
2019-08-08,37.37051773071289
2019-08-09,36.946868896484375
2019-08-12,36.46202850341797
2019-08-13,37.37523651123047
2019-08-14,36.22667694091797
2019-08-15,36.16075897216797
2019-08-16,36.8480224609375
2019-08-19,37.408172607421875
2019-08-20,37.21989059448242
2019-08-21,37.65766906738281
2019-08-22,37.568214416503906
2019-08-23,36.32550811767578
2019-08-26,36.82918167114258
2019-08-27,36.772701263427734
2019-08-28,36.80564498901367
2019-08-29,37.445838928222656
2019-08-30,37.43642044067383
2019-09-03,36.979820251464844
2019-09-04,37.6105842590332
2019-09-05,38.396690368652344
2019-09-06,38.36373519897461
2019-09-09,38.07659149169922
2019-09-10,37.883602142333984
2019-09-11,38.27900314331055
2019-09-12,38.48611831665039
2019-09-13,38.20370101928711
2019-09-16,38.109535217285156
2019-09-17,38.2648811340332
2019-09-18,38.26017761230469
2019-09-19,38.34490203857422
2019-09-20,37.89775466918945
2019-09-23,38.01579284667969
2019-09-24,37.64748764038086
2019-09-25,38.09606170654297
2019-09-26,38.13856887817383
2019-09-27,37.628604888916016
2019-09-30,38.02523422241211
2019-10-01,37.671104431152344
2019-10-02,36.962825775146484
2019-10-03,37.4161262512207
2019-10-04,38.03468704223633
2019-10-07,37.8741340637207
2019-10-08,37.18001937866211
2019-10-09,37.73248291015625
2019-10-10,37.99219512939453
2019-10-11,38.516319274902344
2019-10-14,38.492706298828125
2019-10-15,38.91767501831055
2019-10-16,38.648529052734375
2019-10-17,38.57297134399414
2019-10-18,38.20466995239258
2019-10-21,38.61547088623047
2019-10-22,38.09606170654297
2019-10-23,38.129119873046875
2019-10-24,38.686302185058594
2019-10-25,39.15376281738281
2019-10-28,39.649566650390625
2019-10-29,39.29069900512695
2019-10-30,39.531517028808594
2019-10-31,39.50790786743164
2019-11-01,39.9800910949707
2019-11-04,40.18785095214844
2019-11-05,40.14064025878906
2019-11-06,40.12175750732422
2019-11-07,40.43812561035156
2019-11-08,40.66476821899414
2019-11-11,40.68365478515625
2019-11-12,40.82058334350586
2019-11-13,40.9102897644043
2019-11-14,40.86308288574219
2019-11-15,41.1936149597168
2019-11-18,41.316375732421875
2019-11-19,41.39665222167969
2019-11-20,41.146392822265625
2019-11-21,40.93864059448242
2019-11-22,40.88668441772461
2019-11-25,41.48164749145508
2019-11-26,41.51941680908203
2019-11-27,41.75078582763672
2019-11-29,41.628028869628906
2019-12-02,41.0330696105957
2019-12-03,40.66947937011719
2019-12-04,40.83475875854492
2019-12-05,40.985843658447266
2019-12-06,41.43914794921875
2019-12-09,41.22193908691406
2019-12-10,41.25499725341797
2019-12-11,41.533592224121094
2019-12-12,41.97745132446289
2019-12-13,42.25604248046875
2019-12-16,42.6337890625
2019-12-17,42.53462219238281
2019-12-18,42.529903411865234
2019-12-19,42.836822509765625
2019-12-20,43.08551788330078
2019-12-23,43.208709716796875
2019-12-24,43.22291946411133
2019-12-26,43.5450553894043
2019-12-27,43.540313720703125
2019-12-30,43.289241790771484
2019-12-31,43.42662048339844
2020-01-02,44.241432189941406
2020-01-03,43.7440185546875
2020-01-06,43.84822463989258
2020-01-07,43.829280853271484
2020-01-08,44.29827117919922
2020-01-09,44.8004264831543
2020-01-10,44.69620132446289
2020-01-13,45.25520324707031
2020-01-14,45.04201889038086
2020-01-15,45.09413528442383
2020-01-16,45.70050811767578
2020-01-17,46.0084342956543
2020-01-21,45.9894905090332
2020-01-22,46.15529251098633
2020-01-23,46.37320327758789
2020-01-24,46.15529251098633
2020-01-27,45.056243896484375
2020-01-28,45.918426513671875
2020-01-29,46.03685760498047
2020-01-30,46.43479537963867
2020-01-31,45.160465240478516
2020-02-03,45.75735092163086
2020-02-04,46.95589065551758
2020-02-05,47.230648040771484
2020-02-06,47.6617431640625
2020-02-07,47.22591781616211
2020-02-10,47.865455627441406
2020-02-11,47.70438003540039
2020-02-12,48.220741271972656
2020-02-13,48.092838287353516
2020-02-14,48.30126953125
2020-02-18,48.121253967285156
2020-02-19,48.6944694519043
2020-02-20,48.187591552734375
2020-02-21,47.107479095458984
2020-02-24,45.160465240478516
2020-02-25,43.71559524536133
2020-02-26,43.914554595947266
2020-02-27,41.54591751098633
2020-02-28,41.863311767578125
2020-03-02,44.28407287597656
2020-03-03,42.602333068847656
2020-03-04,44.43091583251953
2020-03-05,43.028682708740234
2020-03-06,42.119140625
2020-03-09,38.92146301269531
2020-03-10,41.51748275756836
2020-03-11,39.55625915527344
2020-03-12,35.69538116455078
2020-03-13,39.88313674926758
2020-03-16,34.37368392944336
2020-03-17,36.71390151977539
2020-03-18,35.33061981201172
2020-03-19,35.458518981933594
2020-03-20,33.83363342285156
2020-03-23,33.52456283569336
2020-03-24,36.957984924316406
2020-03-25,36.910369873046875
2020-03-26,39.196128845214844
2020-03-27,37.4246711730957
2020-03-30,39.00090026855469
2020-03-31,38.272308349609375
2020-04-01,36.44845199584961
2020-04-02,37.30085372924805
2020-04-03,36.724647521972656
2020-04-06,39.85805130004883
2020-04-07,39.50090408325195
2020-04-08,40.562835693359375
2020-04-09,40.57236099243164
2020-04-13,40.66283416748047
2020-04-14,42.36763381958008
2020-04-15,41.44380569458008
2020-04-16,41.94857406616211
2020-04-17,42.5057373046875
2020-04-20,41.82476043701172
2020-04-21,40.07234573364258
2020-04-22,41.615238189697266
2020-04-23,41.32951354980469
2020-04-24,42.20573425292969
2020-04-27,42.56763458251953
2020-04-28,42.00094985961914
2020-04-29,43.72480392456055
2020-04-30,43.52957534790039
2020-05-01,42.33430480957031
2020-05-04,42.8962287902832
2020-05-05,43.48671340942383
2020-05-06,43.8248176574707
2020-05-07,44.48196029663086
2020-05-08,45.134361267089844
2020-05-11,45.43437576293945
2020-05-12,44.49625778198242
2020-05-13,43.72956848144531
2020-05-14,44.28672790527344
2020-05-15,44.51054382324219
2020-05-18,45.601036071777344
2020-05-19,45.43437576293945
2020-05-20,46.429630279541016
2020-05-21,45.78199005126953
2020-05-22,45.94866943359375
2020-05-26,45.90105438232422
2020-05-27,46.1629524230957
2020-05-28,46.07248306274414
2020-05-29,46.65345764160156
2020-06-01,46.639163970947266
2020-06-02,47.077266693115234
2020-06-03,47.443931579589844
2020-06-04,47.0534553527832
2020-06-05,48.29158401489258
2020-06-08,48.534446716308594
2020-06-09,48.76301956176758
2020-06-10,49.57731628417969
2020-06-11,46.734405517578125
2020-06-12,47.33918762207031
2020-06-15,47.796348571777344
2020-06-16,48.815406799316406
2020-06-17,48.805885314941406
2020-06-18,49.024925231933594
2020-06-19,48.68682098388672
2020-06-22,49.6041374206543
2020-06-23,49.9622688293457
2020-06-24,48.83533477783203
2020-06-25,49.460872650146484
2020-06-26,48.486751556396484
2020-06-29,49.01679992675781
2020-06-30,49.895416259765625
2020-07-01,49.97660446166992
2020-07-02,50.26787567138672
2020-07-06,51.14651107788086
2020-07-07,50.6116828918457
2020-07-08,51.43778991699219
2020-07-09,51.62400817871094
2020-07-10,51.60968780517578
2020-07-13,50.5400505065918
2020-07-14,51.12262725830078
2020-07-15,51.39958190917969
2020-07-16,50.76449966430664
2020-07-17,51.012794494628906
2020-07-20,52.316410064697266
2020-07-21,51.79114532470703
2020-07-22,52.20659255981445
2020-07-23,50.85043716430664
2020-07-24,50.23444747924805
2020-07-27,51.027122497558594
2020-07-28,50.43022918701172
2020-07-29,51.16082000732422
2020-07-30,51.44733428955078
2020-07-31,52.73184585571289
2020-08-03,54.03068161010742
2020-08-04,54.16916275024414
2020-08-05,54.36971664428711
2020-08-06,55.13374328613281
2020-08-07,54.31241989135742
2020-08-10,54.159610748291016
2020-08-11,53.18548583984375
2020-08-12,54.39360427856445
2020-08-13,54.41746520996094
2020-08-14,54.379268646240234
2020-08-17,54.74219512939453
2020-08-18,54.947505950927734
2020-08-19,54.88066101074219
2020-08-20,55.61124801635742
2020-08-21,56.31797790527344
2020-08-24,56.8050422668457
2020-08-25,57.09154510498047
2020-08-26,58.25190734863281
2020-08-27,58.29965591430664
2020-08-28,58.81059265136719
2020-08-31,58.996829986572266
2020-09-01,60.12376403808594
2020-09-02,60.658573150634766
2020-09-03,57.20137405395508
2020-09-04,56.4039306640625
2020-09-08,53.85401153564453
2020-09-09,55.61124801635742
2020-09-10,54.35539627075195
2020-09-11,53.93996047973633
2020-09-14,55.07166290283203
2020-09-15,55.61603546142578
2020-09-16,54.756500244140625
2020-09-17,54.30287551879883
2020-09-18,53.366939544677734
2020-09-21,53.810577392578125
2020-09-22,54.66242980957031
2020-09-23,52.95872116088867
2020-09-24,53.255428314208984
2020-09-25,54.52843475341797
2020-09-28,55.57172393798828
2020-09-29,55.38508987426758
2020-09-30,55.84928512573242
2020-10-01,56.43793487548828
2020-10-02,55.00700759887695
2020-10-05,56.21300506591797
2020-10-06,55.34199905395508
2020-10-07,56.35658264160156
2020-10-08,56.64850997924805
2020-10-09,57.51472091674805
2020-10-12,59.084434509277344
2020-10-13,58.70635223388672
2020-10-14,58.395286560058594
2020-10-15,58.132076263427734
2020-10-16,57.964576721191406
2020-10-19,56.90214538574219
2020-10-20,57.098365783691406
2020-10-21,57.0122184753418
2020-10-22,56.744224548339844
2020-10-23,56.682003021240234
2020-10-26,55.45206832885742
2020-10-27,55.729644775390625
2020-10-28,53.365501403808594
2020-10-29,54.25564956665039
2020-10-30,53.05442810058594
2020-11-02,53.18843460083008
2020-11-03,54.12643051147461
2020-11-04,56.232147216796875
2020-11-05,57.97894287109375
2020-11-06,58.18472671508789
2020-11-09,57.76357650756836
2020-11-10,56.68678283691406
2020-11-11,58.03157043457031
2020-11-12,57.51472091674805
2020-11-13,58.00286102294922
2020-11-16,58.56278991699219
2020-11-17,58.23737335205078
2020-11-18,57.61521530151367
2020-11-19,58.079437255859375
2020-11-20,57.48122024536133
2020-11-23,57.46685791015625
2020-11-24,58.26607131958008
2020-11-25,58.3905029296875
2020-11-27,58.70158004760742
2020-11-30,59.0940055847168
2020-12-01,59.85014724731445
2020-12-02,59.75922775268555
2020-12-03,59.72093963623047
2020-12-04,60.31915283203125
2020-12-07,60.49143600463867
2020-12-08,60.687644958496094
2020-12-09,59.52471923828125
2020-12-10,59.61085891723633
2020-12-11,59.4864387512207
2020-12-14,59.7017936706543
2020-12-15,60.69723129272461
2020-12-16,61.10878372192383
2020-12-17,61.59215545654297
2020-12-18,61.37678909301758
2020-12-21,61.43819808959961
2020-12-22,61.970645904541016
2020-12-23,61.500553131103516
2020-12-24,61.90828323364258
2020-12-28,62.608619689941406
2020-12-29,62.31120681762695
2020-12-30,62.27763366699219
2020-12-31,62.3687858581543
2021-01-04,61.35185241699219
2021-01-05,61.74998474121094
2021-01-06,60.68507766723633
2021-01-07,62.32081604003906
2021-01-08,62.72373962402344
2021-01-11,62.205684661865234
2021-01-12,61.90828323364258
2021-01-13,62.3016242980957
2021-01-14,61.75477981567383
2021-01-15,61.121604919433594
2021-01-19,61.91787338256836
2021-01-20,63.1458740234375
2021-01-21,63.961341857910156
2021-01-22,63.716678619384766
2021-01-25,64.2491455078125
2021-01-26,64.2923355102539
2021-01-27,63.078712463378906
2021-01-28,63.33774185180664
2021-01-29,61.84591293334961
2021-02-01,63.39530563354492
2021-02-02,64.25395202636719
2021-02-03,64.0333023071289
2021-02-04,65.05502319335938
2021-02-05,64.91112518310547
2021-02-08,65.59227752685547
2021-02-09,65.51551818847656
2021-02-10,65.41959381103516
2021-02-11,66.13911437988281
2021-02-12,66.47968292236328
2021-02-16,66.26382446289062
2021-02-17,65.6786117553711
2021-02-18,65.35721588134766
2021-02-19,65.26129150390625
2021-02-22,63.82221221923828
2021-02-23,63.644737243652344
2021-02-24,64.6185073852539
2021-02-25,62.35919952392578
2021-02-26,62.690181732177734
2021-03-01,64.70964050292969
2021-03-02,63.6831169128418
2021-03-03,62.080970764160156
2021-03-04,60.70906448364258
2021-03-05,61.85551071166992
2021-03-08,60.35890579223633
2021-03-09,62.41195297241211
2021-03-10,62.16252517700195
2021-03-11,63.49125671386719
2021-03-12,63.03553771972656
2021-03-15,63.70709991455078
2021-03-16,64.18677520751953
2021-03-17,64.1340103149414
2021-03-18,62.354400634765625
2021-03-19,62.16731262207031
2021-03-22,63.38971710205078
2021-03-23,62.995574951171875
2021-03-24,62.231258392333984
2021-03-25,62.192779541015625
2021-03-26,63.7742805480957
2021-03-29,63.44260787963867
2021-03-30,62.84172058105469
2021-03-31,63.84158706665039
2021-04-01,65.12504577636719
2021-04-05,66.47100830078125
2021-04-06,66.1874008178711
2021-04-07,66.5383071899414
2021-04-08,67.49970245361328
2021-04-09,68.14865112304688
2021-04-12,67.82176208496094
2021-04-13,68.46110534667969
2021-04-14,67.7352523803711
2021-04-15,68.8985366821289
2021-04-16,68.88411712646484
2021-04-19,68.31208038330078
2021-04-20,67.70641326904297
2021-04-21,68.3890151977539
2021-04-22,67.58624267578125
2021-04-23,68.595703125
2021-04-26,68.94659423828125
2021-04-27,68.77835845947266
2021-04-28,68.1390380859375
2021-04-29,68.08135986328125
2021-04-30,67.15361022949219
2021-05-03,66.96612548828125
2021-05-04,65.76439666748047
2021-05-05,65.60575103759766
2021-05-06,66.2643051147461
2021-05-07,66.83152770996094
2021-05-10,65.14427947998047
2021-05-11,64.94718170166016
2021-05-12,63.120548248291016
2021-05-13,63.956947326660156
2021-05-14,65.3653793334961
2021-05-17,64.88470458984375
2021-05-18,64.36557006835938
2021-05-19,64.59148406982422
2021-05-20,65.82685852050781
2021-05-21,65.46634674072266
2021-05-24,66.62962341308594
2021-05-25,66.64885711669922
2021-05-26,66.64407348632812
2021-05-27,66.29314422607422
2021-05-28,66.52870178222656
2021-06-01,66.2018051147461
2021-06-02,66.6584701538086
2021-06-03,66.03836822509766
2021-06-04,67.30742645263672
2021-06-07,67.2929916381836
2021-06-08,67.29781341552734
2021-06-09,67.34588623046875
2021-06-10,67.84101104736328
2021-06-11,68.24478912353516
2021-06-14,68.9369888305664
2021-06-15,68.51397705078125
2021-06-16,68.14384460449219
2021-06-17,68.93217468261719
2021-06-18,68.3024673461914
2021-06-21,69.03446197509766
2021-06-22,69.66051483154297
2021-06-23,69.58348846435547
2021-06-24,70.02171325683594
2021-06-25,69.93983459472656
2021-06-28,70.6718521118164
2021-06-29,71.18712615966797
2021-06-30,71.1100845336914
2021-07-01,71.23047637939453
2021-07-02,72.1695556640625
2021-07-06,72.44403839111328
2021-07-07,72.83895111083984
2021-07-08,72.15027618408203
2021-07-09,72.81486511230469
2021-07-12,72.8726577758789
2021-07-13,73.17124938964844
2021-07-14,73.71061706542969
2021-07-15,73.10382080078125
2021-07-16,72.38146209716797
2021-07-19,71.38458251953125
2021-07-20,72.44403839111328
2021-07-21,73.14232635498047
2021-07-22,73.68171691894531
2021-07-23,74.41373443603516
2021-07-26,74.37519836425781
2021-07-27,73.67207336425781
2021-07-28,73.58057403564453
2021-07-29,73.92250061035156
2021-07-30,73.87432861328125
2021-08-02,73.60948181152344
2021-08-03,74.08142852783203
2021-08-04,74.23072052001953
2021-08-05,74.64006805419922
2021-08-06,74.57745361328125
2021-08-09,74.33665466308594
2021-08-10,73.8021011352539
2021-08-11,73.81175994873047
2021-08-12,74.23552703857422
2021-08-13,74.64006805419922
2021-08-16,74.9771499633789
2021-08-17,74.3559341430664
2021-08-18,73.33016967773438
2021-08-19,74.04771423339844
2021-08-20,75.00125885009766
2021-08-23,75.96922302246094
2021-08-24,75.88252258300781
2021-08-25,75.83918762207031
2021-08-26,75.36243438720703
2021-08-27,76.08961486816406
2021-08-30,76.9083023071289
2021-08-31,76.5037612915039
2021-09-01,76.52304077148438
2021-09-02,76.44116973876953
2021-09-03,76.74456787109375
2021-09-07,76.76382446289062
2021-09-08,76.47003936767578
2021-09-09,76.18110656738281
2021-09-10,75.42984771728516
2021-09-13,75.45392608642578
2021-09-14,75.35760498046875
2021-09-15,76.01738739013672
2021-09-16,76.06071472167969
2021-09-17,74.87602996826172
2021-09-20,73.51221466064453
2021-09-21,73.54115295410156
2021-09-22,74.54943084716797
2021-09-23,75.54804229736328
2021-09-24,75.60111999511719
2021-09-27,74.86784362792969
2021-09-28,72.64865112304688
2021-09-29,72.5570068359375
2021-09-30,72.03601837158203
2021-10-01,73.12144470214844
2021-10-04,71.42811584472656
2021-10-05,72.44603729248047
2021-10-06,72.91880798339844
2021-10-07,73.58456420898438
2021-10-08,73.3095932006836
2021-10-11,72.90436553955078
2021-10-12,72.52804565429688
2021-10-13,72.9719009399414
2021-10-14,74.6169662475586
2021-10-15,75.21517181396484
2021-10-18,75.85197448730469
2021-10-19,76.60453796386719
2021-10-20,76.39230346679688
2021-10-21,76.68656921386719
2021-10-22,76.42124938964844
2021-10-25,76.67211151123047
2021-10-26,76.88920593261719
2021-10-27,76.82167053222656
2021-10-28,77.59355926513672
2021-10-29,77.92643737792969
2021-11-01,77.81063079833984
2021-11-02,78.49567413330078
2021-11-03,78.95398712158203
2021-11-04,80.18900299072266
2021-11-05,80.60389709472656
2021-11-08,81.0380859375
2021-11-09,80.70516967773438
2021-11-10,79.37369537353516
2021-11-11,79.74514770507812
2021-11-12,80.71485137939453
2021-11-15,80.63284301757812
2021-11-16,81.48190307617188
2021-11-17,81.23587799072266
2021-11-18,82.04634094238281
2021-11-19,82.64453887939453
2021-11-22,81.72310638427734
2021-11-23,81.53495788574219
2021-11-24,82.12834930419922
2021-11-26,80.07804107666016
2021-11-29,82.08013153076172
2021-11-30,81.39506530761719
2021-12-01,80.28065490722656
2021-12-02,81.01878356933594
2021-12-03,79.66313171386719
2021-12-06,80.42057037353516
2021-12-07,83.22828674316406
2021-12-08,83.60941314697266
2021-12-09,82.70726776123047
2021-12-10,84.36680603027344
2021-12-13,83.11248016357422
2021-12-14,81.74722290039062
2021-12-15,83.91334533691406
2021-12-16,81.53495788574219
2021-12-17,80.98982238769531
2021-12-20,80.02652740478516
2021-12-21,82.05171203613281
2021-12-22,83.12472534179688
2021-12-23,83.58873748779297
2021-12-27,85.38192749023438
2021-12-28,84.937255859375
2021-12-29,85.00977325439453
2021-12-30,84.44908905029297
2021-12-31,84.03825378417969
2022-01-03,84.83576965332031
2022-01-04,83.93675231933594
2022-01-05,81.35572814941406
2022-01-06,80.94487762451172
2022-01-07,80.20053100585938
2022-01-10,80.21504211425781
2022-01-11,81.17688751220703
2022-01-12,81.55873107910156
2022-01-13,79.44652557373047
2022-01-14,80.11837005615234
2022-01-18,78.1946792602539
2022-01-19,77.10233306884766
2022-01-20,76.10664367675781
2022-01-21,74.59378814697266
2022-01-24,74.98045349121094
2022-01-25,73.24526977539062
2022-01-26,73.6754379272461
2022-01-27,73.16795349121094
2022-01-28,76.36766052246094
2022-01-31,78.28651428222656
2022-02-01,78.48951721191406
2022-02-02,79.12752532958984
2022-02-03,76.8316421508789
2022-02-04,77.14100646972656
2022-02-07,76.62864685058594
2022-02-08,77.57600402832031
2022-02-09,79.29669189453125
2022-02-10,77.22317504882812
2022-02-11,74.86446380615234
2022-02-14,74.84029388427734
2022-02-15,76.80747985839844
2022-02-16,76.73014068603516
2022-02-17,74.43428802490234
2022-02-18,73.68029022216797
2022-02-22,72.998779296875
2022-02-23,71.17176818847656
2022-02-24,73.60293579101562
2022-02-25,74.60347747802734
2022-02-28,74.46812438964844
2022-03-01,72.97943878173828
2022-03-02,74.5599594116211
2022-03-03,73.6706314086914
2022-03-04,72.3801040649414
2022-03-07,69.73139953613281
2022-03-08,69.39305877685547
2022-03-09,72.13843536376953
2022-03-10,70.8769302368164
2022-03-11,69.62989044189453
2022-03-14,68.3393783569336
2022-03-15,70.63525390625
2022-03-16,72.9311294555664
2022-03-17,73.44829559326172
2022-03-18,74.95146942138672
2022-03-21,74.80911254882812
2022-03-22,75.88410186767578
2022-03-23,74.71709442138672
2022-03-24,76.65887451171875
2022-03-25,76.61529541015625
2022-03-28,77.52565002441406
2022-03-29,79.17203521728516
2022-03-30,78.1164321899414
2022-03-31,76.95909118652344
2022-04-01,76.73150634765625
2022-04-04,78.18904876708984
2022-04-05,76.54267120361328
2022-04-06,74.73162841796875
2022-04-07,74.84785461425781
2022-04-08,73.8019027709961
2022-04-11,71.94245147705078
2022-04-12,71.62285614013672
2022-04-13,72.77533721923828
2022-04-14,71.00786590576172
2022-04-18,71.24030303955078
2022-04-19,72.57678985595703
2022-04-20,72.5090103149414
2022-04-21,71.27903747558594
2022-04-22,69.28401184082031
2022-04-25,70.32511138916016
2022-04-26,67.70541381835938
2022-04-27,68.7077865600586
2022-04-28,71.45821380615234
2022-04-29,68.4802017211914
2022-05-02,69.52127838134766
2022-05-03,69.64234924316406
2022-05-04,72.08771514892578
2022-05-05,68.62062072753906
2022-05-06,68.06857299804688
2022-05-09,65.4343490600586
2022-05-10,66.43187713623047
2022-05-11,64.33515167236328
2022-05-12,63.6717643737793
2022-05-13,65.78784942626953
2022-05-16,65.2067642211914
2022-05-17,67.09529113769531
2022-05-18,64.0252456665039
2022-05-19,63.32311248779297
2022-05-20,63.46354675292969
2022-05-23,64.92108154296875
2022-05-24,63.95743942260742
2022-05-25,64.70316314697266
2022-05-26,66.25755310058594
2022-05-27,68.49955749511719
2022-05-31,68.0104751586914
2022-06-01,67.80709838867188
2022-06-02,69.44865417480469
2022-06-03,67.78773498535156
2022-06-06,67.79257202148438
2022-06-07,68.60123443603516
2022-06-08,67.82647705078125
2022-06-09,66.01543426513672
2022-06-10,63.47805404663086
2022-06-13,60.664676666259766
2022-06-14,61.047210693359375
2022-06-15,62.335269927978516
2022-06-16,59.797882080078125
2022-06-17,60.3450813293457
2022-06-21,61.88068771362305
2022-06-22,61.6185188293457
2022-06-23,62.54095458984375
2022-06-24,64.78876495361328
2022-06-27,64.3518295288086
2022-06-28,62.424434661865234
2022-06-29,62.550655364990234
2022-06-30,61.71562576293945
2022-07-01,61.85641098022461
2022-07-05,62.633182525634766
2022-07-06,63.17209243774414
2022-07-07,64.4780502319336
2022-07-08,64.50719451904297
2022-07-11,63.618743896484375
2022-07-12,62.74971389770508
2022-07-13,62.58464431762695
2022-07-14,63.15752410888672
2022-07-15,64.26929473876953
2022-07-18,63.64786911010742
2022-07-19,65.58983612060547
2022-07-20,66.61422729492188
2022-07-21,67.55122375488281
2022-07-22,66.61908721923828
2022-07-25,66.19671630859375
2022-07-26,65.123779296875
2022-07-27,67.92505645751953
2022-07-28,68.95914459228516
2022-07-29,70.01751708984375
2022-08-01,69.86701202392578
2022-08-02,69.37181091308594
2022-08-03,71.21666717529297
2022-08-04,71.54197692871094
2022-08-05,71.37689208984375
2022-08-08,70.77001953125
2022-08-09,70.06121063232422
2022-08-10,71.97404479980469
2022-08-11,71.69245910644531
2022-08-12,73.11980438232422
2022-08-15,73.58101654052734
2022-08-16,73.38197326660156
2022-08-17,72.85765075683594
2022-08-18,73.23632049560547
2022-08-19,71.90606689453125
2022-08-22,69.90099334716797
2022-08-23,69.71650695800781
2022-08-24,69.76021575927734
2022-08-25,70.93994140625
2022-08-26,67.91048431396484
2022-08-29,67.01232147216797
2022-08-30,66.31322479248047
2022-08-31,65.66751098632812
2022-09-01,65.34708404541016
2022-09-02,64.49748229980469
2022-09-06,64.07023620605469
2022-09-07,65.09464263916016
2022-09-08,65.31796264648438
2022-09-09,66.60936737060547
2022-09-12,67.67743682861328
2022-09-13,64.08480072021484
2022-09-14,64.3178482055664
2022-09-15,62.83710479736328
2022-09-16,62.4875602722168
2022-09-19,62.99711608886719
2022-09-20,62.62721633911133
2022-09-21,61.64898681640625
2022-09-22,61.02115249633789
2022-09-23,60.22297668457031
2022-09-26,59.80442428588867
2022-09-27,59.88229751586914
2022-09-28,60.514991760253906
2022-09-29,58.93811798095703
2022-09-30,57.80900192260742
2022-10-03,59.60001754760742
2022-10-04,61.600318908691406
2022-10-05,61.804725646972656
2022-10-06,61.29856872558594
2022-10-07,58.77751541137695
2022-10-10,57.78953170776367
2022-10-11,56.90375900268555
2022-10-12,56.72854995727539
2022-10-13,58.490360260009766
2022-10-14,56.8453483581543
2022-10-17,58.577972412109375
2022-10-18,59.07439041137695
2022-10-19,58.904056549072266
2022-10-20,58.93811798095703
2022-10-21,60.514991760253906
2022-10-24,61.35209655761719
2022-10-25,62.5250244140625
2022-10-26,61.133094787597656
2022-10-27,60.437129974365234
2022-10-28,63.065250396728516
2022-10-31,62.23301696777344
2022-11-01,61.712257385253906
2022-11-02,59.58054733276367
2022-11-03,57.82846450805664
2022-11-04,58.884578704833984
2022-11-07,59.86770248413086
2022-11-08,60.44200134277344
2022-11-09,58.86998748779297
2022-11-10,63.70768737792969
2022-11-11,64.79788970947266
2022-11-14,64.24303436279297
2022-11-15,65.02174377441406
2022-11-16,64.13108825683594
2022-11-17,64.2138442993164
2022-11-18,64.2868423461914
2022-11-21,63.595733642578125
2022-11-22,64.82706451416016
2022-11-23,65.40137481689453
2022-11-25,65.02174377441406
2022-11-28,63.62980651855469
2022-11-29,63.00685501098633
2022-11-30,66.17033386230469
2022-12-01,66.2627944946289
2022-12-02,65.87832641601562
2022-12-05,64.78325653076172
2022-12-06,63.39619827270508
2022-12-07,63.074989318847656
2022-12-08,64.10675048828125
2022-12-09,63.71254348754883
2022-12-12,65.1044692993164
2022-12-13,65.87346649169922
2022-12-14,65.3186264038086
2022-12-15,62.875450134277344
2022-12-16,62.0432014465332
2022-12-19,61.21589279174805
2022-12-20,61.30862808227539
2022-12-21,62.323856353759766
2022-12-22,60.75220489501953
2022-12-23,60.81565856933594
2022-12-27,60.239715576171875
2022-12-28,59.26842498779297
2022-12-29,60.8205451965332
2022-12-30,60.73756408691406
2023-01-03,60.16162872314453
2023-01-04,60.317813873291016
2023-01-05,59.14640426635742
2023-01-06,60.879112243652344
2023-01-09,61.58684158325195
2023-01-10,61.96754837036133
2023-01-11,63.04133987426758
2023-01-12,63.50990295410156
2023-01-13,63.69049835205078
2023-01-17,63.97847366333008
2023-01-18,63.15359115600586
2023-01-19,62.416587829589844
2023-01-20,64.1053695678711
2023-01-23,65.56475830078125
2023-01-24,65.53546142578125
2023-01-25,65.39879608154297
2023-01-26,66.44332122802734
2023-01-27,66.72151184082031
2023-01-30,65.44759368896484
2023-01-31,66.36034393310547
2023-02-01,67.92222595214844
2023-02-02,69.7769546508789
2023-02-03,69.19612884521484
2023-02-06,68.35172271728516
2023-02-07,70.06002807617188
2023-02-08,69.21563720703125
2023-02-09,68.83493041992188
2023-02-10,68.51766967773438
2023-02-13,69.70374298095703
2023-02-14,70.00146484375
2023-02-15,70.32848358154297
2023-02-16,69.10826110839844
2023-02-17,68.24435424804688
2023-02-21,66.62391662597656
2023-02-22,66.52629089355469
2023-02-23,67.62935638427734
2023-02-24,66.42377471923828
2023-02-27,66.78009796142578
2023-02-28,66.6336669921875
2023-03-01,66.14556121826172
2023-03-02,66.96067810058594
2023-03-03,68.40052795410156
2023-03-06,68.7275619506836
2023-03-07,67.87339782714844
2023-03-08,68.43470764160156
2023-03-09,67.4536361694336
2023-03-10,66.267578125
2023-03-13,66.62877655029297
2023-03-14,68.16625213623047
2023-03-15,68.2052993774414
2023-03-16,70.11861419677734
2023-03-17,70.02098083496094
2023-03-20,70.20980072021484
2023-03-21,70.77725219726562
2023-03-22,70.07284545898438
2023-03-23,71.21259307861328
2023-03-24,71.39846801757812
2023-03-27,70.84571838378906
2023-03-28,70.51309204101562
2023-03-29,71.99034881591797
2023-03-30,72.82683563232422
2023-03-31,73.86875915527344
2023-04-03,73.75135803222656
2023-04-04,73.34534454345703
2023-04-05,72.50888061523438
2023-04-06,72.91976928710938
2023-04-10,72.88065338134766
2023-04-11,72.19580078125
2023-04-12,71.7849349975586
2023-04-13,73.1203384399414
2023-04-14,72.71432495117188
2023-04-17,72.97846984863281
2023-04-18,73.20348358154297
2023-04-19,72.99313354492188
2023-04-20,72.51377868652344
2023-04-21,72.27897644042969
2023-04-24,71.96101379394531
2023-04-25,70.42503356933594
2023-04-26,71.47184753417969
2023-04-27,72.9882583618164
2023-04-28,73.78070068359375
2023-05-01,73.82472229003906
2023-05-02,73.135009765625
2023-05-03,72.51863861083984
2023-05-04,72.17135620117188
2023-05-05,73.98127746582031
2023-05-08,73.942138671875
2023-05-09,73.37469482421875
2023-05-10,74.26985931396484
2023-05-11,73.93722534179688
2023-05-12,73.83940124511719
2023-05-15,74.45086669921875
2023-05-16,74.52912902832031
2023-05-17,75.52212524414062
2023-05-18,77.06788635253906
2023-05-19,77.03364562988281
2023-05-22,77.18041229248047
2023-05-23,76.0406494140625
2023-05-24,75.48299407958984
2023-05-25,78.37886047363281
2023-05-26,80.60455322265625
2023-05-30,81.03501892089844
2023-05-31,80.35997772216797
2023-06-01,81.17687225341797
2023-06-02,81.6415786743164
2023-06-05,81.1719741821289
2023-06-06,81.15241241455078
2023-06-07,79.93928527832031
2023-06-08,80.80510711669922
2023-06-09,81.20623016357422
2023-06-12,82.97209167480469
2023-06-13,83.4759292602539
2023-06-14,84.33688354492188
2023-06-15,85.42282104492188
2023-06-16,84.71842956542969
2023-06-20,84.14588165283203
2023-06-21,82.90081024169922
2023-06-22,83.5772705078125
2023-06-23,82.67041015625
2023-06-26,82.07728576660156
2023-06-27,83.69493103027344
2023-06-28,83.74394226074219
2023-06-29,83.89099884033203
2023-06-30,85.22430419921875
2023-07-03,85.04293823242188
2023-07-05,84.51842498779297
2023-07-06,84.29293823242188
2023-07-07,83.92530822753906
2023-07-10,84.14588165283203
2023-07-11,84.32725524902344
2023-07-12,85.28313446044922
2023-07-13,86.39586639404297
2023-07-14,86.2684097290039
2023-07-17,87.37132263183594
2023-07-18,88.36150360107422
2023-07-19,88.14093780517578
2023-07-20,86.38114929199219
2023-07-21,86.33702850341797
2023-07-24,86.48898315429688
2023-07-25,87.47916412353516
2023-07-26,86.30271911621094
2023-07-27,86.05272674560547
2023-07-28,87.22428131103516
2023-07-31,87.42524719238281
2023-08-01,87.57231140136719
2023-08-02,85.40567016601562
2023-08-03,85.05763244628906
2023-08-04,83.90078735351562
2023-08-07,84.13607788085938
2023-08-08,83.48902893066406
2023-08-09,82.41062927246094
2023-08-10,82.42041778564453
2023-08-11,81.81258392333984
2023-08-14,83.11648559570312
2023-08-15,82.2978744506836
2023-08-16,81.51355743408203
2023-08-17,80.73907470703125
2023-08-18,80.86161804199219
2023-08-21,82.40570831298828
2023-08-22,82.31258392333984
2023-08-23,83.79783630371094
2023-08-24,81.86650848388672
2023-08-25,82.69984436035156
2023-08-28,83.37628173828125
2023-08-29,85.04783630371094
2023-08-30,85.6899642944336
2023-08-31,86.10662841796875
2023-09-01,86.37134552001953
2023-09-05,86.6801528930664
2023-09-06,85.76351165771484
2023-09-07,84.5233383178711
2023-09-08,84.69979858398438
2023-09-11,85.14097595214844
2023-09-12,83.59686279296875
2023-09-13,83.80766296386719
2023-09-14,84.41549682617188
2023-09-15,82.79296112060547
2023-09-18,83.19087219238281
2023-09-19,83.14666748046875
2023-09-20,81.8399658203125
2023-09-21,80.59222412109375
2023-09-22,80.76417541503906
2023-09-25,81.0245132446289
2023-09-26,79.56554412841797
2023-09-27,79.68836212158203
2023-09-28,80.25325775146484
2023-09-29,80.52836608886719
2023-10-02,81.39292907714844
2023-10-03,80.0125732421875
2023-10-04,81.0097885131836
2023-10-05,81.11785888671875
2023-10-06,82.63578033447266
2023-10-09,83.06314086914062
2023-10-10,83.19087219238281
2023-10-11,83.96212005615234
2023-10-12,84.04070281982422
2023-10-13,82.8371810913086
2023-10-16,83.63297271728516
2023-10-17,83.24490356445312
2023-10-18,82.39015197753906
2023-10-19,81.91856384277344
2023-10-20,80.53327941894531
2023-10-23,80.6266098022461
2023-10-24,81.18171691894531
2023-10-25,80.22380065917969
2023-10-26,78.69114685058594
2023-10-27,79.14799499511719
2023-10-30,79.99784088134766
2023-10-31,80.56766510009766
2023-11-01,82.1248779296875
2023-11-02,83.51506805419922
2023-11-03,84.37474060058594
2023-11-06,84.9298324584961
2023-11-07,85.85828399658203
2023-11-08,86.34461975097656
2023-11-09,85.9417953491211
2023-11-10,88.18673706054688
2023-11-13,87.67093658447266
2023-11-14,89.4246597290039
2023-11-15,89.53764343261719
2023-11-16,89.98466491699219
2023-11-17,89.7979965209961
2023-11-20,91.09976959228516
2023-11-21,90.36290740966797
2023-11-22,90.76573944091797
2023-11-24,90.5888900756836
2023-11-27,90.58397674560547
2023-11-28,90.75590515136719
2023-11-29,90.8246841430664
2023-11-30,90.9572982788086
2023-12-01,91.16364288330078
2023-12-04,90.05345916748047
2023-12-05,90.59379577636719
2023-12-06,89.82746887207031
2023-12-07,90.91802215576172
2023-12-08,91.69416046142578
2023-12-11,92.494873046875
2023-12-12,93.10893249511719
2023-12-13,93.92930603027344
2023-12-14,93.69841003417969
2023-12-15,94.17000579833984
2023-12-18,94.45161437988281
2023-12-19,94.81100463867188
2023-12-20,93.37835693359375
2023-12-21,94.42698669433594
2023-12-22,94.5500717163086
2023-12-26,94.94393157958984
2023-12-27,94.93899536132812
2023-12-28,95.05223846435547
2023-12-29,94.76176452636719
2024-01-02,92.28048706054688
2024-01-03,91.34014129638672
2024-01-04,90.67059326171875
2024-01-05,90.64596557617188
2024-01-08,92.92049407958984
2024-01-09,93.06817626953125
2024-01-10,93.86083221435547
2024-01-11,94.33836364746094
2024-01-12,94.64360809326172
2024-01-16,94.87993621826172
2024-01-17,94.4122314453125
2024-01-18,96.32733917236328
2024-01-19,98.5477066040039
2024-01-22,98.98095703125
2024-01-23,99.37973022460938
2024-01-24,100.06405639648438
2024-01-25,100.48252868652344
2024-01-26,99.32556915283203
2024-01-29,100.23637390136719
2024-01-30,99.4092788696289
2024-01-31,97.32183837890625
2024-02-01,98.5477066040039
2024-02-02,99.56681823730469
2024-02-05,99.79327392578125
2024-02-06,99.33541870117188
2024-02-07,100.6499252319336
2024-02-08,100.9649887084961
2024-02-09,102.32379913330078
2024-02-12,101.54594421386719
2024-02-13,99.82280731201172
2024-02-14,100.86653900146484
2024-02-15,100.65484619140625
2024-02-16,99.72927856445312
2024-02-20,98.71510314941406
2024-02-21,98.09479522705078
2024-02-22,101.30470275878906
2024-02-23,101.06839752197266
2024-02-26,101.1668472290039
2024-02-27,101.25547790527344
2024-02-28,100.77791595458984
2024-02-29,101.90039825439453
2024-03-01,103.7613754272461
2024-03-04,103.7613754272461
2024-03-05,101.2111587524414
2024-03-06,102.01364135742188
2024-03-07,103.62352752685547
2024-03-08,102.08257293701172
2024-03-11,101.80195617675781
2024-03-12,103.88938903808594
2024-03-13,102.76689147949219
2024-03-14,102.78658294677734
2024-03-15,101.23577117919922
2024-03-18,101.73336029052734
2024-03-19,102.26100158691406
2024-03-20,103.40506744384766
2024-03-21,103.4790267944336
2024-03-22,103.5135726928711
2024-03-25,102.82810974121094
2024-03-26,102.40400695800781
2024-03-27,102.9267349243164
2024-03-28,102.70482635498047
2024-04-01,102.9908447265625
2024-04-02,101.9996337890625
2024-04-03,102.27086639404297
2024-04-04,100.65338134765625
2024-04-05,101.80733489990234
2024-04-08,101.68896484375
2024-04-09,102.20183563232422
2024-04-10,100.94926452636719
2024-04-11,102.96617889404297
2024-04-12,101.29939270019531
2024-04-15,99.37618255615234
2024-04-16,99.4945297241211
2024-04-17,98.05951690673828
2024-04-18,96.94007873535156
2024-04-19,94.94290924072266
2024-04-22,95.79109954833984
2024-04-23,97.21133422851562
2024-04-24,97.65513610839844
2024-04-25,97.4430923461914
2024-04-26,98.54277038574219
2024-04-29,98.96688842773438
2024-04-30,96.7872314453125
2024-05-01,95.79602813720703
2024-05-02,97.17678833007812
2024-05-03,99.88410949707031
2024-05-06,101.05775451660156
2024-05-07,100.72736358642578
2024-05-08,101.01338195800781
2024-05-09,100.9837875366211
2024-05-10,101.35856628417969
2024-05-13,101.83690643310547
2024-05-14,102.73933410644531
2024-05-15,105.05213165283203
2024-05-16,104.68721771240234
2024-05-17,104.45543670654297
2024-05-20,105.683349609375
2024-05-21,105.85594177246094
2024-05-22,106.09264373779297
2024-05-23,105.22966003417969
2024-05-24,106.11730194091797
2024-05-28,106.5660629272461
2024-05-29,105.89046478271484
2024-05-30,103.47410583496094
2024-05-31,103.63685607910156
2024-06-03,103.898193359375
2024-06-04,104.11518096923828
2024-06-05,106.42797088623047
2024-06-06,106.07292938232422
2024-06-07,106.31949615478516
2024-06-10,106.59071350097656
2024-06-11,108.57311248779297
2024-06-12,110.97465515136719
2024-06-13,111.8524398803711
2024-06-14,112.27159881591797
2024-06-17,113.97291564941406
2024-06-18,114.11592864990234
2024-06-20,112.83377075195312
2024-06-21,112.63652038574219
2024-06-24,109.87507629394531
2024-06-25,111.89057922363281
2024-06-26,111.76215362548828
2024-06-27,111.81649017333984
2024-06-28,111.75720977783203
2024-07-01,112.60194396972656
2024-07-02,113.16510009765625
2024-07-03,114.6915512084961
2024-07-05,115.04231262207031
2024-07-08,115.82774353027344
2024-07-09,115.73389434814453
2024-07-10,117.4134750366211
2024-07-11,114.47420501708984
2024-07-12,115.49678039550781
2024-07-15,115.70425415039062
2024-07-16,115.31893920898438
2024-07-17,110.83343505859375
2024-07-18,110.84331512451172
2024-07-19,109.10936737060547
2024-07-22,111.69298553466797
2024-07-23,111.24838256835938
2024-07-24,106.64431762695312
2024-07-25,105.5031967163086
2024-07-26,106.8419189453125
2024-07-29,106.36768341064453
2024-07-30,103.69515991210938
2024-07-31,108.08678436279297
2024-08-01,104.05577850341797
2024-08-02,101.13130950927734
2024-08-05,97.76223754882812
2024-08-06,99.0910873413086
2024-08-07,97.48560333251953
2024-08-08,101.1263656616211
2024-08-09,101.58084106445312
2024-08-12,102.41075897216797
2024-08-13,105.55752563476562
2024-08-14,106.13550567626953
2024-08-15,109.18841552734375
2024-08-16,109.3711929321289
2024-08-19,111.17430114746094
2024-08-20,110.78402709960938
2024-08-21,111.43611907958984
2024-08-22,108.87225341796875
2024-08-23,110.6358413696289
2024-08-26,109.24768829345703
2024-08-27,109.90966796875
2024-08-28,108.39307403564453
2024-08-29,107.41497039794922
2024-08-30,108.84262084960938
2024-09-03,103.8433609008789
2024-09-04,103.57660675048828
2024-09-05,103.41851806640625
2024-09-06,100.7361068725586
2024-09-09,102.38606262207031
2024-09-10,103.91744995117188
2024-09-11,107.46435546875
2024-09-12,108.35356140136719
2024-09-13,108.89695739746094
2024-09-16,108.48199462890625
2024-09-17,108.26956939697266
2024-09-18,107.28157806396484
2024-09-19,110.4678726196289
2024-09-20,109.92940521240234
2024-09-23,109.90913391113281
2024-09-24,110.6613540649414
2024-09-25,110.97808837890625
2024-09-26,112.44788360595703
2024-09-27,111.39874267578125
2024-09-30,111.72534942626953
2024-10-01,109.00348663330078
2024-10-02,109.81015014648438
2024-10-03,110.26543426513672
2024-10-04,111.49275970458984
2024-10-07,110.7256851196289
2024-10-08,112.79430389404297
2024-10-09,114.0562744140625
2024-10-10,114.02658081054688
2024-10-11,114.22451782226562
2024-10-14,115.71414184570312
2024-10-15,113.17042541503906
2024-10-16,113.52178955078125
2024-10-17,113.86820983886719
2024-10-18,114.2740249633789
2024-10-21,114.8084945678711
2024-10-22,114.6897201538086
2024-10-23,113.04669952392578
2024-10-24,113.37826538085938
2024-10-25,113.9671859741211
2024-10-28,113.93254089355469
2024-10-29,115.4666976928711
2024-10-30,113.63066864013672
2024-10-31,109.98336029052734
2024-11-01,110.80982208251953
2024-11-04,110.7256851196289
2024-11-05,112.28457641601562
2024-11-06,115.48152923583984
2024-11-07,117.49571228027344
2024-11-08,117.36703491210938
2024-11-11,116.71875762939453
2024-11-12,116.8672103881836
2024-11-13,116.4614028930664
2024-11-14,116.06549835205078
2024-11-15,113.18527221679688
2024-11-18,113.55148315429688
2024-11-19,114.48187255859375
2024-11-20,114.38289642333984
2024-11-21,115.54586029052734
2024-11-22,115.60526275634766
2024-11-25,115.60031127929688
2024-11-26,116.17932891845703
2024-11-27,114.60558319091797
2024-11-29,115.66959381103516
2024-12-02,116.76823425292969
2024-12-03,117.18889617919922
2024-12-04,119.33174896240234
2024-12-05,118.72798919677734
2024-12-06,119.188232421875
2024-12-09,118.41126251220703
2024-12-10,116.76823425292969
2024-12-11,118.46073913574219
2024-12-12,117.79759979248047
2024-12-13,118.30237579345703
2024-12-16,119.48516845703125
2024-12-17,118.76262664794922
2024-12-18,114.93221282958984
2024-12-19,115.05593872070312
2024-12-20,116.77318572998047
2024-12-23,118.01044464111328
2024-12-24,119.2298583984375
2024-12-26,119.30916595458984
2024-12-27,117.72294616699219
2024-12-30,116.2259292602539
2024-12-31,115.25932312011719
2025-01-02,114.98670196533203
2025-01-03,116.86042022705078
2025-01-06,118.3475112915039
2025-01-07,115.97314453125
2025-01-08,115.9334716796875
2025-01-10,113.4054183959961
2025-01-13,112.60240173339844
2025-01-14,112.89981079101562
2025-01-15,115.14530944824219
2025-01-16,114.25801849365234
2025-01-17,116.04747772216797
2025-01-21,117.01409149169922
2025-01-22,119.65615844726562
2025-01-23,119.86930847167969
2025-01-24,118.62015533447266
2025-01-27,112.8056411743164
2025-01-28,115.81450653076172
2025-01-29,114.8726806640625
2025-01-30,115.08582305908203
2025-01-31,114.41168212890625
2025-02-03,112.87007141113281
2025-02-04,114.4959487915039
2025-02-05,116.08714294433594
2025-02-06,116.40438842773438
2025-02-07,115.40804290771484
2025-02-10,117.0934066772461
2025-02-11,117.14793395996094
2025-02-12,116.8951187133789
2025-02-13,118.5507583618164
2025-02-14,118.9522705078125
2025-02-18,120.037841796875
2025-02-19,120.0477523803711
2025-02-20,119.66606140136719
2025-02-21,116.4242172241211
2025-02-24,114.75868225097656
2025-02-25,113.2715835571289
2025-02-26,114.50587463378906
2025-02-27,110.33706665039062
2025-02-28,111.7944107055664
2025-03-03,108.39392852783203
2025-03-04,108.30966186523438
2025-03-05,109.83145904541016
2025-03-06,106.78292083740234
2025-03-07,108.3294906616211
2025-03-10,103.72447967529297
2025-03-11,103.30313110351562
2025-03-12,104.92901611328125
2025-03-13,102.93631744384766
2025-03-14,106.04928588867188
2025-03-17,106.78787994384766
2025-03-18,105.1619873046875
2025-03-19,106.53011322021484
2025-03-20,105.7717056274414
2025-03-21,106.0592041015625
2025-03-24,108.06781768798828
2025-03-25,108.42534637451172
2025-03-26,106.0070571899414
2025-03-27,105.02882385253906
2025-03-28,102.4814453125
2025-03-31,102.53108978271484
2025-04-01,103.28091430664062
2025-04-02,104.04562377929688
2025-04-03,96.9447250366211
2025-04-04,90.55886840820312
2025-04-07,91.10013580322266
2025-04-08,89.24793243408203
2025-04-09,101.23009490966797
2025-04-10,96.51766967773438
2025-04-11,98.4940185546875
2025-04-14,99.3927993774414
2025-04-15,99.75529479980469
2025-04-16,96.28925323486328
2025-04-17,95.76786041259766
2025-04-21,93.29496002197266
2025-04-22,95.5692367553711
2025-04-23,98.3400650024414
2025-04-24,102.00970458984375
2025-04-25,103.5192642211914
2025-04-28,103.35043334960938
2025-04-29,103.83210754394531
2025-04-30,104.26411437988281
2025-05-01,105.79354095458984
2025-05-02,107.56131744384766
2025-05-05,106.99026489257812
2025-05-06,106.10140991210938
2025-05-07,107.16407012939453
2025-05-08,108.18698120117188
2025-05-09,108.05291748046875
2025-05-12,113.06824493408203
2025-05-13,115.5113525390625
2025-05-14,116.26116943359375
2025-05-15,116.42007446289062
2025-05-16,116.6385498046875
2025-05-19,116.46973419189453
2025-05-20,116.03275299072266
2025-05-21,113.85282135009766
2025-05-22,113.88260650634766
2025-05-23,112.62629699707031
2025-05-27,115.30279541015625
2025-05-28,114.82609558105469
2025-05-29,115.0197525024414
2025-05-30,114.6622314453125
2025-06-02,115.67522430419922
2025-06-03,117.41320037841797
2025-06-04,117.58700561523438
2025-06-05,117.25430297851562
2025-06-06,118.36165618896484
2025-06-09,118.942626953125
2025-06-10,119.60801696777344
2025-06-11,119.34484100341797
2025-06-12,120.45219421386719
2025-06-13,118.76387023925781
2025-06-16,120.68557739257812
2025-06-17,119.83148193359375
2025-06-18,119.9754867553711
2025-06-20,119.44415283203125
2025-06-23,120.80602264404297
2025-06-24,122.97463989257812
2025-06-25,124.02412414550781
2025-06-26,124.879638671875
2025-06-27,124.73042297363281
2025-06-30,125.95399475097656
2025-07-01,124.82989501953125
2025-07-02,126.14797973632812
2025-07-03,127.80924987792969
2025-07-07,126.79458618164062
2025-07-08,127.47601318359375
2025-07-09,128.2419891357422
2025-07-10,127.8192138671875
2025-07-11,127.25716400146484
2025-07-14,127.1527099609375
2025-07-15,128.28176879882812
2025-07-16,128.6796875
2025-07-17,129.8485565185547
2025-07-18,129.76400756835938
2025-07-21,129.93312072753906
2025-07-22,128.72943115234375
2025-07-23,129.465576171875
2025-07-24,130.01271057128906
2025-07-25,130.3111114501953
2025-07-28,131.3506622314453
2025-07-29,131.3556671142578
2025-07-30,131.64910888671875
2025-07-31,130.6841583251953
2025-08-01,127.86396789550781
2025-08-04,130.46035766601562
2025-08-05,129.38099670410156
2025-08-06,130.83834838867188
2025-08-07,130.95773315429688
2025-08-08,132.265869140625
2025-08-11,131.3705596923828
2025-08-12,133.40489196777344
2025-08-13,133.4546356201172
2025-08-14,133.16616821289062
2025-08-15,132.1564483642578
2025-08-18,132.43995666503906
2025-08-19,130.12709045410156
2025-08-20,129.24671936035156
2025-08-21,128.7791748046875
2025-08-22,130.5250244140625
2025-08-25,130.23155212402344
2025-08-26,130.8284149169922
2025-08-27,131.53472900390625
2025-08-28,132.5742645263672
2025-08-29,130.5399627685547
2025-09-02,129.2218475341797
2025-09-03,129.9927978515625
2025-09-04,130.6344451904297
2025-09-05,130.7438507080078
2025-09-08,131.72372436523438
2025-09-09,131.97738647460938
2025-09-10,134.36981201171875
2025-09-11,134.82244873046875
2025-09-12,134.73294067382812
2025-09-15,135.94654846191406
2025-09-16,135.47402954101562
2025-09-17,135.00648498535156
2025-09-18,137.33924865722656
2025-09-19,138.73194885253906
2025-09-22,140.7728729248047
2025-09-23,139.5576629638672
2025-09-24,138.69607543945312
2025-09-25,138.45204162597656
2025-09-26,138.8704071044922
2025-09-29,139.61245727539062
2025-09-30,140.3744354248047
2025-10-01,141.74899291992188
2025-10-02,142.51596069335938
2025-10-03,141.79879760742188
2025-10-06,143.23312377929688
2025-10-07,142.2769012451172
2025-10-08,144.77203369140625
2025-10-09,144.5279998779297
2025-10-10,138.6462860107422
2025-10-13,142.02291870117188
2025-10-14,140.20013427734375
2025-10-15,141.58961486816406
2025-10-16,141.69422912597656
2025-10-17,141.9432373046875
2025-10-20,143.52696228027344
2025-10-21,143.60165405273438
2025-10-22,142.18226623535156
2025-10-23,143.97518920898438
2025-10-24,146.21133422851562
2025-10-27,148.91065979003906
2025-10-28,150.38482666015625
2025-10-29,151.46556091308594
2025-10-30,149.60293579101562
2025-10-31,149.74732971191406
2025-11-03,150.35992431640625
2025-11-04,146.390625
2025-11-05,146.96334838867188
2025-11-06,144.0100555419922
2025-11-07,143.5120086669922
2025-11-10,147.18247985839844
2025-11-11,145.92745971679688
2025-11-12,146.38067626953125
2025-11-13,142.73011779785156
2025-11-14,143.50704956054688
2025-11-17,141.2609405517578
2025-11-18,138.9650115966797
2025-11-19,139.9311981201172
2025-11-20,135.53857421875
2025-11-21,136.0615234375
2025-11-24,139.30368041992188
2025-11-25,139.6772003173828
2025-11-26,141.33065795898438
2025-11-28,142.54583740234375
2025-12-01,142.610595703125
2025-12-02,144.07977294921875
2025-12-03,144.4234161376953
2025-12-04,144.96128845214844
2025-12-05,146.0220947265625
2025-12-08,147.04803466796875
2025-12-09,147.43649291992188
2025-12-10,148.14369201660156
2025-12-11,147.38668823242188
2025-12-12,143.12356567382812
2025-12-15,141.73904418945312
2025-12-16,141.99801635742188
2025-12-17,138.84051513671875
2025-12-18,140.98202514648438
2025-12-19,144.0299835205078
2025-12-22,144.80706787109375
2025-12-23,145.59515380859375
2025-12-24,145.94430541992188
2025-12-26,146.17373657226562
2025-12-29,145.51535034179688
2025-12-30,145.0564727783203
2025-12-31,143.61996459960938
