Date,XLP
2015-01-02,35.618255615234375
2015-01-05,35.36779022216797
2015-01-06,35.32358169555664
2015-01-07,35.927650451660156
2015-01-08,36.47279739379883
2015-01-09,36.17813491821289
2015-01-12,36.067626953125
2015-01-13,36.06025695800781
2015-01-14,35.94975662231445
2015-01-15,36.00868225097656
2015-01-16,36.295989990234375
2015-01-20,36.443336486816406
2015-01-21,36.62014389038086
2015-01-22,36.98847961425781
2015-01-23,36.57594299316406
2015-01-26,36.57594299316406
2015-01-27,36.15602493286133
2015-01-28,35.736122131347656
2015-01-29,36.02342987060547
2015-01-30,35.37514877319336
2015-02-02,35.7950553894043
2015-02-03,36.11183547973633
2015-02-04,36.12656021118164
2015-02-05,36.31072235107422
2015-02-06,36.148658752441406
2015-02-09,35.8760986328125
2015-02-10,36.295989990234375
2015-02-11,36.4654426574707
2015-02-12,36.63486862182617
2015-02-13,36.4654426574707
2015-02-17,36.47279739379883
2015-02-18,36.67169952392578
2015-02-19,36.43595886230469
2015-02-20,36.539085388183594
2015-02-23,36.64223098754883
2015-02-24,36.76747131347656
2015-02-25,36.64223098754883
2015-02-26,36.69379425048828
2015-02-27,36.841129302978516
2015-03-02,36.90743637084961
2015-03-03,36.76747131347656
2015-03-04,36.50962829589844
2015-03-05,36.63486862182617
2015-03-06,35.920291900634766
2015-03-09,36.11919403076172
2015-03-10,35.603515625
2015-03-11,35.3309440612793
2015-03-12,35.84662628173828
2015-03-13,35.566673278808594
2015-03-16,36.001319885253906
2015-03-17,35.74348831176758
2015-03-18,35.986595153808594
2015-03-19,35.82452392578125
2015-03-20,36.27367401123047
2015-03-23,36.332977294921875
2015-03-24,36.12544250488281
2015-03-25,36.0365104675293
2015-03-26,35.880859375
2015-03-27,36.103206634521484
2015-03-30,36.46638107299805
2015-03-31,36.12544250488281
2015-04-01,36.169918060302734
2015-04-02,36.41450500488281
2015-04-06,36.70357131958008
2015-04-07,36.53310012817383
2015-04-08,36.59238815307617
2015-04-09,36.69615936279297
2015-04-10,36.76285934448242
2015-04-13,36.59238815307617
2015-04-14,36.673912048339844
2015-04-15,36.570159912109375
2015-04-16,36.70357131958008
2015-04-17,36.36262130737305
2015-04-20,36.48862838745117
2015-04-21,36.555328369140625
2015-04-22,36.57756423950195
2015-04-23,36.451576232910156
2015-04-24,36.4589729309082
2015-04-27,36.258846282958984
2015-04-28,36.29591751098633
2015-04-29,35.969791412353516
2015-04-30,35.851200103759766
2015-05-01,36.17731857299805
2015-05-04,36.22920608520508
2015-05-05,35.94014358520508
2015-05-06,36.05131530761719
2015-05-07,36.14026641845703
2015-05-08,36.444149017333984
2015-05-11,36.29591751098633
2015-05-12,36.21438980102539
2015-05-13,36.199562072753906
2015-05-14,36.75544738769531
2015-05-15,36.87405014038086
2015-05-18,36.75544738769531
2015-05-19,36.65909194946289
2015-05-20,36.57756423950195
2015-05-21,36.65909194946289
2015-05-22,36.50343704223633
2015-05-26,36.21438980102539
2015-05-27,36.444149017333984
2015-05-28,36.39227294921875
2015-05-29,36.162506103515625
2015-06-01,36.162506103515625
2015-06-02,36.06615447998047
2015-06-03,36.043907165527344
2015-06-04,35.78449249267578
2015-06-05,35.27307891845703
2015-06-08,35.25825119018555
2015-06-09,35.42871856689453
2015-06-10,35.777095794677734
2015-06-11,35.76225662231445
2015-06-12,35.62143325805664
2015-06-15,35.36201858520508
2015-06-16,35.74742889404297
2015-06-17,35.94014358520508
2015-06-18,36.34037780761719
2015-06-19,36.28968048095703
2015-06-22,36.43137741088867
2015-06-23,36.274749755859375
2015-06-24,36.11068344116211
2015-06-25,36.043575286865234
2015-06-26,36.118133544921875
2015-06-29,35.558799743652344
2015-06-30,35.4991455078125
2015-07-01,35.95407485961914
2015-07-02,35.92424392700195
2015-07-06,35.89441680908203
2015-07-07,36.632728576660156
2015-07-08,36.22256088256836
2015-07-09,36.25237274169922
2015-07-10,36.677486419677734
2015-07-13,37.020538330078125
2015-07-14,37.080196380615234
2015-07-15,36.983245849609375
2015-07-16,37.36360549926758
2015-07-17,37.34123611450195
2015-07-20,37.4083366394043
2015-07-21,37.3188591003418
2015-07-22,37.4008903503418
2015-07-23,37.25919723510742
2015-07-24,37.050384521484375
2015-07-27,37.02801513671875
2015-07-28,37.445640563964844
2015-07-29,37.572410583496094
2015-07-30,37.445640563964844
2015-07-31,37.52021789550781
2015-08-03,37.572410583496094
2015-08-04,37.572410583496094
2015-08-05,37.90055465698242
2015-08-06,37.617156982421875
2015-08-07,37.4083366394043
2015-08-10,37.5500373840332
2015-08-11,37.415794372558594
2015-08-12,37.43818283081055
2015-08-13,37.28900909423828
2015-08-14,37.4083366394043
2015-08-17,37.445640563964844
2015-08-18,37.25919723510742
2015-08-19,36.916133880615234
2015-08-20,36.58052444458008
2015-08-21,35.581180572509766
2015-08-24,34.34318161010742
2015-08-25,34.08216094970703
2015-08-26,35.088958740234375
2015-08-27,35.60356140136719
2015-08-28,35.52897262573242
2015-08-31,35.282867431640625
2015-09-01,34.55946350097656
2015-09-02,35.02930450439453
2015-09-03,35.26795959472656
2015-09-04,34.69370651245117
2015-09-08,35.41710662841797
2015-09-09,34.83539581298828
2015-09-10,34.89507293701172
2015-09-11,35.12626266479492
2015-09-14,35.01438903808594
2015-09-15,35.43201446533203
2015-09-16,35.834739685058594
2015-09-17,35.834739685058594
2015-09-18,35.420413970947266
2015-09-21,35.68312454223633
2015-09-22,35.292816162109375
2015-09-23,35.35287094116211
2015-09-24,35.41291809082031
2015-09-25,35.63809585571289
2015-09-28,35.112674713134766
2015-09-29,35.09765625
2015-09-30,35.420413970947266
2015-10-01,35.420413970947266
2015-10-02,35.9083137512207
2015-10-05,36.52379608154297
2015-10-06,36.276100158691406
2015-10-07,36.60636520385742
2015-10-08,37.04170227050781
2015-10-09,37.12425994873047
2015-10-12,37.22184371948242
2015-10-13,36.99666976928711
2015-10-14,36.56882858276367
2015-10-15,36.89909744262695
2015-10-16,37.25187301635742
2015-10-19,37.41700744628906
2015-10-20,37.39447021484375
2015-10-21,37.401981353759766
2015-10-22,38.14506530761719
2015-10-23,38.085025787353516
2015-10-26,38.00995635986328
2015-10-27,38.0625
2015-10-28,37.84482192993164
2015-10-29,37.85984420776367
2015-10-30,37.439517974853516
2015-11-02,37.664695739746094
2015-11-03,37.48454666137695
2015-11-04,37.32691955566406
2015-11-05,37.31941223144531
2015-11-06,36.91409683227539
2015-11-09,36.666404724121094
2015-11-10,36.763980865478516
2015-11-11,36.71144104003906
2015-11-12,36.21604537963867
2015-11-13,35.900794982910156
2015-11-16,36.51628494262695
2015-11-17,36.50127410888672
2015-11-18,37.00416564941406
2015-11-19,37.101749420166016
2015-11-20,36.83905029296875
2015-11-23,37.16180419921875
2015-11-24,37.259376525878906
2015-11-25,37.35695266723633
2015-11-27,37.49956512451172
2015-11-30,37.094242095947266
2015-12-01,37.409488677978516
2015-12-02,37.22184371948242
2015-12-03,37.02668762207031
2015-12-04,37.85984420776367
2015-12-07,37.964927673339844
2015-12-08,37.86734390258789
2015-12-09,37.50706100463867
2015-12-10,37.55210876464844
2015-12-11,37.1392707824707
2015-12-14,37.50706100463867
2015-12-15,37.747249603271484
2015-12-16,38.475318908691406
2015-12-17,37.97993087768555
2015-12-18,37.30699920654297
2015-12-21,37.73041534423828
2015-12-22,38.22188949584961
2015-12-23,38.50166702270508
2015-12-24,38.46384811401367
2015-12-28,38.410919189453125
2015-12-29,38.74361801147461
2015-12-30,38.60752868652344
2015-12-31,38.17652130126953
2016-01-04,37.69261169433594
2016-01-05,37.934574127197266
2016-01-06,37.806026458740234
2016-01-07,37.35235595703125
2016-01-08,37.06502914428711
2016-01-11,37.412841796875
2016-01-12,37.617008209228516
2016-01-13,36.928932189941406
2016-01-14,37.10283279418945
2016-01-15,36.52062225341797
2016-01-19,36.95916748046875
2016-01-20,36.49793243408203
2016-01-21,36.641597747802734
2016-01-22,37.26919174194336
2016-01-25,36.93649673461914
2016-01-26,37.2767448425293
2016-01-27,37.23894119262695
2016-01-28,37.617008209228516
2016-01-29,38.380680084228516
2016-02-01,38.50922393798828
2016-02-02,38.01774978637695
2016-02-03,37.934574127197266
2016-02-04,37.58675765991211
2016-02-05,37.52626419067383
2016-02-08,37.427978515625
2016-02-09,37.677486419677734
2016-02-10,37.63212203979492
2016-02-11,37.32966995239258
2016-02-12,37.85897445678711
2016-02-16,38.161399841308594
2016-02-17,38.554595947265625
2016-02-18,38.380680084228516
2016-02-19,38.441165924072266
2016-02-22,38.63019561767578
2016-02-23,38.62264633178711
2016-02-24,38.74361801147461
2016-02-25,39.182167053222656
2016-02-26,38.63019561767578
2016-02-29,38.50166702270508
2016-03-01,38.872161865234375
2016-03-02,38.98557662963867
2016-03-03,39.182167053222656
2016-03-04,39.34851837158203
2016-03-07,39.106571197509766
2016-03-08,39.21997833251953
2016-03-09,39.514854431152344
2016-03-10,39.529991149902344
2016-03-11,39.65852355957031
2016-03-14,39.63585662841797
2016-03-15,39.7341423034668
2016-03-16,39.82486343383789
2016-03-17,40.06684112548828
2016-03-18,40.01438522338867
2016-03-21,40.037193298339844
2016-03-22,39.80158233642578
2016-03-23,39.80918884277344
2016-03-24,39.763587951660156
2016-03-28,39.97639846801758
2016-03-29,40.272796630859375
2016-03-30,40.53880310058594
2016-03-31,40.32599639892578
2016-04-01,40.75159454345703
2016-04-04,40.76679229736328
2016-04-05,40.49319839477539
2016-04-06,40.81239318847656
2016-04-07,40.3715934753418
2016-04-08,40.59199523925781
2016-04-11,40.30319595336914
2016-04-12,40.553993225097656
2016-04-13,40.24239730834961
2016-04-14,40.05998992919922
2016-04-15,40.31079864501953
2016-04-18,40.53880310058594
2016-04-19,40.5160026550293
2016-04-20,40.05998992919922
2016-04-21,39.3455810546875
2016-04-22,39.4899787902832
2016-04-25,39.763587951660156
2016-04-26,39.6039924621582
2016-04-27,39.79399108886719
2016-04-28,39.83198547363281
2016-04-29,39.748382568359375
2016-05-02,40.20439529418945
2016-05-03,40.128395080566406
2016-05-04,40.249996185302734
2016-05-05,40.25758361816406
2016-05-06,40.46281051635742
2016-05-09,40.683204650878906
2016-05-10,41.085994720458984
2016-05-11,40.75919723510742
2016-05-12,40.97959518432617
2016-05-13,40.46281051635742
2016-05-16,40.72119903564453
2016-05-17,39.92319869995117
2016-05-18,39.4595832824707
2016-05-19,39.847190856933594
2016-05-20,39.6419792175293
2016-05-23,39.68000411987305
2016-05-24,40.01438522338867
2016-05-25,40.0751953125
2016-05-26,40.234806060791016
2016-05-27,40.2803955078125
2016-05-31,40.02199935913086
2016-06-01,40.43240737915039
2016-06-02,40.447601318359375
2016-06-03,40.70600128173828
2016-06-06,40.75159454345703
2016-06-07,40.70600128173828
2016-06-08,40.94920349121094
2016-06-09,41.108802795410156
2016-06-10,41.13920974731445
2016-06-13,40.79719543457031
2016-06-14,40.95680618286133
2016-06-15,40.835205078125
2016-06-16,41.048004150390625
2016-06-17,40.88209533691406
2016-06-20,41.012062072753906
2016-06-21,41.119102478027344
2016-06-22,41.14203643798828
2016-06-23,41.394351959228516
2016-06-24,40.59918975830078
2016-06-27,40.51508331298828
2016-06-28,40.76739501953125
2016-06-29,41.24143981933594
2016-06-30,42.16658020019531
2016-07-01,41.96778869628906
2016-07-05,42.20481491088867
2016-07-06,42.2430419921875
2016-07-07,42.1589469909668
2016-07-08,42.57946014404297
2016-07-11,42.58710479736328
2016-07-12,42.357730865478516
2016-07-13,42.59474563598633
2016-07-14,42.58710479736328
2016-07-15,42.58710479736328
2016-07-18,42.54122543334961
2016-07-19,42.510650634765625
2016-07-20,42.357730865478516
2016-07-21,42.235408782958984
2016-07-22,42.4341926574707
2016-07-25,42.388309478759766
2016-07-26,42.05953598022461
2016-07-27,41.432586669921875
2016-07-28,41.616092681884766
2016-07-29,41.822532653808594
2016-08-01,41.86840057373047
2016-08-02,41.8072395324707
2016-08-03,41.577850341796875
2016-08-04,41.66960525512695
2016-08-05,41.73842239379883
2016-08-08,41.69255447387695
2016-08-09,41.822532653808594
2016-08-10,41.97542953491211
2016-08-11,41.97542953491211
2016-08-12,42.120697021484375
2016-08-15,42.0136604309082
2016-08-16,41.830162048339844
2016-08-17,41.94485092163086
2016-08-18,42.090126037597656
2016-08-19,41.99072265625
2016-08-22,42.05189514160156
2016-08-23,41.96778869628906
2016-08-24,41.89897537231445
2016-08-25,41.73842239379883
2016-08-26,41.52433395385742
2016-08-29,41.769004821777344
2016-08-30,41.52433395385742
2016-08-31,41.577850341796875
2016-09-01,41.59314727783203
2016-09-02,41.91427230834961
2016-09-06,42.006011962890625
2016-09-07,41.6390266418457
2016-09-08,41.4096565246582
2016-09-09,40.28571701049805
2016-09-12,41.04264450073242
2016-09-13,40.538028717041016
2016-09-14,40.41569900512695
2016-09-15,40.744468688964844
2016-09-16,40.61214828491211
2016-09-19,40.52751922607422
2016-09-20,40.63521957397461
2016-09-21,40.85832977294922
2016-09-22,41.21989440917969
2016-09-23,41.035255432128906
2016-09-26,40.68907928466797
2016-09-27,40.85832977294922
2016-09-28,40.92755889892578
2016-09-29,40.52751922607422
2016-09-30,40.93525314331055
2016-10-03,40.673683166503906
2016-10-04,40.32749938964844
2016-10-05,40.28902053833008
2016-10-06,40.365962982177734
2016-10-07,40.25824737548828
2016-10-10,40.25824737548828
2016-10-11,40.05054473876953
2016-10-12,40.27363204956055
2016-10-13,40.28133773803711
2016-10-14,40.28902053833008
2016-10-17,40.09669876098633
2016-10-18,40.219791412353516
2016-10-19,39.988983154296875
2016-10-20,39.96591567993164
2016-10-21,40.18132781982422
2016-10-24,40.44288635253906
2016-10-25,40.58906936645508
2016-10-26,40.53520965576172
2016-10-27,40.350589752197266
2016-10-28,40.51982879638672
2016-10-31,40.61983871459961
2016-11-01,40.44288635253906
2016-11-02,40.34286880493164
2016-11-03,40.06592559814453
2016-11-04,39.7043571472168
2016-11-07,40.37364959716797
2016-11-08,40.54290771484375
2016-11-09,39.988983154296875
2016-11-10,38.919639587402344
2016-11-11,38.88118362426758
2016-11-14,38.81193923950195
2016-11-15,39.05043411254883
2016-11-16,39.058128356933594
2016-11-17,38.988895416259766
2016-11-18,38.850406646728516
2016-11-21,39.11198043823242
2016-11-22,39.31200408935547
2016-11-23,39.096588134765625
2016-11-25,39.40431213378906
2016-11-28,39.48894500732422
2016-11-29,39.542789459228516
2016-11-30,38.911956787109375
2016-12-01,38.6580924987793
2016-12-02,38.904258728027344
2016-12-05,38.95042037963867
2016-12-06,39.065818786621094
2016-12-07,39.62741470336914
2016-12-08,39.46586227416992
2016-12-09,40.03515625
2016-12-12,40.19671630859375
2016-12-13,40.381343841552734
2016-12-14,39.942840576171875
2016-12-15,40.112091064453125
2016-12-16,40.341495513916016
2016-12-19,40.41900634765625
2016-12-20,40.341495513916016
2016-12-21,40.33374786376953
2016-12-22,40.27174377441406
2016-12-23,40.349246978759766
2016-12-27,40.341495513916016
2016-12-28,40.093482971191406
2016-12-29,40.27950668334961
2016-12-30,40.07798767089844
2017-01-03,40.22523498535156
2017-01-04,40.22523498535156
2017-01-05,40.35700988769531
2017-01-06,40.39574432373047
2017-01-09,40.070228576660156
2017-01-10,39.86872482299805
2017-01-11,39.94623947143555
2017-01-12,39.90747833251953
2017-01-13,39.93073654174805
2017-01-17,40.49650955200195
2017-01-18,40.63602828979492
2017-01-19,40.488773345947266
2017-01-20,40.75228500366211
2017-01-23,40.736785888671875
2017-01-24,41.0080451965332
2017-01-25,41.00029754638672
2017-01-26,40.8220329284668
2017-01-27,40.59727478027344
2017-01-30,40.5662727355957
2017-01-31,40.76002883911133
2017-02-01,40.442264556884766
2017-02-02,40.81428146362305
2017-02-03,41.07780075073242
2017-02-06,40.853031158447266
2017-02-07,41.186309814453125
2017-02-08,41.356815338134766
2017-02-09,41.52732849121094
2017-02-10,41.558326721191406
2017-02-13,41.558326721191406
2017-02-14,41.56608581542969
2017-02-15,41.945865631103516
2017-02-16,42.00011444091797
2017-02-17,42.20938491821289
2017-02-21,42.58915328979492
2017-02-22,42.59690856933594
2017-02-23,42.69765090942383
2017-02-24,42.84491729736328
2017-02-27,42.651153564453125
2017-02-28,42.705406188964844
2017-03-01,42.90692901611328
2017-03-02,42.89917755126953
2017-03-03,42.736419677734375
2017-03-06,42.5504035949707
2017-03-07,42.496158599853516
2017-03-08,42.40313720703125
2017-03-09,42.472896575927734
2017-03-10,42.66666793823242
2017-03-13,42.69765090942383
2017-03-14,42.57365417480469
2017-03-15,42.89143371582031
2017-03-16,42.95343780517578
2017-03-17,42.8365478515625
2017-03-20,42.922264099121094
2017-03-21,42.88330078125
2017-03-22,42.797611236572266
2017-03-23,42.704105377197266
2017-03-24,42.618412017822266
2017-03-27,42.57945251464844
2017-03-28,42.65735626220703
2017-03-29,42.73527145385742
2017-03-30,42.64958953857422
2017-03-31,42.5249137878418
2017-04-03,42.454803466796875
2017-04-04,42.57945251464844
2017-04-05,42.501522064208984
2017-04-06,42.501522064208984
2017-04-07,42.618412017822266
2017-04-10,42.74306106567383
2017-04-11,42.758644104003906
2017-04-12,42.922264099121094
2017-04-13,42.727481842041016
2017-04-17,43.031349182128906
2017-04-18,43.226131439208984
2017-04-19,43.06251525878906
2017-04-20,42.976810455322266
2017-04-21,42.852142333984375
2017-04-24,43.24169158935547
2017-04-25,43.41312026977539
2017-04-26,43.06251525878906
2017-04-27,43.00796890258789
2017-04-28,42.99238204956055
2017-05-01,42.828758239746094
2017-05-02,42.54049301147461
2017-05-03,42.57945251464844
2017-05-04,42.906681060791016
2017-05-05,43.023555755615234
2017-05-08,43.00796890258789
2017-05-09,42.852142333984375
2017-05-10,42.88330078125
2017-05-11,42.945640563964844
2017-05-12,42.82098388671875
2017-05-15,42.96122741699219
2017-05-16,42.922264099121094
2017-05-17,42.85992431640625
2017-05-18,42.89109420776367
2017-05-19,43.12483596801758
2017-05-22,43.36637496948242
2017-05-23,43.41312026977539
2017-05-24,43.58452224731445
2017-05-25,43.85721206665039
2017-05-26,44.02083969116211
2017-05-30,44.00526809692383
2017-05-31,44.129913330078125
2017-06-01,44.48831558227539
2017-06-02,44.620765686035156
2017-06-05,44.66752243041992
2017-06-06,44.55843734741211
2017-06-07,44.542850494384766
2017-06-08,44.20783233642578
2017-06-09,44.153282165527344
2017-06-12,44.14551544189453
2017-06-13,44.21561050415039
2017-06-14,44.49611282348633
2017-06-15,44.39482879638672
2017-06-16,43.928436279296875
2017-06-19,44.140438079833984
2017-06-20,43.96770095825195
2017-06-21,43.842079162597656
2017-06-22,43.55158615112305
2017-06-23,43.567291259765625
2017-06-26,43.740013122558594
2017-06-27,43.3631591796875
2017-06-28,43.52018356323242
2017-06-29,43.05693817138672
2017-06-30,43.135459899902344
2017-07-03,43.09620666503906
2017-07-05,43.064796447753906
2017-07-06,42.8214111328125
2017-07-07,42.7978401184082
2017-07-10,42.4995002746582
2017-07-11,42.38172149658203
2017-07-12,42.61725997924805
2017-07-13,42.625118255615234
2017-07-14,42.962738037109375
2017-07-17,43.00981903076172
2017-07-18,43.00981903076172
2017-07-19,43.1668586730957
2017-07-20,43.174720764160156
2017-07-21,43.24537658691406
2017-07-24,43.10405731201172
2017-07-25,43.40239715576172
2017-07-26,43.39457321166992
2017-07-27,43.818538665771484
2017-07-28,43.44951629638672
2017-07-31,43.43381881713867
2017-08-01,43.38669967651367
2017-08-02,43.35530090332031
2017-08-03,43.316036224365234
2017-08-04,43.198272705078125
2017-08-07,43.52018356323242
2017-08-08,43.35530090332031
2017-08-09,43.42596435546875
2017-08-10,43.24537658691406
2017-08-11,43.27676773071289
2017-08-14,43.48876953125
2017-08-15,43.70860290527344
2017-08-16,43.85779571533203
2017-08-17,43.45737075805664
2017-08-18,43.33959197998047
2017-08-21,43.49661636352539
2017-08-22,43.504478454589844
2017-08-23,43.37886428833008
2017-08-24,42.78215408325195
2017-08-25,42.923465728759766
2017-08-28,42.7978401184082
2017-08-29,42.94702911376953
2017-08-30,42.939178466796875
2017-08-31,42.95487976074219
2017-09-01,43.15900802612305
2017-09-05,43.221832275390625
2017-09-06,43.40239715576172
2017-09-07,43.465213775634766
2017-09-08,43.25322341918945
2017-09-11,43.52018356323242
2017-09-12,43.6143913269043
2017-09-13,43.6379508972168
2017-09-14,43.55158615112305
2017-09-15,43.6274299621582
2017-09-18,43.690635681152344
2017-09-19,43.55632400512695
2017-09-20,43.13759231567383
2017-09-21,42.72676467895508
2017-09-22,42.600341796875
2017-09-25,42.9084587097168
2017-09-26,43.01118469238281
2017-09-27,42.67936325073242
2017-09-28,42.67936325073242
2017-09-29,42.64775848388672
2017-10-02,42.5687370300293
2017-10-03,42.616146087646484
2017-10-04,42.75045394897461
2017-10-05,42.940067291259766
2017-10-06,42.51343536376953
2017-10-09,42.39492416381836
2017-10-10,42.766265869140625
2017-10-11,42.85315704345703
2017-10-12,43.034881591796875
2017-10-13,43.11388397216797
2017-10-16,43.12968826293945
2017-10-17,42.97167205810547
2017-10-18,42.916378021240234
2017-10-19,42.68724822998047
2017-10-20,42.58454132080078
2017-10-23,42.55293655395508
2017-10-24,42.40283203125
2017-10-25,42.28432083129883
2017-10-26,42.315921783447266
2017-10-27,41.95249557495117
2017-10-30,41.596946716308594
2017-10-31,41.944583892822266
2017-11-01,42.078895568847656
2017-11-02,41.976200103759766
2017-11-03,41.984100341796875
2017-11-06,41.53375244140625
2017-11-07,41.99989700317383
2017-11-08,42.45812225341797
2017-11-09,42.450233459472656
2017-11-10,42.884761810302734
2017-11-13,43.12968826293945
2017-11-14,43.2797966003418
2017-11-15,42.82155990600586
2017-11-16,43.414119720458984
2017-11-17,43.264007568359375
2017-11-20,43.21658706665039
2017-11-21,43.35879898071289
2017-11-22,43.303497314453125
2017-11-24,43.27189636230469
2017-11-27,43.295597076416016
2017-11-28,43.6511344909668
2017-11-29,43.880245208740234
2017-11-30,44.283180236816406
2017-12-01,44.3937873840332
2017-12-04,44.812530517578125
2017-12-05,44.74142837524414
2017-12-06,45.02585220336914
2017-12-07,44.591312408447266
2017-12-08,44.70981979370117
2017-12-11,44.70191192626953
2017-12-12,44.70981979370117
2017-12-13,44.962646484375
2017-12-14,44.7651252746582
2017-12-15,45.27293395996094
2017-12-18,45.24905014038086
2017-12-19,45.304771423339844
2017-12-20,45.22517395019531
2017-12-21,45.19334030151367
2017-12-22,45.26498031616211
2017-12-26,45.36842727661133
2017-12-27,45.36049270629883
2017-12-28,45.288848876953125
2017-12-29,45.28089141845703
2018-01-02,45.002315521240234
2018-01-03,44.98640060424805
2018-01-04,45.11375427246094
2018-01-05,45.3127326965332
2018-01-08,45.424163818359375
2018-01-09,45.36049270629883
2018-01-10,45.13761901855469
2018-01-11,45.07395553588867
2018-01-12,45.08987045288086
2018-01-16,45.296817779541016
2018-01-17,45.81416702270508
2018-01-18,45.678863525390625
2018-01-19,46.18825912475586
2018-01-22,46.538475036621094
2018-01-23,46.38724136352539
2018-01-24,46.48276138305664
2018-01-25,46.50663375854492
2018-01-26,46.729488372802734
2018-01-29,46.54643249511719
2018-01-30,46.236026763916016
2018-01-31,46.02111053466797
2018-02-01,45.82212829589844
2018-02-02,44.94660186767578
2018-02-05,43.31491470336914
2018-02-06,43.79249572753906
2018-02-07,43.60145950317383
2018-02-08,42.66225814819336
2018-02-09,42.74981689453125
2018-02-12,43.18757629394531
2018-02-13,43.386558532714844
2018-02-14,43.36267852783203
2018-02-15,44.07902526855469
2018-02-16,44.25412368774414
2018-02-20,43.251243591308594
2018-02-21,42.733890533447266
2018-02-22,42.84532928466797
2018-02-23,43.25920486450195
2018-02-26,43.52983474731445
2018-02-27,42.95675277709961
2018-02-28,42.51102828979492
2018-03-01,42.41551971435547
2018-03-02,42.773677825927734
2018-03-05,43.14778137207031
2018-03-06,43.17961502075195
2018-03-07,42.789608001708984
2018-03-08,43.17961502075195
2018-03-09,43.45819854736328
2018-03-12,43.37860870361328
2018-03-13,43.34675979614258
2018-03-14,42.90899658203125
2018-03-15,42.606544494628906
2018-03-16,42.62174606323242
2018-03-19,42.20553207397461
2018-03-20,42.085479736328125
2018-03-21,41.56521224975586
2018-03-22,41.221038818359375
2018-03-23,40.708763122558594
2018-03-26,41.293060302734375
2018-03-27,41.26906204223633
2018-03-28,41.83734893798828
2018-03-29,42.125484466552734
2018-04-02,41.09297180175781
2018-04-03,41.637245178222656
2018-04-04,42.28558349609375
2018-04-05,42.38963317871094
2018-04-06,41.9574089050293
2018-04-09,41.93340301513672
2018-04-10,42.02943801879883
2018-04-11,41.94941711425781
2018-04-12,41.8853759765625
2018-04-13,42.093475341796875
2018-04-16,42.549720764160156
2018-04-17,42.64575958251953
2018-04-18,42.32560348510742
2018-04-19,41.10097122192383
2018-04-20,40.41262435913086
2018-04-23,40.364593505859375
2018-04-24,40.10847473144531
2018-04-25,40.180511474609375
2018-04-26,40.42062759399414
2018-04-27,40.636741638183594
2018-04-30,40.380611419677734
2018-05-01,40.02842330932617
2018-05-02,39.2440185546875
2018-05-03,39.20400619506836
2018-05-04,39.77228927612305
2018-05-07,39.524166107177734
2018-05-08,39.36408233642578
2018-05-09,39.420127868652344
2018-05-10,39.6522331237793
2018-05-11,39.6522331237793
2018-05-14,39.63622283935547
2018-05-15,39.48414611816406
2018-05-16,39.764305114746094
2018-05-17,39.90035629272461
2018-05-18,39.6522331237793
2018-05-21,39.82032012939453
2018-05-22,39.74827575683594
2018-05-23,39.89236068725586
2018-05-24,39.86033630371094
2018-05-25,39.92436218261719
2018-05-29,39.8363151550293
2018-05-30,40.39661407470703
2018-05-31,39.74827575683594
2018-06-01,39.74827575683594
2018-06-04,40.076446533203125
2018-06-05,39.89236068725586
2018-06-06,39.94038009643555
2018-06-07,40.188514709472656
2018-06-08,40.68476486206055
2018-06-11,41.02093505859375
2018-06-12,41.10097122192383
2018-06-13,40.97290802001953
2018-06-14,41.044925689697266
2018-06-15,41.572471618652344
2018-06-18,40.96751403808594
2018-06-19,41.185279846191406
2018-06-20,41.22562789916992
2018-06-21,41.306278228759766
2018-06-22,41.64506149291992
2018-06-25,41.85477828979492
2018-06-26,41.67732620239258
2018-06-27,41.58858871459961
2018-06-28,41.58858871459961
2018-06-29,41.56439971923828
2018-07-02,41.32241439819336
2018-07-03,41.419212341308594
2018-07-05,41.99189758300781
2018-07-06,42.12096405029297
2018-07-09,41.95964050292969
2018-07-10,42.459739685058594
2018-07-11,42.32260513305664
2018-07-12,42.26614761352539
2018-07-13,42.540401458740234
2018-07-16,42.338741302490234
2018-07-17,42.701717376708984
2018-07-18,42.3548698425293
2018-07-19,42.37907028198242
2018-07-20,42.63718032836914
2018-07-23,42.371002197265625
2018-07-24,42.45166015625
2018-07-25,42.77430725097656
2018-07-26,43.00016403198242
2018-07-27,43.056617736816406
2018-07-30,43.00822448730469
2018-07-31,43.20987319946289
2018-08-01,42.84690475463867
2018-08-02,43.28247833251953
2018-08-03,43.790645599365234
2018-08-06,43.83094787597656
2018-08-07,43.564788818359375
2018-08-08,43.234066009521484
2018-08-09,43.10502624511719
2018-08-10,42.943702697753906
2018-08-13,42.943702697753906
2018-08-14,43.242130279541016
2018-08-15,43.41960525512695
2018-08-16,44.04067611694336
2018-08-17,44.379451751708984
2018-08-20,44.35525131225586
2018-08-21,44.04067611694336
2018-08-22,43.76642608642578
2018-08-23,43.66157913208008
2018-08-24,43.6051139831543
2018-08-27,43.629302978515625
2018-08-28,43.48412322998047
2018-08-29,43.532508850097656
2018-08-30,43.3953971862793
2018-08-31,43.379268646240234
2018-09-04,43.32279586791992
2018-09-05,43.822898864746094
2018-09-06,43.943885803222656
2018-09-07,43.85516357421875
2018-09-10,44.0084228515625
2018-09-11,43.847110748291016
2018-09-12,44.35525131225586
2018-09-13,44.290733337402344
2018-09-14,44.16973876953125
2018-09-17,44.3310546875
2018-09-18,44.14552688598633
2018-09-19,44.064876556396484
2018-09-20,44.62143325805664
2018-09-21,44.69291687011719
2018-09-24,44.010589599609375
2018-09-25,43.75065612792969
2018-09-26,43.799381256103516
2018-09-27,43.74251937866211
2018-09-28,43.8075065612793
2018-10-01,43.7750129699707
2018-10-02,44.02684020996094
2018-10-03,43.555694580078125
2018-10-04,43.45009994506836
2018-10-05,43.409488677978516
2018-10-08,44.010589599609375
2018-10-09,43.913108825683594
2018-10-10,43.38511276245117
2018-10-11,42.31287384033203
2018-10-12,42.5484504699707
2018-10-15,42.808372497558594
2018-10-16,43.28763198852539
2018-10-17,43.4907112121582
2018-10-18,43.4338493347168
2018-10-19,44.42485809326172
2018-10-22,44.09181213378906
2018-10-23,44.286766052246094
2018-10-24,44.47359848022461
2018-10-25,44.57919692993164
2018-10-26,43.72629165649414
2018-10-29,44.22990417480469
2018-10-30,45.10719680786133
2018-10-31,44.684791564941406
2018-11-01,45.00159454345703
2018-11-02,44.766029357910156
2018-11-05,45.326515197753906
2018-11-06,45.602699279785156
2018-11-07,45.86262893676758
2018-11-08,45.88701629638672
2018-11-09,46.155067443847656
2018-11-12,45.911373138427734
2018-11-13,45.8057746887207
2018-11-14,45.49710464477539
2018-11-15,45.42399597167969
2018-11-16,45.537715911865234
2018-11-19,45.4646110534668
2018-11-20,44.70916748046875
2018-11-21,44.35174560546875
2018-11-23,44.5060920715332
2018-11-26,44.562950134277344
2018-11-27,44.96098709106445
2018-11-28,45.33464431762695
2018-11-29,45.407745361328125
2018-11-30,45.70017623901367
2018-12-03,45.74079132080078
2018-12-04,44.9691047668457
2018-12-06,45.01784896850586
2018-12-07,44.44923782348633
2018-12-10,44.44923782348633
2018-12-11,44.81477355957031
2018-12-12,44.75790023803711
2018-12-13,45.03408432006836
2018-12-14,44.27051544189453
2018-12-17,43.24702453613281
2018-12-18,42.735260009765625
2018-12-19,42.320987701416016
2018-12-20,41.56554412841797
2018-12-21,41.134376525878906
2018-12-24,39.94575500488281
2018-12-26,41.060604095458984
2018-12-27,41.454063415527344
2018-12-28,41.454063415527344
2018-12-31,41.626220703125
2019-01-02,41.38029098510742
2019-01-03,41.1425666809082
2019-01-04,42.019691467285156
2019-01-07,41.96229934692383
2019-01-08,42.34757614135742
2019-01-09,41.954097747802734
2019-01-10,42.200035095214844
2019-01-11,42.322998046875
2019-01-14,42.11804962158203
2019-01-15,42.5361213684082
2019-01-16,42.30660629272461
2019-01-17,42.4869499206543
2019-01-18,42.995174407958984
2019-01-22,42.60170364379883
2019-01-23,43.10993194580078
2019-01-24,42.577110290527344
2019-01-25,42.40496063232422
2019-01-28,42.585304260253906
2019-01-29,42.68367385864258
2019-01-30,42.9705810546875
2019-01-31,43.76572036743164
2019-02-01,43.626373291015625
2019-02-04,43.90507888793945
2019-02-05,43.91327667236328
2019-02-06,43.921470642089844
2019-02-07,43.88868713378906
2019-02-08,44.09362030029297
2019-02-11,44.2083854675293
2019-02-12,44.552669525146484
2019-02-13,44.6346435546875
2019-02-14,44.134605407714844
2019-02-15,44.552669525146484
2019-02-19,44.782196044921875
2019-02-20,44.700225830078125
2019-02-21,44.831382751464844
2019-02-22,44.618255615234375
2019-02-25,44.3723258972168
2019-02-26,44.39692687988281
2019-02-27,44.33134460449219
2019-02-28,44.54446792602539
2019-03-01,44.46250534057617
2019-03-04,44.388729095458984
2019-03-05,44.35593795776367
2019-03-06,44.29035568237305
2019-03-07,44.00345230102539
2019-03-08,44.02803421020508
2019-03-11,44.60186767578125
2019-03-12,44.618255615234375
2019-03-13,44.872379302978516
2019-03-14,44.831382751464844
2019-03-15,45.085243225097656
2019-03-18,45.15118408203125
2019-03-19,45.118221282958984
2019-03-20,44.92864990234375
2019-03-21,45.456153869628906
2019-03-22,45.39844512939453
2019-03-25,45.4891242980957
2019-03-26,45.87649917602539
2019-03-27,45.719905853271484
2019-03-28,45.94243621826172
2019-03-29,46.247406005859375
2019-04-01,46.0908088684082
2019-04-02,45.7116584777832
2019-04-03,45.4891242980957
2019-04-04,45.66219711303711
2019-04-05,45.818809509277344
2019-04-08,46.00837326049805
2019-04-09,45.950679779052734
2019-04-10,46.082557678222656
2019-04-11,46.17323303222656
2019-04-12,46.32158660888672
2019-04-15,46.59357452392578
2019-04-16,46.60182571411133
2019-04-17,46.832603454589844
2019-04-18,46.87382507324219
2019-04-22,46.890296936035156
2019-04-23,46.741943359375
2019-04-24,46.84085464477539
2019-04-25,46.544132232666016
2019-04-26,46.96448516845703
2019-04-29,47.022186279296875
2019-04-30,47.566165924072266
2019-05-01,46.9809684753418
2019-05-02,46.96448516845703
2019-05-03,47.318904876708984
2019-05-06,47.244728088378906
2019-05-07,46.77491760253906
2019-05-08,46.76668167114258
2019-05-09,46.66776657104492
2019-05-10,47.23647689819336
2019-05-13,46.7913932800293
2019-05-14,47.01394271850586
2019-05-15,47.384830474853516
2019-05-16,47.7557373046875
2019-05-17,47.5991325378418
2019-05-20,47.48373794555664
2019-05-21,47.384830474853516
2019-05-22,47.5991325378418
2019-05-23,47.58264923095703
2019-05-24,47.40956115722656
2019-05-28,46.63479995727539
2019-05-29,46.29685592651367
2019-05-30,46.49467086791992
2019-05-31,45.83528518676758
2019-06-03,46.41224670410156
2019-06-04,46.832603454589844
2019-06-05,47.36835479736328
2019-06-06,47.86288833618164
2019-06-07,48.3244514465332
2019-06-10,48.3409423828125
2019-06-11,48.4975471496582
2019-06-12,48.57173156738281
2019-06-13,48.67887496948242
2019-06-14,48.7036018371582
2019-06-17,48.5634880065918
2019-06-18,48.29973602294922
2019-06-19,48.4975471496582
2019-06-20,48.92613220214844
2019-06-21,48.76751708984375
2019-06-24,48.8921012878418
2019-06-25,48.8671875
2019-06-26,48.1695442199707
2019-06-27,48.26090621948242
2019-06-28,48.22768783569336
2019-07-01,48.51836395263672
2019-07-02,48.941925048828125
2019-07-03,49.548187255859375
2019-07-05,49.33226013183594
2019-07-08,49.3986930847168
2019-07-09,49.10802459716797
2019-07-10,49.42361831665039
2019-07-11,49.548187255859375
2019-07-12,49.68938446044922
2019-07-15,49.80565643310547
2019-07-16,49.822265625
2019-07-17,49.764122009277344
2019-07-18,50.09633255004883
2019-07-19,49.78073501586914
2019-07-22,49.49006652832031
2019-07-23,49.84718704223633
2019-07-24,49.51497268676758
2019-07-25,49.581417083740234
2019-07-26,50.13786315917969
2019-07-29,50.22920227050781
2019-07-30,50.37870407104492
2019-07-31,49.357173919677734
2019-08-01,49.18276596069336
2019-08-02,49.191062927246094
2019-08-05,47.912086486816406
2019-08-06,48.34395217895508
2019-08-07,48.908695220947266
2019-08-08,49.539894104003906
2019-08-09,49.26581954956055
2019-08-12,48.933616638183594
2019-08-13,49.49006652832031
2019-08-14,48.70938491821289
2019-08-15,49.440216064453125
2019-08-16,50.00497817993164
2019-08-19,50.50328063964844
2019-08-20,49.95514678955078
2019-08-21,50.0880241394043
2019-08-22,50.353790283203125
2019-08-23,49.51497268676758
2019-08-26,50.129554748535156
2019-08-27,49.98835372924805
2019-08-28,50.470062255859375
2019-08-29,50.49497604370117
2019-08-30,50.42853546142578
2019-09-03,50.719207763671875
2019-09-04,51.17599105834961
2019-09-05,50.86039352416992
2019-09-06,51.02650451660156
2019-09-09,50.91022491455078
2019-09-10,50.59463119506836
2019-09-11,50.77735137939453
2019-09-12,50.9849739074707
2019-09-13,50.69430923461914
2019-09-16,50.20429611206055
2019-09-17,50.47836685180664
2019-09-18,50.56142044067383
2019-09-19,50.5531005859375
2019-09-20,50.3927116394043
2019-09-23,50.59321594238281
2019-09-24,50.802066802978516
2019-09-25,50.83547592163086
2019-09-26,51.119529724121094
2019-09-27,51.06105422973633
2019-09-30,51.311676025390625
2019-10-01,51.17799758911133
2019-10-02,50.15044021606445
2019-10-03,50.501312255859375
2019-10-04,51.29496765136719
2019-10-07,50.87725067138672
2019-10-08,50.3927116394043
2019-10-09,50.77700424194336
2019-10-10,50.87725067138672
2019-10-11,50.827125549316406
2019-10-14,50.576499938964844
2019-10-15,50.35929489135742
2019-10-16,50.409427642822266
2019-10-17,50.64333724975586
2019-10-18,50.74359130859375
2019-10-21,50.910675048828125
2019-10-22,50.9273796081543
2019-10-23,51.161293029785156
2019-10-24,51.33674621582031
2019-10-25,51.035980224609375
2019-10-28,50.93572998046875
2019-10-29,50.93572998046875
2019-10-30,51.16965866088867
2019-10-31,51.0944709777832
2019-11-01,51.086116790771484
2019-11-04,50.59321594238281
2019-11-05,50.760284423828125
2019-11-06,50.96916198730469
2019-11-07,50.7937126159668
2019-11-08,50.760284423828125
2019-11-11,50.68510437011719
2019-11-12,50.85218048095703
2019-11-13,51.236488342285156
2019-11-14,51.21977233886719
2019-11-15,51.236488342285156
2019-11-18,51.503814697265625
2019-11-19,51.43698501586914
2019-11-20,51.55394744873047
2019-11-21,51.29496765136719
2019-11-22,51.21141815185547
2019-11-25,51.26991271972656
2019-11-26,51.6876220703125
2019-11-27,51.812931060791016
2019-11-29,51.796226501464844
2019-12-02,51.913185119628906
2019-12-03,51.82962417602539
2019-12-04,52.17216110229492
2019-12-05,52.15545654296875
2019-12-06,52.355953216552734
2019-12-09,52.39772033691406
2019-12-10,52.23064422607422
2019-12-11,52.30583953857422
2019-12-12,52.264060974121094
2019-12-13,52.447845458984375
2019-12-16,52.63163757324219
2019-12-17,52.54811096191406
2019-12-18,52.46455764770508
2019-12-19,52.74860763549805
2019-12-20,53.146995544433594
2019-12-23,52.91957473754883
2019-12-24,52.98696517944336
2019-12-26,53.03749465942383
2019-12-27,53.273338317871094
2019-12-30,52.99538803100586
2019-12-31,53.045928955078125
2020-01-02,52.62478256225586
2020-01-03,52.540557861328125
2020-01-06,52.65005111694336
2020-01-07,52.24577713012695
2020-01-08,52.43949508666992
2020-01-09,52.81008529663086
2020-01-10,52.77640151977539
2020-01-13,53.121726989746094
2020-01-14,53.138572692871094
2020-01-15,53.51760482788086
2020-01-16,53.66077423095703
2020-01-17,53.7534294128418
2020-01-21,53.938716888427734
2020-01-22,53.980831146240234
2020-01-23,53.930301666259766
2020-01-24,53.55970764160156
2020-01-27,53.39125442504883
2020-01-28,53.45863723754883
2020-01-29,53.189117431640625
2020-01-30,53.82080841064453
2020-01-31,53.214378356933594
2020-02-03,53.214378356933594
2020-02-04,53.534446716308594
2020-02-05,53.963985443115234
2020-02-06,54.0566520690918
2020-02-07,54.1240234375
2020-02-10,54.351436614990234
2020-02-11,54.149295806884766
2020-02-12,54.1240234375
2020-02-13,54.444087982177734
2020-02-14,54.570430755615234
2020-02-18,54.37670135498047
2020-02-19,54.317745208740234
2020-02-20,54.359867095947266
2020-02-21,54.4525146484375
2020-02-24,53.19752502441406
2020-02-25,52.23735046386719
2020-02-26,51.94255065917969
2020-02-27,49.82847213745117
2020-02-28,48.843021392822266
2020-03-02,51.454036712646484
2020-03-03,50.75495910644531
2020-03-04,53.2480583190918
2020-03-05,52.24577713012695
2020-03-06,51.83305358886719
2020-03-09,49.57579040527344
2020-03-10,50.99921417236328
2020-03-11,48.497684478759766
2020-03-12,43.94102478027344
2020-03-13,47.68068313598633
2020-03-16,44.446380615234375
2020-03-17,48.194480895996094
2020-03-18,46.95634078979492
2020-03-19,45.38972473144531
2020-03-20,42.45021057128906
2020-03-23,41.1939697265625
2020-03-24,43.29475784301758
2020-03-25,43.17617416381836
2020-03-26,45.53955078125
2020-03-27,45.32778549194336
2020-03-30,47.09819030761719
2020-03-31,46.1409912109375
2020-04-01,45.36165237426758
2020-04-02,46.52217102050781
2020-04-03,46.88643264770508
2020-04-06,48.63142776489258
2020-04-07,48.072357177734375
2020-04-08,48.783905029296875
2020-04-09,49.241336822509766
2020-04-13,48.877079010009766
2020-04-14,50.95246124267578
2020-04-15,50.147727966308594
2020-04-16,50.47808837890625
2020-04-17,51.24894332885742
2020-04-20,50.24089431762695
2020-04-21,49.1735725402832
2020-04-22,49.647945404052734
2020-04-23,49.20745849609375
2020-04-24,49.732643127441406
2020-04-27,49.87664031982422
2020-04-28,50.15618133544922
2020-04-29,49.944419860839844
2020-04-30,49.35144805908203
2020-05-01,48.809322357177734
2020-05-04,48.783905029296875
2020-05-05,48.826271057128906
2020-05-06,48.2926025390625
2020-05-07,48.15706253051758
2020-05-08,49.232852935791016
2020-05-11,49.16508865356445
2020-05-12,48.75002670288086
2020-05-13,48.30951690673828
2020-05-14,48.19095230102539
2020-05-15,48.61449432373047
2020-05-18,49.385345458984375
2020-05-19,48.478939056396484
2020-05-20,49.05497360229492
2020-05-21,48.51283645629883
2020-05-22,48.6822624206543
2020-05-26,48.94485092163086
2020-05-27,49.681827545166016
2020-05-28,50.122318267822266
2020-05-29,50.173118591308594
2020-06-01,50.52043151855469
2020-06-02,50.655967712402344
2020-06-03,50.72373580932617
2020-06-04,50.47808837890625
2020-06-05,51.1811637878418
2020-06-08,51.731773376464844
2020-06-09,51.3082389831543
2020-06-10,51.16423416137695
2020-06-11,49.224395751953125
2020-06-12,49.232852935791016
2020-06-15,49.800411224365234
2020-06-16,50.579742431640625
2020-06-17,50.50349807739258
2020-06-18,50.7661018371582
2020-06-19,50.50349807739258
2020-06-22,50.35922622680664
2020-06-23,50.28239059448242
2020-06-24,49.4372444152832
2020-06-25,49.7872428894043
2020-06-26,48.771358489990234
2020-06-29,49.6933479309082
2020-06-30,50.060428619384766
2020-07-01,50.10311508178711
2020-07-02,50.35922622680664
2020-07-06,50.60680389404297
2020-07-07,51.06779861450195
2020-07-08,50.939735412597656
2020-07-09,50.538509368896484
2020-07-10,51.46902847290039
2020-07-13,51.392189025878906
2020-07-14,52.1434440612793
2020-07-15,52.186134338378906
2020-07-16,52.2971076965332
2020-07-17,52.57881546020508
2020-07-20,52.04954147338867
2020-07-21,52.501991271972656
2020-07-22,52.92030334472656
2020-07-23,53.10810852050781
2020-07-24,53.03981018066406
2020-07-27,53.30446243286133
2020-07-28,53.50080108642578
2020-07-29,53.5776481628418
2020-07-30,53.5776481628418
2020-07-31,53.52642059326172
2020-08-03,53.38128662109375
2020-08-04,54.047176361083984
2020-08-05,53.93619155883789
2020-08-06,53.92765808105469
2020-08-07,54.21790313720703
2020-08-10,54.499629974365234
2020-08-11,54.12400436401367
2020-08-12,54.82403564453125
2020-08-13,54.78133773803711
2020-08-14,54.77281188964844
2020-08-17,55.080135345458984
2020-08-18,55.30209732055664
2020-08-19,54.86671447753906
2020-08-20,54.7557373046875
2020-08-21,54.892330169677734
2020-08-24,55.36185836791992
2020-08-25,55.24233627319336
2020-08-26,55.310638427734375
2020-08-27,55.6521110534668
2020-08-28,56.147247314453125
2020-08-31,55.98505401611328
2020-09-01,56.04480743408203
2020-09-02,57.060691833496094
2020-09-03,56.07895278930664
2020-09-04,55.95090103149414
2020-09-08,54.77281188964844
2020-09-09,55.566741943359375
2020-09-10,54.883792877197266
2020-09-11,55.19112777709961
2020-09-14,55.54966735839844
2020-09-15,55.47283172607422
2020-09-16,55.22526550292969
2020-09-17,54.8752555847168
2020-09-18,54.37157440185547
2020-09-21,53.956787109375
2020-09-22,54.274532318115234
2020-09-23,53.45869445800781
2020-09-24,53.853729248046875
2020-09-25,54.13713073730469
2020-09-28,54.74685287475586
2020-09-29,54.386173248291016
2020-09-30,55.04743194580078
2020-10-01,55.35659408569336
2020-10-02,55.04743194580078
2020-10-05,55.416690826416016
2020-10-06,55.05601501464844
2020-10-07,55.64856719970703
2020-10-08,56.01785659790039
2020-10-09,56.455814361572266
2020-10-12,57.10848617553711
2020-10-13,57.06554412841797
2020-10-14,56.77356719970703
2020-10-15,56.80791473388672
2020-10-16,56.82509231567383
2020-10-19,56.086544036865234
2020-10-20,56.026432037353516
2020-10-21,56.07796859741211
2020-10-22,56.05218505859375
2020-10-23,56.15524673461914
2020-10-26,55.43387985229492
2020-10-27,55.28788375854492
2020-10-28,53.67338562011719
2020-10-29,53.65620803833008
2020-10-30,53.467281341552734
2020-11-02,54.31746292114258
2020-11-03,55.21059036254883
2020-11-04,55.236351013183594
2020-11-05,55.63998031616211
2020-11-06,55.89760971069336
2020-11-09,55.768798828125
2020-11-10,56.868038177490234
2020-11-11,57.35752487182617
2020-11-12,57.202964782714844
2020-11-13,57.99302291870117
2020-11-16,58.52546310424805
2020-11-17,58.113243103027344
2020-11-18,57.31459426879883
2020-11-19,57.46916580200195
2020-11-20,57.10848617553711
2020-11-23,57.125667572021484
2020-11-24,57.512115478515625
2020-11-25,57.477752685546875
2020-11-27,57.46916580200195
2020-11-30,57.46058654785156
2020-12-01,57.96723937988281
2020-12-02,57.48635482788086
2020-12-03,57.6323356628418
2020-12-04,58.078895568847656
2020-12-07,57.85562515258789
2020-12-08,58.17337417602539
2020-12-09,57.941490173339844
2020-12-10,57.683860778808594
2020-12-11,57.81268310546875
2020-12-14,57.58939743041992
2020-12-15,57.72681427001953
2020-12-16,57.83844757080078
2020-12-17,58.20771408081055
2020-12-18,58.336544036865234
2020-12-21,57.70783615112305
2020-12-22,57.30084228515625
2020-12-23,57.491355895996094
2020-12-24,57.77711486816406
2020-12-28,58.236080169677734
2020-12-29,58.062889099121094
2020-12-30,58.002262115478516
2020-12-31,58.40928649902344
2021-01-04,57.77711486816406
2021-01-05,57.77711486816406
2021-01-06,57.8204231262207
2021-01-07,57.64723205566406
2021-01-08,57.93300247192383
2021-01-11,57.43940353393555
2021-01-12,57.24888610839844
2021-01-13,57.335472106933594
2021-01-14,57.03239822387695
2021-01-15,56.833213806152344
2021-01-19,56.58208084106445
2021-01-20,56.68600845336914
2021-01-21,56.4954948425293
2021-01-22,56.34828567504883
2021-01-25,56.91115951538086
2021-01-26,57.422061920166016
2021-01-27,56.452205657958984
2021-01-28,56.66869354248047
2021-01-29,55.49962615966797
2021-02-01,55.55158996582031
2021-02-02,55.92395782470703
2021-02-03,56.01055145263672
2021-02-04,56.41755294799805
2021-02-05,56.94579315185547
2021-02-08,57.16229248046875
2021-02-09,57.11033248901367
2021-02-10,57.04971694946289
2021-02-11,56.7985725402832
2021-02-12,56.885169982910156
2021-02-16,56.7812614440918
2021-02-17,56.98909378051758
2021-02-18,56.95445251464844
2021-02-19,56.2357063293457
2021-02-22,56.28765869140625
2021-02-23,56.3656005859375
2021-02-24,56.33096694946289
2021-02-25,55.71611404418945
2021-02-26,54.815528869628906
2021-03-01,55.369747161865234
2021-03-02,55.27448272705078
2021-03-03,55.01469802856445
2021-03-04,54.815528869628906
2021-03-05,56.02787399291992
2021-03-08,56.27033996582031
2021-03-09,56.2183723449707
2021-03-10,56.95445251464844
2021-03-11,56.81591033935547
2021-03-12,57.28351974487305
2021-03-15,57.53466033935547
2021-03-16,57.60393524169922
2021-03-17,57.517330169677734
2021-03-18,57.28351974487305
2021-03-19,57.48268508911133
2021-03-22,58.08953094482422
2021-03-23,58.33331298828125
2021-03-24,58.10695266723633
2021-03-25,58.67286682128906
2021-03-26,59.70893859863281
2021-03-29,60.3096809387207
2021-03-30,59.66541290283203
2021-03-31,59.473854064941406
2021-04-01,59.186553955078125
2021-04-05,59.94401168823242
2021-04-06,60.196502685546875
2021-04-07,60.04849624633789
2021-04-08,60.109439849853516
2021-04-09,60.00495529174805
2021-04-12,60.32710266113281
2021-04-13,60.00495529174805
2021-04-14,59.952728271484375
2021-04-15,60.43157196044922
2021-04-16,60.779823303222656
2021-04-19,60.54475402832031
2021-04-20,60.8756103515625
2021-04-21,61.18033981323242
2021-04-22,60.72758483886719
2021-04-23,60.57087326049805
2021-04-26,59.89177322387695
2021-04-27,59.84825134277344
2021-04-28,59.89177322387695
2021-04-29,60.52734375
2021-04-30,60.579586029052734
2021-05-03,61.075843811035156
2021-05-04,60.76242446899414
2021-05-05,60.718875885009766
2021-05-06,61.502464294433594
2021-05-07,61.502464294433594
2021-05-10,61.972618103027344
2021-05-11,61.43281936645508
2021-05-12,60.614402770996094
2021-05-13,61.4676513671875
2021-05-14,61.737545013427734
2021-05-17,61.65048599243164
2021-05-18,61.45894241333008
2021-05-19,61.25868606567383
2021-05-20,61.82460403442383
2021-05-21,61.833316802978516
2021-05-24,62.01615905761719
2021-05-25,62.033565521240234
2021-05-26,61.90298080444336
2021-05-27,61.51988983154297
2021-05-28,61.65048599243164
2021-06-01,61.4415283203125
2021-06-02,61.66789627075195
2021-06-03,62.05097961425781
2021-06-04,62.268646240234375
2021-06-07,62.16415023803711
2021-06-08,61.64177322387695
2021-06-09,61.34575271606445
2021-06-10,61.72883987426758
2021-06-11,61.76365661621094
2021-06-14,61.72883987426758
2021-06-15,61.58082580566406
2021-06-16,60.76242446899414
2021-06-17,60.98009490966797
2021-06-18,59.900489807128906
2021-06-21,60.58749771118164
2021-06-22,60.675132751464844
2021-06-23,60.29830551147461
2021-06-24,60.59626007080078
2021-06-25,61.06069564819336
2021-06-28,61.1132698059082
2021-06-29,60.84164047241211
2021-06-30,61.31483840942383
2021-07-01,61.13080978393555
2021-07-02,61.279788970947266
2021-07-06,61.025665283203125
2021-07-07,61.34988784790039
2021-07-08,61.12204360961914
2021-07-09,61.47256088256836
2021-07-12,61.376190185546875
2021-07-13,61.35862350463867
2021-07-14,61.901947021484375
2021-07-15,62.15609359741211
2021-07-16,62.25247573852539
2021-07-19,62.06845474243164
2021-07-20,62.08598327636719
2021-07-21,61.92824172973633
2021-07-22,61.82308578491211
2021-07-23,62.567935943603516
2021-07-26,62.67310333251953
2021-07-27,62.804542541503906
2021-07-28,62.25247573852539
2021-07-29,62.55916976928711
2021-07-30,62.66433334350586
2021-08-02,62.40143585205078
2021-08-03,62.681861877441406
2021-08-04,61.866905212402344
2021-08-05,62.164852142333984
2021-08-06,62.164852142333984
2021-08-09,62.3926887512207
2021-08-10,62.839603424072266
2021-08-11,63.04989242553711
2021-08-12,63.014862060546875
2021-08-13,63.54064178466797
2021-08-16,63.90867614746094
2021-08-17,63.943729400634766
2021-08-18,63.14630889892578
2021-08-19,63.65456008911133
2021-08-20,63.75970458984375
2021-08-23,63.55815505981445
2021-08-24,63.076210021972656
2021-08-25,62.97104263305664
2021-08-26,62.681861877441406
2021-08-27,62.900936126708984
2021-08-30,63.18134689331055
2021-08-31,63.32155227661133
2021-09-01,63.65456008911133
2021-09-02,63.89992141723633
2021-09-03,63.82106399536133
2021-09-07,63.08496856689453
2021-09-08,63.628265380859375
2021-09-09,63.26024627685547
2021-09-10,62.98857116699219
2021-09-13,63.14630889892578
2021-09-14,62.85713577270508
2021-09-15,63.08496856689453
2021-09-16,62.874656677246094
2021-09-17,62.532894134521484
2021-09-20,61.90859603881836
2021-09-21,61.838069915771484
2021-09-22,62.01442337036133
2021-09-23,62.243682861328125
2021-09-24,62.27012634277344
2021-09-27,61.98796081542969
2021-09-28,61.256107330322266
2021-09-29,61.811607360839844
2021-09-30,60.70056915283203
2021-10-01,60.859310150146484
2021-10-04,60.66532897949219
2021-10-05,60.973934173583984
2021-10-06,61.56471252441406
2021-10-07,61.838069915771484
2021-10-08,61.76753234863281
2021-10-11,61.749874114990234
2021-10-12,61.77631759643555
2021-10-13,61.89094924926758
2021-10-14,62.58755874633789
2021-10-15,62.43765640258789
2021-10-18,62.06734085083008
2021-10-19,62.093780517578125
2021-10-20,62.45530319213867
2021-10-21,62.375938415527344
2021-10-22,62.860923767089844
2021-10-25,62.81681823730469
2021-10-26,63.037261962890625
2021-10-27,62.66692352294922
2021-10-28,62.88736343383789
2021-10-29,62.82563018798828
2021-11-01,62.92262649536133
2021-11-02,63.34587860107422
2021-11-03,63.936649322509766
2021-11-04,63.99836730957031
2021-11-05,64.36872863769531
2021-11-08,63.85729217529297
2021-11-09,64.07774353027344
2021-11-10,64.27172088623047
2021-11-11,64.22763061523438
2021-11-12,64.22763061523438
2021-11-15,64.53626251220703
2021-11-16,64.13066101074219
2021-11-17,63.98957061767578
2021-11-18,63.76029586791992
2021-11-19,63.53104782104492
2021-11-22,64.03363800048828
2021-11-23,64.4569091796875
2021-11-24,64.26290130615234
2021-11-26,63.451683044433594
2021-11-29,63.61039733886719
2021-11-30,61.97914505004883
2021-12-01,61.67932891845703
2021-12-02,62.33183670043945
2021-12-03,63.1077995300293
2021-12-06,64.21882629394531
2021-12-07,64.35990905761719
2021-12-08,64.1570816040039
2021-12-09,64.33346557617188
2021-12-10,65.41801452636719
2021-12-13,66.27332305908203
2021-12-14,66.31741333007812
2021-12-15,66.98757934570312
2021-12-16,67.46370697021484
2021-12-17,66.30860137939453
2021-12-20,66.328125
2021-12-21,66.23936462402344
2021-12-22,66.65663146972656
2021-12-23,66.80757141113281
2021-12-27,67.5177993774414
2021-12-28,67.89954376220703
2021-12-29,68.21028900146484
2021-12-30,67.99720001220703
2021-12-31,68.45887756347656
2022-01-03,68.45000457763672
2022-01-04,68.91165161132812
2022-01-05,68.84951782226562
2022-01-06,68.6630630493164
2022-01-07,68.73409271240234
2022-01-10,68.19253540039062
2022-01-11,68.11263275146484
2022-01-12,68.13926696777344
2022-01-13,68.2635726928711
2022-01-14,68.38784790039062
2022-01-18,67.40237426757812
2022-01-19,67.82850646972656
2022-01-20,67.38461303710938
2022-01-21,67.43791198730469
2022-01-24,67.21593475341797
2022-01-25,66.47018432617188
2022-01-26,65.9641342163086
2022-01-27,66.40805053710938
2022-01-28,67.1893081665039
2022-01-31,67.44677734375
2022-02-01,67.38461303710938
2022-02-02,68.19253540039062
2022-02-03,68.21028900146484
2022-02-04,67.37574768066406
2022-02-07,67.50003814697266
2022-02-08,67.75749969482422
2022-02-09,67.77525329589844
2022-02-10,67.04725646972656
2022-02-11,66.80757141113281
2022-02-14,66.6211166381836
2022-02-15,66.73653411865234
2022-02-16,66.86080932617188
2022-02-17,67.37574768066406
2022-02-18,67.50003814697266
2022-02-22,66.97624206542969
2022-02-23,66.43467712402344
2022-02-24,65.28939056396484
2022-02-25,67.39351654052734
2022-02-28,66.496826171875
2022-03-01,66.10618591308594
2022-03-02,66.80757141113281
2022-03-03,67.34911346435547
2022-03-04,67.35799407958984
2022-03-07,66.13282012939453
2022-03-08,64.34832763671875
2022-03-09,64.78333282470703
2022-03-10,64.17076110839844
2022-03-11,63.425010681152344
2022-03-14,63.76235580444336
2022-03-15,65.19174194335938
2022-03-16,65.26275634765625
2022-03-17,65.71553802490234
2022-03-18,65.86647033691406
2022-03-21,65.9511947631836
2022-03-22,66.44171905517578
2022-03-23,65.90660858154297
2022-03-24,66.37035369873047
2022-03-25,66.92328643798828
2022-03-28,67.19976806640625
2022-03-29,67.79728698730469
2022-03-30,67.84187316894531
2022-03-31,67.68135070800781
2022-04-01,68.35916137695312
2022-04-04,68.1451187133789
2022-04-05,68.20755004882812
2022-04-06,69.07260131835938
2022-04-07,69.91095733642578
2022-04-08,70.20526885986328
2022-04-11,69.91986083984375
2022-04-12,69.93768310546875
2022-04-13,70.33011627197266
2022-04-14,70.31226348876953
2022-04-18,69.73257446289062
2022-04-19,70.7938461303711
2022-04-20,71.85514831542969
2022-04-21,71.79270935058594
2022-04-22,70.66899871826172
2022-04-25,70.98114013671875
2022-04-26,69.88420104980469
2022-04-27,70.14281463623047
2022-04-28,71.17735290527344
2022-04-29,69.2420654296875
2022-05-02,68.3323974609375
2022-05-03,68.13619232177734
2022-05-04,69.67015838623047
2022-05-05,68.35023498535156
2022-05-06,68.42159271240234
2022-05-09,68.39482116699219
2022-05-10,67.92215728759766
2022-05-11,67.62786102294922
2022-05-12,67.60999298095703
2022-05-13,68.6266860961914
2022-05-16,68.93885040283203
2022-05-17,68.4661636352539
2022-05-18,64.06050109863281
2022-05-19,62.91896438598633
2022-05-20,63.05274200439453
2022-05-23,64.3548355102539
2022-05-24,65.40717315673828
2022-05-25,65.4250259399414
2022-05-26,66.12065124511719
2022-05-27,66.88761901855469
2022-05-31,66.41496276855469
2022-06-01,65.54985809326172
2022-06-02,66.50413513183594
2022-06-03,65.83526611328125
2022-06-06,65.86202239990234
2022-06-07,66.2098159790039
2022-06-08,65.39825439453125
2022-06-09,64.41725158691406
2022-06-10,64.14075469970703
2022-06-13,62.75843048095703
2022-06-14,62.01820755004883
2022-06-15,62.08063507080078
2022-06-16,61.60797119140625
2022-06-17,61.38500213623047
2022-06-21,63.02301788330078
2022-06-22,62.978092193603516
2022-06-23,64.2000961303711
2022-06-24,65.4580307006836
2022-06-27,65.27833557128906
2022-06-28,64.40675354003906
2022-06-29,64.81110382080078
2022-06-30,64.85603332519531
2022-07-01,65.79051208496094
2022-07-05,65.3681869506836
2022-07-06,65.55687713623047
2022-07-07,65.61978149414062
2022-07-08,65.50298309326172
2022-07-11,65.41312408447266
2022-07-12,65.22441101074219
2022-07-13,65.26936340332031
2022-07-14,65.32324981689453
2022-07-15,65.53893280029297
2022-07-18,64.90097045898438
2022-07-19,65.5838394165039
2022-07-20,65.1435546875
2022-07-21,65.34123992919922
2022-07-22,65.77250671386719
2022-07-25,66.09600830078125
2022-07-26,65.94325256347656
2022-07-27,66.39252471923828
2022-07-28,67.45279693603516
2022-07-29,66.93163299560547
2022-08-01,67.76729583740234
2022-08-02,67.2281494140625
2022-08-03,67.66842651367188
2022-08-04,67.21916961669922
2022-08-05,67.06642150878906
2022-08-08,67.03047943115234
2022-08-09,66.93163299560547
2022-08-10,67.42581939697266
2022-08-11,67.26409912109375
2022-08-12,67.84815216064453
2022-08-15,68.52205657958984
2022-08-16,69.29475402832031
2022-08-17,69.09709167480469
2022-08-18,69.33072662353516
2022-08-19,69.10607147216797
2022-08-22,68.40522766113281
2022-08-23,68.10872650146484
2022-08-24,68.27943420410156
2022-08-25,68.59391021728516
2022-08-26,66.89569854736328
2022-08-29,66.78787994384766
2022-08-30,66.09600830078125
2022-08-31,65.69165802001953
2022-09-01,66.06005859375
2022-09-02,65.19747924804688
2022-09-06,64.8290786743164
2022-09-07,65.9971694946289
2022-09-08,65.8264389038086
2022-09-09,66.473388671875
2022-09-12,66.73394775390625
2022-09-13,64.5055923461914
2022-09-14,64.47865295410156
2022-09-15,63.939544677734375
2022-09-16,64.09227752685547
2022-09-19,64.51823425292969
2022-09-20,64.16553497314453
2022-09-21,63.92134475708008
2022-09-22,63.83092498779297
2022-09-23,62.745662689208984
2022-09-26,62.7908935546875
2022-09-27,61.705623626708984
2022-09-28,62.44720458984375
2022-09-29,61.416236877441406
2022-09-30,60.349063873291016
2022-10-03,61.389095306396484
2022-10-04,62.32060623168945
2022-10-05,61.958858489990234
2022-10-06,61.05447006225586
2022-10-07,60.14106369018555
2022-10-10,60.35810852050781
2022-10-11,60.855525970458984
2022-10-12,61.181095123291016
2022-10-13,62.19399642944336
2022-10-14,61.07256317138672
2022-10-17,61.73276901245117
2022-10-18,62.537662506103516
2022-10-19,62.24824905395508
2022-10-20,61.38004684448242
2022-10-21,62.32060623168945
2022-10-24,63.44204330444336
2022-10-25,64.27406311035156
2022-10-26,64.69912719726562
2022-10-27,64.75337219238281
2022-10-28,66.17324829101562
2022-10-31,65.78437042236328
2022-11-01,65.57637023925781
2022-11-02,64.43684387207031
2022-11-03,64.21980285644531
2022-11-04,64.9794692993164
2022-11-07,65.55826568603516
2022-11-08,65.7481918334961
2022-11-09,65.03374481201172
2022-11-10,66.56211853027344
2022-11-11,66.48977661132812
2022-11-14,65.96524810791016
2022-11-15,66.51690673828125
2022-11-16,66.8425064086914
2022-11-17,66.82439422607422
2022-11-18,67.53885650634766
2022-11-21,68.18096923828125
2022-11-22,68.67837524414062
2022-11-23,68.91349792480469
2022-11-25,68.958740234375
2022-11-28,68.69645690917969
2022-11-29,68.4341812133789
2022-11-30,69.80884552001953
2022-12-01,69.49230194091797
2022-12-02,69.80884552001953
2022-12-05,68.93159484863281
2022-12-06,68.50654602050781
2022-12-07,68.79594421386719
2022-12-08,69.16674041748047
2022-12-09,68.6331558227539
2022-12-12,69.35665893554688
2022-12-13,69.2571792602539
2022-12-14,69.21195983886719
2022-12-15,68.03626251220703
2022-12-16,67.70165252685547
2022-12-19,67.6588363647461
2022-12-20,67.60419464111328
2022-12-21,68.2782211303711
2022-12-22,68.12337493896484
2022-12-23,68.4786148071289
2022-12-27,68.80652618408203
2022-12-28,67.9503173828125
2022-12-29,68.2417984008789
2022-12-30,67.90479278564453
2023-01-03,67.64972686767578
2023-01-04,67.91387176513672
2023-01-05,67.23072814941406
2023-01-06,69.02511596679688
2023-01-09,68.35108947753906
2023-01-10,68.25999450683594
2023-01-11,68.29644012451172
2023-01-12,67.75902557373047
2023-01-13,68.07782745361328
2023-01-17,68.12337493896484
2023-01-18,66.26521301269531
2023-01-19,65.63672637939453
2023-01-20,66.14682006835938
2023-01-23,66.35629272460938
2023-01-24,66.62956237792969
2023-01-25,66.79351806640625
2023-01-26,66.55670166015625
2023-01-27,66.36540222167969
2023-01-30,66.4473876953125
2023-01-31,67.16696166992188
2023-02-01,67.70438385009766
2023-02-02,67.12144470214844
2023-02-03,66.85728454589844
2023-02-06,66.93925476074219
2023-02-07,66.65689849853516
2023-02-08,66.14682006835938
2023-02-09,65.85533905029297
2023-02-10,66.4655990600586
2023-02-13,67.22162628173828
2023-02-14,66.61133575439453
2023-02-15,66.7388687133789
2023-02-16,66.25611114501953
2023-02-17,67.11231231689453
2023-02-21,66.85728454589844
2023-02-22,66.75708770751953
2023-02-23,66.67508697509766
2023-02-24,66.22876739501953
2023-02-27,66.15591430664062
2023-02-28,65.60939025878906
2023-03-01,65.12664031982422
2023-03-02,66.019287109375
2023-03-03,66.07392883300781
2023-03-06,66.24701690673828
2023-03-07,65.5911865234375
2023-03-08,65.70047760009766
2023-03-09,65.0902099609375
2023-03-10,64.77141571044922
2023-03-13,65.09929656982422
2023-03-14,65.69137573242188
2023-03-15,66.11945343017578
2023-03-16,66.16500854492188
2023-03-17,65.68228149414062
2023-03-20,66.59293365478516
2023-03-21,66.53800964355469
2023-03-22,65.92478942871094
2023-03-23,65.66851806640625
2023-03-24,66.78511810302734
2023-03-27,67.14208221435547
2023-03-28,67.26105499267578
2023-03-29,67.63630676269531
2023-03-30,67.82849884033203
2023-03-31,68.37763977050781
2023-04-03,68.73458862304688
2023-04-04,68.59730529785156
2023-04-05,68.91764831542969
2023-04-06,68.9725570678711
2023-04-10,68.9725570678711
2023-04-11,69.17389678955078
2023-04-12,68.86273193359375
2023-04-13,69.24713134765625
2023-04-14,68.80780792236328
2023-04-17,69.24713134765625
2023-04-18,69.4576416015625
2023-04-19,69.41185760498047
2023-04-20,69.57661437988281
2023-04-21,70.07999420166016
2023-04-24,70.36372375488281
2023-04-25,70.27220153808594
2023-04-26,69.72305297851562
2023-04-27,70.5009994506836
2023-04-28,70.87625885009766
2023-05-01,70.9311752319336
2023-05-02,70.73896789550781
2023-05-03,70.16236877441406
2023-05-04,69.98847198486328
2023-05-05,70.63829803466797
2023-05-08,70.42777252197266
2023-05-09,70.20813751220703
2023-05-10,70.09831237792969
2023-05-11,70.30880737304688
2023-05-12,70.58335876464844
2023-05-15,70.40949249267578
2023-05-16,69.81456756591797
2023-05-17,69.7779541015625
2023-05-18,69.4393310546875
2023-05-19,69.4850845336914
2023-05-22,68.43254089355469
2023-05-23,67.92918395996094
2023-05-24,67.48985290527344
2023-05-25,66.97734069824219
2023-05-26,67.20613861083984
2023-05-30,66.43731689453125
2023-05-31,66.51056671142578
2023-06-01,66.45564270019531
2023-06-02,67.37088012695312
2023-06-05,67.12376403808594
2023-06-06,66.78511810302734
2023-06-07,66.56548309326172
2023-06-08,67.0230941772461
2023-06-09,66.91325378417969
2023-06-12,66.89496612548828
2023-06-13,67.16954040527344
2023-06-14,67.58139038085938
2023-06-15,68.2586669921875
2023-06-16,68.3410415649414
2023-06-20,67.8211898803711
2023-06-21,68.06082916259766
2023-06-22,68.45716094970703
2023-06-23,68.00552368164062
2023-06-26,68.09768676757812
2023-06-27,68.30047607421875
2023-06-28,67.83960723876953
2023-06-29,67.77508544921875
2023-06-30,68.36500549316406
2023-07-03,68.89960479736328
2023-07-05,68.77978515625
2023-07-06,68.60464477539062
2023-07-07,67.71056365966797
2023-07-10,67.692138671875
2023-07-11,67.79354095458984
2023-07-12,67.95023345947266
2023-07-13,68.2359619140625
2023-07-14,68.46638488769531
2023-07-17,68.26361846923828
2023-07-18,68.18988037109375
2023-07-19,68.88117218017578
2023-07-20,69.47108459472656
2023-07-21,69.71073913574219
2023-07-24,69.97803497314453
2023-07-25,69.9595947265625
2023-07-26,70.04255676269531
2023-07-27,69.42498779296875
2023-07-28,70.14395141601562
2023-07-31,69.82135772705078
2023-08-01,69.44343566894531
2023-08-02,69.69230651855469
2023-08-03,69.49872589111328
2023-08-04,68.80744171142578
2023-08-07,69.36969757080078
2023-08-08,68.87195587158203
2023-08-09,68.97334289550781
2023-08-10,68.83509063720703
2023-08-11,68.9457015991211
2023-08-14,68.60464477539062
2023-08-15,67.86726379394531
2023-08-16,67.71056365966797
2023-08-17,67.05614471435547
2023-08-18,67.30500793457031
2023-08-21,66.85335540771484
2023-08-22,66.47545623779297
2023-08-23,66.91788482666016
2023-08-24,66.38326263427734
2023-08-25,66.751953125
2023-08-28,67.05614471435547
2023-08-29,67.29579162597656
2023-08-30,67.40640258789062
2023-08-31,67.06536102294922
2023-09-01,66.49388885498047
2023-09-05,65.92240142822266
2023-09-06,65.84867095947266
2023-09-07,66.00535583496094
2023-09-08,66.08830261230469
2023-09-11,66.65979766845703
2023-09-12,66.08830261230469
2023-09-13,66.29110717773438
2023-09-14,66.9639663696289
2023-09-15,66.41094970703125
2023-09-18,66.38773345947266
2023-09-19,66.22998809814453
2023-09-20,66.29493713378906
2023-09-21,65.44117736816406
2023-09-22,65.08856964111328
2023-09-25,64.85655212402344
2023-09-26,64.37400817871094
2023-09-27,63.84508514404297
2023-09-28,64.03994750976562
2023-09-29,63.85435104370117
2023-10-02,63.41819381713867
2023-10-03,62.96348571777344
2023-10-04,63.46458435058594
2023-10-05,62.21181106567383
2023-10-06,61.86847686767578
2023-10-09,61.92415237426758
2023-10-10,62.55516052246094
2023-10-11,62.128292083740234
2023-10-12,61.45087814331055
2023-10-13,61.989112854003906
2023-10-16,62.62940216064453
2023-10-17,62.898521423339844
2023-10-18,63.130523681640625
2023-10-19,62.66651916503906
2023-10-20,62.42524719238281
2023-10-23,62.30461883544922
2023-10-24,62.83356475830078
2023-10-25,63.0469970703125
2023-10-26,62.63869094848633
2023-10-27,61.784942626953125
2023-10-30,62.75004959106445
2023-10-31,62.97276306152344
2023-11-01,62.907798767089844
2023-11-02,63.724430084228516
2023-11-03,63.798667907714844
2023-11-06,63.90074157714844
2023-11-07,64.05850982666016
2023-11-08,63.80794143676758
2023-11-09,63.54810333251953
2023-11-10,63.993534088134766
2023-11-13,64.19769287109375
2023-11-14,64.85655212402344
2023-11-15,65.37622833251953
2023-11-16,64.56889343261719
2023-11-17,64.48536682128906
2023-11-20,64.43897247314453
2023-11-21,64.63385772705078
2023-11-22,65.09781646728516
2023-11-24,65.339111328125
2023-11-27,65.15351867675781
2023-11-28,65.45046997070312
2023-11-29,64.9215087890625
2023-11-30,65.57110595703125
2023-12-01,65.8402328491211
2023-12-04,65.92373657226562
2023-12-05,65.40408325195312
2023-12-06,65.23703002929688
2023-12-07,65.51544189453125
2023-12-08,65.06072235107422
2023-12-11,65.68244934082031
2023-12-12,65.89590454101562
2023-12-13,67.09298706054688
2023-12-14,66.10932922363281
2023-12-15,66.10932922363281
2023-12-18,66.7975082397461
2023-12-19,66.92840576171875
2023-12-20,65.62873077392578
2023-12-21,66.08689880371094
2023-12-22,66.59181213378906
2023-12-26,66.8722915649414
2023-12-27,67.18086242675781
2023-12-28,67.20891571044922
2023-12-29,67.34915924072266
2024-01-02,68.10652160644531
2024-01-03,67.57357025146484
2024-01-04,67.4800796508789
2024-01-05,67.33045959472656
2024-01-08,67.82601165771484
2024-01-09,68.00367736816406
2024-01-10,67.8634262084961
2024-01-11,67.85406494140625
2024-01-12,68.06912994384766
2024-01-16,67.69512176513672
2024-01-17,67.64836120605469
2024-01-18,67.56421661376953
2024-01-19,67.36788940429688
2024-01-22,67.04059600830078
2024-01-23,67.76991271972656
2024-01-24,66.93775177001953
2024-01-25,67.58293151855469
2024-01-26,67.9101791381836
2024-01-29,68.3028793334961
2024-01-30,68.68623352050781
2024-01-31,68.18132019042969
2024-02-01,69.57450866699219
2024-02-02,69.35009765625
2024-02-05,68.91999053955078
2024-02-06,69.07894134521484
2024-02-07,69.01348876953125
2024-02-08,68.99479675292969
2024-02-09,68.35897827148438
2024-02-12,68.84518432617188
2024-02-13,68.10652160644531
2024-02-14,67.9756088256836
2024-02-15,68.41507720947266
2024-02-16,68.51793670654297
2024-02-20,69.2378921508789
2024-02-21,69.49036407470703
2024-02-22,69.70540618896484
2024-02-23,69.92044830322266
2024-02-26,69.63995361328125
2024-02-27,69.64929962158203
2024-02-28,69.72409057617188
2024-02-29,69.61190032958984
2024-03-01,69.62124633789062
2024-03-04,69.67735290527344
2024-03-05,69.84564971923828
2024-03-06,70.43470764160156
2024-03-07,70.83677673339844
2024-03-08,70.27576446533203
2024-03-11,70.65911102294922
2024-03-12,71.02377319335938
2024-03-13,71.20143127441406
2024-03-14,70.6497802734375
2024-03-15,70.62171173095703
2024-03-18,71.0757064819336
2024-03-19,71.33943176269531
2024-03-20,71.55609130859375
2024-03-21,71.59375762939453
2024-03-22,71.24525451660156
2024-03-25,71.04745483398438
2024-03-26,71.08513641357422
2024-03-27,71.82923126220703
2024-03-28,71.92341613769531
2024-04-01,71.34886932373047
2024-04-02,70.98152923583984
2024-04-03,70.19974517822266
2024-04-04,69.8983383178711
2024-04-05,70.0113754272461
2024-04-08,69.90775299072266
2024-04-09,70.2468490600586
2024-04-10,69.9925308227539
2024-04-11,69.82298278808594
2024-04-12,69.11656188964844
2024-04-15,68.83399200439453
2024-04-16,68.86224365234375
2024-04-17,69.11656188964844
2024-04-18,69.43681335449219
2024-04-19,70.11497497558594
2024-04-22,70.78372192382812
2024-04-23,70.98152923583984
2024-04-24,71.5184097290039
2024-04-25,71.34886932373047
2024-04-26,71.19815063476562
2024-04-29,71.42422485351562
2024-04-30,71.11338806152344
2024-05-01,70.66127014160156
2024-05-02,71.25467681884766
2024-05-03,71.4713134765625
2024-05-06,71.50897979736328
2024-05-07,72.29076385498047
2024-05-08,72.0741195678711
2024-05-09,72.6957778930664
2024-05-10,73.11022186279297
2024-05-13,72.90299987792969
2024-05-14,72.76171112060547
2024-05-15,72.80880737304688
2024-05-16,73.84489440917969
2024-05-17,73.66593170166016
2024-05-20,73.15729522705078
2024-05-21,73.59058380126953
2024-05-22,73.29859161376953
2024-05-23,72.43204498291016
2024-05-24,72.62042236328125
2024-05-28,72.05528259277344
2024-05-29,71.53723907470703
2024-05-30,71.72562408447266
2024-05-31,72.84648132324219
2024-06-03,72.81822204589844
2024-06-04,73.44930267333984
2024-06-05,73.28917694091797
2024-06-06,73.51522827148438
2024-06-07,73.14789581298828
2024-06-10,73.09137725830078
2024-06-11,73.05369567871094
2024-06-12,72.25308990478516
2024-06-13,72.34728240966797
2024-06-14,72.47913360595703
2024-06-17,73.1667251586914
2024-06-18,73.26091766357422
2024-06-20,73.10079193115234
2024-06-21,73.15729522705078
2024-06-24,73.9374008178711
2024-06-25,73.46289825439453
2024-06-26,73.3110580444336
2024-06-27,72.99787902832031
2024-06-28,72.67521667480469
2024-07-01,72.1627426147461
2024-07-02,72.66572570800781
2024-07-03,72.54235076904297
2024-07-05,73.43441009521484
2024-07-08,73.32054901123047
2024-07-09,73.1307373046875
2024-07-10,73.45340728759766
2024-07-11,73.17820739746094
2024-07-12,73.5008544921875
2024-07-15,73.07379913330078
2024-07-16,73.77606201171875
2024-07-17,74.72508239746094
2024-07-18,74.35494995117188
2024-07-19,74.10820770263672
2024-07-22,74.15567016601562
2024-07-23,73.88993835449219
2024-07-24,73.8235092163086
2024-07-25,73.73809814453125
2024-07-26,74.48782348632812
2024-07-29,74.51630401611328
2024-07-30,74.0133056640625
2024-07-31,73.88045501708984
2024-08-01,74.5637435913086
2024-08-02,75.21855926513672
2024-08-05,73.73809814453125
2024-08-06,74.25057220458984
2024-08-07,74.32649993896484
2024-08-08,75.00028228759766
2024-08-09,75.11416625976562
2024-08-12,74.73456573486328
2024-08-13,75.07621002197266
2024-08-14,75.41785430908203
2024-08-15,76.196044921875
2024-08-16,76.40483093261719
2024-08-19,76.66106414794922
2024-08-20,77.04066467285156
2024-08-21,77.5626220703125
2024-08-22,77.44873046875
2024-08-23,77.66700744628906
2024-08-26,78.2174301147461
2024-08-27,78.40723419189453
2024-08-28,78.07508850097656
2024-08-29,77.68598937988281
2024-08-30,78.30284881591797
2024-09-03,78.85326385498047
2024-09-04,79.22339630126953
2024-09-05,78.91970825195312
2024-09-06,78.75836944580078
2024-09-09,79.36573028564453
2024-09-10,79.34675598144531
2024-09-11,78.60652923583984
2024-09-12,79.09052276611328
2024-09-13,79.65044403076172
2024-09-16,79.96361541748047
2024-09-17,79.20439910888672
2024-09-18,78.90071868896484
2024-09-19,78.43570709228516
2024-09-20,78.81531524658203
2024-09-23,79.27229309082031
2024-09-24,79.08148956298828
2024-09-25,78.88114166259766
2024-09-26,79.06240844726562
2024-09-27,79.20551300048828
2024-09-30,79.18643951416016
2024-10-01,78.91930389404297
2024-10-02,78.25145721435547
2024-10-03,77.46914672851562
2024-10-04,77.72673797607422
2024-10-07,76.95397186279297
2024-10-08,77.33557891845703
2024-10-09,77.80305480957031
2024-10-10,77.45960235595703
2024-10-11,77.88893127441406
2024-10-14,78.2037582397461
2024-10-15,78.69985961914062
2024-10-16,78.64263153076172
2024-10-17,78.28962707519531
2024-10-18,78.46134948730469
2024-10-21,77.80305480957031
2024-10-22,78.24192810058594
2024-10-23,78.08927917480469
2024-10-24,77.98433685302734
2024-10-25,77.33557891845703
2024-10-28,77.47868347167969
2024-10-29,76.71543884277344
2024-10-30,76.5914077758789
2024-10-31,76.43876647949219
2024-11-01,76.46739196777344
2024-11-04,76.67728424072266
2024-11-05,77.16384887695312
2024-11-06,75.90448760986328
2024-11-07,76.1811752319336
2024-11-08,77.10659790039062
2024-11-11,76.83946228027344
2024-11-12,76.92532348632812
2024-11-13,77.15430450439453
2024-11-14,76.96349334716797
2024-11-15,76.2861099243164
2024-11-18,76.82038116455078
2024-11-19,76.92532348632812
2024-11-20,76.53417205810547
2024-11-21,77.36419677734375
2024-11-22,78.0797348022461
2024-11-25,78.5090560913086
2024-11-26,78.83344268798828
2024-11-27,78.9956283569336
2024-11-29,79.3963394165039
2024-12-02,79.30094146728516
2024-12-03,78.89068603515625
2024-12-04,78.6712417602539
2024-12-05,78.98609924316406
2024-12-06,78.59493255615234
2024-12-09,78.47089385986328
2024-12-10,78.84298706054688
2024-12-11,78.24192810058594
2024-12-12,78.47089385986328
2024-12-13,78.27054595947266
2024-12-16,77.86029815673828
2024-12-17,77.72673797607422
2024-12-18,76.5437240600586
2024-12-19,75.99990844726562
2024-12-20,76.26703643798828
2024-12-23,75.86520385742188
2024-12-24,76.36508178710938
2024-12-26,76.60540771484375
2024-12-27,76.23050689697266
2024-12-30,75.33650970458984
2024-12-31,75.56721496582031
2025-01-02,75.33650970458984
2025-01-03,75.29804992675781
2025-01-06,74.50979614257812
2025-01-07,74.250244140625
2025-01-08,74.38481140136719
2025-01-10,73.38507843017578
2025-01-13,73.51004791259766
2025-01-14,73.52926635742188
2025-01-15,73.27934265136719
2025-01-16,73.8272705078125
2025-01-17,74.250244140625
2025-01-21,74.59630584716797
2025-01-22,74.23102569580078
2025-01-23,74.50018310546875
2025-01-24,74.88470458984375
2025-01-27,76.91301727294922
2025-01-28,75.7114028930664
2025-01-29,75.89405822753906
2025-01-30,76.64385986328125
2025-01-31,75.92289733886719
2025-02-03,76.22089385986328
2025-02-04,75.57682800292969
2025-02-05,76.04786682128906
2025-02-06,76.3939208984375
2025-02-07,76.278564453125
2025-02-10,76.74959564208984
2025-02-11,77.48979949951172
2025-02-12,77.43212127685547
2025-02-13,78.26844024658203
2025-02-14,77.48979949951172
2025-02-18,77.76858520507812
2025-02-19,78.3934097290039
2025-02-20,78.08580017089844
2025-02-21,78.99903106689453
2025-02-24,79.23934936523438
2025-02-25,80.36405181884766
2025-02-26,78.82599639892578
2025-02-27,78.81637573242188
2025-02-28,79.86419677734375
2025-03-03,80.28715515136719
2025-03-04,78.92212677001953
2025-03-05,79.24896240234375
2025-03-06,79.39315795898438
2025-03-07,79.65270233154297
2025-03-10,79.47967529296875
2025-03-11,78.31651306152344
2025-03-12,76.6150131225586
2025-03-13,76.25933837890625
2025-03-14,76.432373046875
2025-03-17,77.54747772216797
2025-03-18,76.6630859375
2025-03-19,76.6630859375
2025-03-20,76.28817749023438
2025-03-21,76.25933837890625
2025-03-24,76.73094177246094
2025-03-25,76.03514099121094
2025-03-26,77.2141342163086
2025-03-27,78.09354400634766
2025-03-28,77.70699310302734
2025-03-31,78.92462921142578
2025-04-01,79.04059600830078
2025-04-02,78.80866241455078
2025-04-03,79.26286315917969
2025-04-04,75.82254028320312
2025-04-07,74.94313049316406
2025-04-08,73.78346252441406
2025-04-09,76.64395904541016
2025-04-10,76.6826171875
2025-04-11,77.64899444580078
2025-04-14,78.97295379638672
2025-04-15,78.30614471435547
2025-04-16,77.46539306640625
2025-04-17,79.11790466308594
2025-04-21,78.36412048339844
2025-04-22,79.47547149658203
2025-04-23,79.02127075195312
2025-04-24,78.32547760009766
2025-04-25,78.12252807617188
2025-04-28,77.86160278320312
2025-04-29,78.50907897949219
2025-04-30,79.0792465209961
2025-05-01,78.39312744140625
2025-05-02,78.81832885742188
2025-05-05,78.75068664550781
2025-05-06,78.6153793334961
2025-05-07,78.74101257324219
2025-05-08,78.64437866210938
2025-05-09,78.190185546875
2025-05-12,78.30614471435547
2025-05-13,77.25279235839844
2025-05-14,76.83724212646484
2025-05-15,78.4124526977539
2025-05-16,79.3111801147461
2025-05-19,79.54310607910156
2025-05-20,79.82337188720703
2025-05-21,78.89563751220703
2025-05-22,78.56707000732422
2025-05-23,78.85697937011719
2025-05-27,79.57210540771484
2025-05-28,79.03092956542969
2025-05-29,79.34984588623047
2025-05-30,80.04563903808594
2025-06-02,80.09395599365234
2025-06-03,80.01664733886719
2025-06-04,79.45613861083984
2025-06-05,78.69269561767578
2025-06-06,78.9439697265625
2025-06-09,78.83765411376953
2025-06-10,79.01161193847656
2025-06-11,78.74101257324219
2025-06-12,79.20487976074219
2025-06-13,78.23849487304688
2025-06-16,78.48975372314453
2025-06-17,77.82295227050781
2025-06-18,77.72631072998047
2025-06-20,78.29647827148438
2025-06-23,79.20333099365234
2025-06-24,79.13522338867188
2025-06-25,78.07463836669922
2025-06-26,78.00652313232422
2025-06-27,78.37626647949219
2025-06-30,78.7849349975586
2025-07-01,79.7676773071289
2025-07-02,80.0011978149414
2025-07-03,79.9622802734375
2025-07-07,79.89417266845703
2025-07-08,79.15467071533203
2025-07-09,78.63897705078125
2025-07-10,78.92115783691406
2025-07-11,78.6292495727539
2025-07-14,78.69735717773438
2025-07-15,77.90921020507812
2025-07-16,78.18165588378906
2025-07-17,78.92115783691406
2025-07-18,78.70709991455078
2025-07-21,78.69735717773438
2025-07-22,79.41739654541016
2025-07-23,79.44658660888672
2025-07-24,79.1644058227539
2025-07-25,79.30062866210938
2025-07-28,78.4832992553711
2025-07-29,78.9990005493164
2025-07-30,78.29842376708984
2025-07-31,77.62704467773438
2025-08-01,77.99679565429688
2025-08-04,78.37626647949219
2025-08-05,78.29842376708984
2025-08-06,79.41739654541016
2025-08-07,80.0206527709961
2025-08-08,80.25418853759766
2025-08-11,80.18607330322266
2025-08-12,80.40013122558594
2025-08-13,80.40013122558594
2025-08-14,79.68010711669922
2025-08-15,79.80659484863281
2025-08-18,79.69957733154297
2025-08-19,80.51689147949219
2025-08-20,80.9742202758789
2025-08-21,80.24445343017578
2025-08-22,80.24445343017578
2025-08-25,78.87249755859375
2025-08-26,78.35680389404297
2025-08-27,78.59033203125
2025-08-28,78.0940933227539
2025-08-29,78.60005187988281
2025-09-02,78.47357177734375
2025-09-03,78.4151840209961
2025-09-04,78.46383666992188
2025-09-05,78.68762969970703
2025-09-08,78.39572143554688
2025-09-09,78.55140686035156
2025-09-10,77.78273010253906
2025-09-11,78.4151840209961
2025-09-12,78.15247344970703
2025-09-15,77.25730895996094
2025-09-16,77.60758972167969
2025-09-17,78.07463836669922
2025-09-18,77.39352416992188
2025-09-19,77.23783874511719
2025-09-22,76.37669372558594
2025-09-23,76.7587661743164
2025-09-24,76.9253158569336
2025-09-25,76.19054412841797
2025-09-26,76.37669372558594
2025-09-29,76.52365112304688
2025-09-30,76.77836608886719
2025-10-01,76.66080474853516
2025-10-02,76.35710144042969
2025-10-03,76.44526672363281
2025-10-06,75.88684844970703
2025-10-07,76.59223175048828
2025-10-08,76.21013641357422
2025-10-09,76.45507049560547
2025-10-10,76.51383972167969
2025-10-13,76.25911712646484
2025-10-14,77.48373413085938
2025-10-15,77.62090301513672
2025-10-16,77.08206939697266
2025-10-17,78.11074829101562
2025-10-20,78.04217529296875
2025-10-21,77.67967987060547
2025-10-22,78.12053680419922
2025-10-23,77.73845672607422
2025-10-24,77.48373413085938
2025-10-27,77.6111068725586
2025-10-28,76.83715057373047
2025-10-29,75.02471923828125
2025-10-30,74.94634246826172
2025-10-31,74.7308120727539
2025-11-03,74.14300537109375
2025-11-04,74.44669342041016
2025-11-05,74.39772033691406
2025-11-06,74.06461334228516
2025-11-07,75.1520767211914
2025-11-10,74.87776184082031
2025-11-11,75.85746002197266
2025-11-12,75.74968719482422
2025-11-13,75.74968719482422
2025-11-14,75.69091033935547
2025-11-17,75.21085357666016
2025-11-18,75.53414916992188
2025-11-19,74.95614624023438
2025-11-20,75.49496459960938
2025-11-21,76.31791687011719
2025-11-24,75.43618774414062
2025-11-25,76.47465515136719
2025-11-26,77.30740356445312
2025-11-28,77.758056640625
2025-12-01,77.67967987060547
2025-12-02,77.17023468017578
2025-12-03,77.2290267944336
2025-12-04,76.85673522949219
2025-12-05,76.86653900146484
2025-12-08,76.229736328125
2025-12-09,76.40608215332031
2025-12-10,76.63141632080078
2025-12-11,77.19963073730469
2025-12-12,77.80703735351562
2025-12-15,78.02257537841797
2025-12-16,77.66987609863281
2025-12-17,78.0323715209961
2025-12-18,77.58171844482422
2025-12-19,77.18003845214844
2025-12-22,76.91043853759766
2025-12-23,76.5450439453125
2025-12-24,77.14745330810547
2025-12-26,77.25608825683594
2025-12-29,77.30545043945312
2025-12-30,77.17707824707031
2025-12-31,76.71292114257812
