Date,XLU
2015-01-02,16.406503677368164
2015-01-05,16.205923080444336
2015-01-06,16.216291427612305
2015-01-07,16.37537956237793
2015-01-08,16.489501953125
2015-01-09,16.38575553894043
2015-01-12,16.34771156311035
2015-01-13,16.392675399780273
2015-01-14,16.534465789794922
2015-01-15,16.66588592529297
2015-01-16,16.814598083496094
2015-01-20,16.856094360351562
2015-01-21,17.018640518188477
2015-01-22,16.946014404296875
2015-01-23,16.99443244934082
2015-01-26,16.98404884338379
2015-01-27,17.008270263671875
2015-01-28,16.863014221191406
2015-01-29,17.087806701660156
2015-01-30,16.71084213256836
2015-02-02,16.783475875854492
2015-02-03,16.845718383789062
2015-02-04,16.641679763793945
2015-02-05,16.793846130371094
2015-02-06,16.1021671295166
2015-02-09,15.960379600524902
2015-02-10,16.288923263549805
2015-02-11,15.936164855957031
2015-02-12,15.86353874206543
2015-02-13,15.621458053588867
2015-02-17,15.607623100280762
2015-02-18,15.977669715881348
2015-02-19,15.797831535339355
2015-02-20,15.801295280456543
2015-02-23,15.90849781036377
2015-02-24,16.026084899902344
2015-02-25,15.7632474899292
2015-02-26,15.659502983093262
2015-02-27,15.642212867736816
2015-03-02,15.341330528259277
2015-03-03,15.43470287322998
2015-03-04,15.348244667053223
2015-03-05,15.469286918640137
2015-03-06,15.005866050720215
2015-03-09,15.033535957336426
2015-03-10,15.005866050720215
2015-03-11,14.909036636352539
2015-03-12,15.192623138427734
2015-03-13,15.036994934082031
2015-03-16,15.296372413635254
2015-03-17,15.272161483764648
2015-03-18,15.683709144592285
2015-03-19,15.538456916809082
2015-03-20,15.678231239318848
2015-03-23,15.68868637084961
2015-03-24,15.514402389526367
2015-03-25,15.333155632019043
2015-03-26,15.20418643951416
2015-03-27,15.294812202453613
2015-03-30,15.483037948608398
2015-03-31,15.486523628234863
2015-04-01,15.50046157836914
2015-04-02,15.528349876403809
2015-04-06,15.74445915222168
2015-04-07,15.56319808959961
2015-04-08,15.517887115478516
2015-04-09,15.451662063598633
2015-04-10,15.566689491271973
2015-04-13,15.413320541381836
2015-04-14,15.49000358581543
2015-04-15,15.528349876403809
2015-04-16,15.427264213562012
2015-04-17,15.371495246887207
2015-04-20,15.601544380187988
2015-04-21,15.462122917175293
2015-04-22,15.49349308013916
2015-04-23,15.5806303024292
2015-04-24,15.73748779296875
2015-04-27,15.549261093139648
2015-04-28,15.66080093383789
2015-04-29,15.594571113586426
2015-04-30,15.413320541381836
2015-05-01,15.50046157836914
2015-05-04,15.615486145019531
2015-05-05,15.26693058013916
2015-05-06,15.183279037475586
2015-05-07,15.239043235778809
2015-05-08,15.347094535827637
2015-05-11,15.242528915405273
2015-05-12,15.225107192993164
2015-05-13,15.075213432312012
2015-05-14,15.249500274658203
2015-05-15,15.4481840133667
2015-05-18,15.507438659667969
2015-05-19,15.542289733886719
2015-05-20,15.566689491271973
2015-05-21,15.55971908569336
2015-05-22,15.535314559936523
2015-05-26,15.437723159790039
2015-05-27,15.50046157836914
2015-05-28,15.535314559936523
2015-05-29,15.51092529296875
2015-06-01,15.531831741333008
2015-06-02,15.32618522644043
2015-06-03,15.099618911743164
2015-06-04,15.078706741333008
2015-06-05,14.890480995178223
2015-06-08,14.8033447265625
2015-06-09,14.768489837646484
2015-06-10,14.841680526733398
2015-06-11,14.960192680358887
2015-06-12,14.827739715576172
2015-06-15,14.8033447265625
2015-06-16,14.873051643371582
2015-06-17,14.99853515625
2015-06-18,15.197220802307129
2015-06-19,15.05054759979248
2015-06-22,15.029439926147461
2015-06-23,14.825435638427734
2015-06-24,14.709369659423828
2015-06-25,14.610880851745605
2015-06-26,14.69881820678711
2015-06-29,14.621432304382324
2015-06-30,14.582741737365723
2015-07-01,14.670679092407227
2015-07-02,14.8535795211792
2015-07-06,14.913372039794922
2015-07-07,15.282689094543457
2015-07-08,15.201786041259766
2015-07-09,15.032953262329102
2015-07-10,15.113853454589844
2015-07-13,15.120890617370605
2015-07-14,15.0997896194458
2015-07-15,15.1736478805542
2015-07-16,15.398758888244629
2015-07-17,15.247512817382812
2015-07-20,15.170132637023926
2015-07-21,15.032953262329102
2015-07-22,15.0997896194458
2015-07-23,14.874680519104004
2015-07-24,14.88874626159668
2015-07-27,15.078683853149414
2015-07-28,15.149030685424805
2015-07-29,15.205303192138672
2015-07-30,15.31785774230957
2015-07-31,15.47262191772461
2015-08-03,15.553521156311035
2015-08-04,15.303789138793945
2015-08-05,15.34247875213623
2015-08-06,15.42337417602539
2015-08-07,15.613308906555176
2015-08-10,15.549996376037598
2015-08-11,15.627386093139648
2015-08-12,15.905254364013672
2015-08-13,15.908769607543945
2015-08-14,16.028350830078125
2015-08-17,16.105735778808594
2015-08-18,16.067047119140625
2015-08-19,16.13387680053711
2015-08-20,16.03891372680664
2015-08-21,15.845455169677734
2015-08-24,15.251028060913086
2015-08-25,14.783227920532227
2015-08-26,15.047026634216309
2015-08-27,15.222895622253418
2015-08-28,15.177168846130371
2015-08-31,14.934473037719727
2015-09-01,14.529985427856445
2015-09-02,14.540532112121582
2015-09-03,14.60736083984375
2015-09-04,14.406875610351562
2015-09-08,14.71288013458252
2015-09-09,14.529985427856445
2015-09-10,14.505359649658203
2015-09-11,14.614394187927246
2015-09-14,14.649569511413574
2015-09-15,14.726954460144043
2015-09-16,14.874680519104004
2015-09-17,15.078683853149414
2015-09-18,14.993826866149902
2015-09-21,15.054184913635254
2015-09-22,14.866006851196289
2015-09-23,14.905059814453125
2015-09-24,15.025787353515625
2015-09-25,15.17135238647461
2015-09-28,15.096790313720703
2015-09-29,15.10033893585205
2015-09-30,15.370183944702148
2015-10-01,15.189106941223145
2015-10-02,15.391487121582031
2015-10-05,15.590315818786621
2015-10-06,15.483798027038574
2015-10-07,15.4305419921875
2015-10-08,15.622269630432129
2015-10-09,15.547704696655273
2015-10-12,15.686180114746094
2015-10-13,15.650672912597656
2015-10-14,15.647119522094727
2015-10-15,15.877900123596191
2015-10-16,15.899208068847656
2015-10-19,15.909855842590332
2015-10-20,15.963106155395508
2015-10-21,15.931159019470215
2015-10-22,16.11579132080078
2015-10-23,15.831746101379395
2015-10-26,15.774940490722656
2015-10-27,15.718132019042969
2015-10-28,15.551251411437988
2015-10-29,15.462494850158691
2015-10-30,15.533506393432617
2015-11-02,15.551251411437988
2015-11-03,15.597415924072266
2015-11-04,15.67907428741455
2015-11-05,15.544158935546875
2015-11-06,15.00092887878418
2015-11-09,15.039985656738281
2015-11-10,15.174899101257324
2015-11-11,15.30627155303955
2015-11-12,15.160700798034668
2015-11-13,15.103896141052246
2015-11-16,15.359526634216309
2015-11-17,15.082584381103516
2015-11-18,15.178454399108887
2015-11-19,15.341774940490723
2015-11-20,15.405680656433105
2015-11-23,15.263666152954102
2015-11-24,15.2423677444458
2015-11-25,15.150047302246094
2015-11-27,15.178454399108887
2015-11-30,15.203301429748535
2015-12-01,15.324024200439453
2015-12-02,14.983172416687012
2015-12-03,14.86955738067627
2015-12-04,15.079041481018066
2015-12-07,15.146493911743164
2015-12-08,15.125198364257812
2015-12-09,15.128745079040527
2015-12-10,14.880208969116211
2015-12-11,14.837606430053711
2015-12-14,14.912163734436035
2015-12-15,15.029330253601074
2015-12-16,15.40924072265625
2015-12-17,15.441192626953125
2015-12-18,15.249279022216797
2015-12-21,15.238515853881836
2015-12-22,15.367653846740723
2015-12-23,15.604412078857422
2015-12-24,15.593649864196777
2015-12-28,15.622342109680176
2015-12-29,15.708438873291016
2015-12-30,15.694093704223633
2015-12-31,15.525489807128906
2016-01-04,15.493206977844238
2016-01-05,15.604412078857422
2016-01-06,15.575708389282227
2016-01-07,15.471685409545898
2016-01-08,15.464505195617676
2016-01-11,15.547018051147461
2016-01-12,15.486031532287598
2016-01-13,15.478858947753906
2016-01-14,15.712024688720703
2016-01-15,15.572128295898438
2016-01-19,15.805295944213867
2016-01-20,15.450159072875977
2016-01-21,15.435810089111328
2016-01-22,15.712024688720703
2016-01-25,15.579299926757812
2016-01-26,15.686915397644043
2016-01-27,15.722785949707031
2016-01-28,15.973892211914062
2016-01-29,16.293155670166016
2016-02-01,16.447404861450195
2016-02-02,16.519145965576172
2016-02-03,16.723621368408203
2016-02-04,16.65187644958496
2016-02-05,16.705686569213867
2016-02-08,16.64829444885254
2016-02-09,16.705686569213867
2016-02-10,16.68775177001953
2016-02-11,16.393598556518555
2016-02-12,16.3433780670166
2016-02-16,16.447404861450195
2016-02-17,16.415124893188477
2016-02-18,16.684162139892578
2016-02-19,16.572959899902344
2016-02-22,16.76667022705078
2016-02-23,16.78101921081543
2016-02-24,16.859941482543945
2016-02-25,17.032123565673828
2016-02-26,16.56220054626465
2016-02-29,16.60883140563965
2016-03-01,16.52631950378418
2016-03-02,16.61241340637207
2016-03-03,16.712860107421875
2016-03-04,16.89940071105957
2016-03-07,16.99266815185547
2016-03-08,17.161266326904297
2016-03-09,17.24018669128418
2016-03-10,17.254528045654297
2016-03-11,17.2724666595459
2016-03-14,17.293991088867188
2016-03-15,17.32627296447754
2016-03-16,17.591732025146484
2016-03-17,17.688587188720703
2016-03-18,17.575824737548828
2016-03-21,17.55775260925293
2016-03-22,17.49992561340332
2016-03-23,17.630033493041992
2016-03-24,17.677024841308594
2016-03-28,17.61196517944336
2016-03-29,17.87218475341797
2016-03-30,17.828813552856445
2016-03-31,17.933629989624023
2016-04-01,18.002300262451172
2016-04-04,17.9263973236084
2016-04-05,17.59027862548828
2016-04-06,17.568592071533203
2016-04-07,17.561365127563477
2016-04-08,17.655332565307617
2016-04-11,17.57943344116211
2016-04-12,17.70231819152832
2016-04-13,17.593891143798828
2016-04-14,17.572208404541016
2016-04-15,17.669795989990234
2016-04-18,17.73845672607422
2016-04-19,17.76737403869629
2016-04-20,17.322826385498047
2016-04-21,16.96141242980957
2016-04-22,17.113203048706055
2016-04-25,17.145732879638672
2016-04-26,17.171031951904297
2016-04-27,17.4204044342041
2016-04-28,17.39511489868164
2016-04-29,17.49992561340332
2016-05-02,17.640872955322266
2016-05-03,17.62641716003418
2016-05-04,17.832429885864258
2016-05-05,17.763763427734375
2016-05-06,17.64811134338379
2016-05-09,17.749300003051758
2016-05-10,17.76737403869629
2016-05-11,17.832429885864258
2016-05-12,17.937240600585938
2016-05-13,17.850500106811523
2016-05-16,17.87218475341797
2016-05-17,17.568592071533203
2016-05-18,17.239704132080078
2016-05-19,17.413179397583008
2016-05-20,17.452938079833984
2016-05-23,17.297531127929688
2016-05-24,17.471006393432617
2016-05-25,17.4204044342041
2016-05-26,17.619192123413086
2016-05-27,17.64811134338379
2016-05-31,17.763763427734375
2016-06-01,17.81074333190918
2016-06-02,17.817974090576172
2016-06-03,18.099882125854492
2016-06-06,18.074583053588867
2016-06-07,18.06012535095215
2016-06-08,18.168550491333008
2016-06-09,18.32396125793457
2016-06-10,18.276973724365234
2016-06-13,18.255292892456055
2016-06-14,18.352874755859375
2016-06-15,18.237218856811523
2016-06-16,18.352874755859375
2016-06-17,18.419187545776367
2016-06-20,18.349956512451172
2016-06-21,18.375469207763672
2016-06-22,18.288015365600586
2016-06-23,18.33902931213379
2016-06-24,18.368181228637695
2016-06-27,18.594091415405273
2016-06-28,18.663318634033203
2016-06-29,18.714330673217773
2016-06-30,19.11879539489746
2016-07-01,19.122432708740234
2016-07-05,19.264543533325195
2016-07-06,19.30462646484375
2016-07-07,18.947534561157227
2016-07-08,19.14429473876953
2016-07-11,19.129718780517578
2016-07-12,18.867374420166016
2016-07-13,19.01676368713379
2016-07-14,18.892879486083984
2016-07-15,18.947534561157227
2016-07-18,19.0021915435791
2016-07-19,18.969398498535156
2016-07-20,18.860084533691406
2016-07-21,18.973041534423828
2016-07-22,19.22446060180664
2016-07-25,19.191659927368164
2016-07-26,19.024051666259766
2016-07-27,18.805429458618164
2016-07-28,18.8783016204834
2016-07-29,18.991262435913086
2016-08-01,19.0021915435791
2016-08-02,18.8783016204834
2016-08-03,18.765350341796875
2016-08-04,18.754417419433594
2016-08-05,18.484777450561523
2016-08-08,18.477493286132812
2016-08-09,18.473848342895508
2016-08-10,18.477493286132812
2016-08-11,18.521217346191406
2016-08-12,18.546722412109375
2016-08-15,18.26249885559082
2016-08-16,18.047527313232422
2016-08-17,18.31716537475586
2016-08-18,18.54307746887207
2016-08-19,18.31716537475586
2016-08-22,18.36453628540039
2016-08-23,18.28437614440918
2016-08-24,18.277088165283203
2016-08-25,18.288015365600586
2016-08-26,17.909067153930664
2016-08-29,18.0548152923584
2016-08-30,17.865341186523438
2016-08-31,17.938215255737305
2016-09-01,17.847122192382812
2016-09-02,18.08396339416504
2016-09-06,18.280729293823242
2016-09-07,18.28437614440918
2016-09-08,18.3463134765625
2016-09-09,17.65764617919922
2016-09-12,17.97100830078125
2016-09-13,17.723228454589844
2016-09-14,17.792469024658203
2016-09-15,17.927284240722656
2016-09-16,18.102205276489258
2016-09-19,18.282272338867188
2016-09-20,18.24919891357422
2016-09-21,18.62035369873047
2016-09-22,18.73427391052246
2016-09-23,18.719573974609375
2016-09-26,18.671804428100586
2016-09-27,18.429262161254883
2016-09-28,18.403535842895508
2016-09-29,18.1279239654541
2016-09-30,18.002988815307617
2016-10-03,17.749418258666992
2016-10-04,17.378263473510742
2016-10-05,17.34151268005371
2016-10-06,17.33783531188965
2016-10-07,17.315792083740234
2016-10-10,17.459108352661133
2016-10-11,17.26066780090332
2016-10-12,17.429716110229492
2016-10-13,17.64652442932129
2016-10-14,17.54730796813965
2016-10-17,17.64284896850586
2016-10-18,17.79351234436035
2016-10-19,17.753095626831055
2016-10-20,17.742067337036133
2016-10-21,17.639175415039062
2016-10-24,17.705320358276367
2016-10-25,17.815570831298828
2016-10-26,17.85966682434082
2016-10-27,17.753095626831055
2016-10-28,17.808216094970703
2016-10-31,18.164676666259766
2016-11-01,17.833938598632812
2016-11-02,17.609777450561523
2016-11-03,17.675920486450195
2016-11-04,17.620800018310547
2016-11-07,17.92949104309082
2016-11-08,18.06913185119629
2016-11-09,17.40398597717285
2016-11-10,16.98505401611328
2016-11-11,16.91523551940918
2016-11-14,16.904205322265625
2016-11-15,17.1761417388916
2016-11-16,17.058551788330078
2016-11-17,17.062231063842773
2016-11-18,17.01078224182129
2016-11-21,17.190845489501953
2016-11-22,17.256988525390625
2016-11-23,17.08427619934082
2016-11-25,17.330486297607422
2016-11-28,17.664899826049805
2016-11-29,17.738399505615234
2016-11-30,17.1798152923584
2016-12-01,17.043853759765625
2016-12-02,17.198198318481445
2016-12-05,17.220247268676758
2016-12-06,17.187166213989258
2016-12-07,17.411340713500977
2016-12-08,17.44072914123535
2016-12-09,17.624475479125977
2016-12-12,17.808216094970703
2016-12-13,17.991954803466797
2016-12-14,17.620800018310547
2016-12-15,17.745750427246094
2016-12-16,17.962064743041992
2016-12-19,18.02884864807129
2016-12-20,18.05111312866211
2016-12-21,17.976900100708008
2016-12-22,18.039979934692383
2016-12-23,18.036266326904297
2016-12-27,18.05111312866211
2016-12-28,17.880428314208984
2016-12-29,18.121606826782227
2016-12-30,18.02142333984375
2017-01-03,17.976900100708008
2017-01-04,18.0436954498291
2017-01-05,18.06224250793457
2017-01-06,18.11789894104004
2017-01-09,17.880428314208984
2017-01-10,17.824777603149414
2017-01-11,18.01029396057129
2017-01-12,18.025136947631836
2017-01-13,17.999168395996094
2017-01-17,18.19581413269043
2017-01-18,18.17355728149414
2017-01-19,18.014005661010742
2017-01-20,18.04739761352539
2017-01-23,17.95464324951172
2017-01-24,17.950931549072266
2017-01-25,17.950931549072266
2017-01-26,17.958351135253906
2017-01-27,17.95464324951172
2017-01-30,17.969486236572266
2017-01-31,18.24776268005371
2017-02-01,17.932373046875
2017-02-02,18.121606826782227
2017-02-03,18.143871307373047
2017-02-06,18.106761932373047
2017-02-07,18.151287078857422
2017-02-08,18.329395294189453
2017-02-09,18.17355728149414
2017-02-10,18.2885799407959
2017-02-13,18.377628326416016
2017-02-14,18.24405288696289
2017-02-15,18.199525833129883
2017-02-16,18.381336212158203
2017-02-17,18.392467498779297
2017-02-21,18.58540916442871
2017-02-22,18.663326263427734
2017-02-23,18.856264114379883
2017-02-24,19.141971588134766
2017-02-27,19.03437042236328
2017-02-28,19.20875358581543
2017-03-01,19.03807830810547
2017-03-02,19.175365447998047
2017-03-03,19.115995407104492
2017-03-06,19.078893661499023
2017-03-07,19.067768096923828
2017-03-08,18.793195724487305
2017-03-09,18.752376556396484
2017-03-10,18.908214569091797
2017-03-13,18.963871002197266
2017-03-14,18.94532012939453
2017-03-15,19.249570846557617
2017-03-16,19.03807830810547
2017-03-17,19.15285301208496
2017-03-20,19.02573585510254
2017-03-21,19.2949161529541
2017-03-22,19.388389587402344
2017-03-23,19.328571319580078
2017-03-24,19.399599075317383
2017-03-27,19.32482147216797
2017-03-28,19.309871673583984
2017-03-29,19.257532119750977
2017-03-30,19.10798454284668
2017-03-31,19.182762145996094
2017-04-03,19.17902183532715
2017-04-04,19.23883628845215
2017-04-05,19.347261428833008
2017-04-06,19.298656463623047
2017-04-07,19.21640968322754
2017-04-10,19.250057220458984
2017-04-11,19.24258041381836
2017-04-12,19.384645462036133
2017-04-13,19.321090698242188
2017-04-17,19.40707778930664
2017-04-18,19.451940536499023
2017-04-19,19.317350387573242
2017-04-20,19.24258041381836
2017-04-21,19.33978271484375
2017-04-24,19.44072914123535
2017-04-25,19.414554595947266
2017-04-26,19.3547420501709
2017-04-27,19.422029495239258
2017-04-28,19.328571319580078
2017-05-01,19.212677001953125
2017-05-02,19.2351016998291
2017-05-03,19.167808532714844
2017-05-04,19.2351016998291
2017-05-05,19.33978271484375
2017-05-08,19.332305908203125
2017-05-09,19.190244674682617
2017-05-10,19.220144271850586
2017-05-11,19.246313095092773
2017-05-12,19.33978271484375
2017-05-15,19.422029495239258
2017-05-16,19.279964447021484
2017-05-17,19.328571319580078
2017-05-18,19.39586639404297
2017-05-19,19.47063636779785
2017-05-22,19.638870239257812
2017-05-23,19.691211700439453
2017-05-24,19.80337142944336
2017-05-25,19.96413230895996
2017-05-26,19.96413230895996
2017-05-30,20.02768898010254
2017-05-31,20.12862777709961
2017-06-01,20.270694732666016
2017-06-02,20.293121337890625
2017-06-05,20.229568481445312
2017-06-06,20.184707641601562
2017-06-07,20.25200080871582
2017-06-08,20.083770751953125
2017-06-09,20.065067291259766
2017-06-12,20.02768898010254
2017-06-13,20.07628631591797
2017-06-14,20.184707641601562
2017-06-15,20.300607681274414
2017-06-16,20.393695831298828
2017-06-19,20.32585906982422
2017-06-20,20.3371639251709
2017-06-21,20.216556549072266
2017-06-22,20.122333526611328
2017-06-23,20.054485321044922
2017-06-26,20.19017791748047
2017-06-27,19.964040756225586
2017-06-28,19.771820068359375
2017-06-29,19.61353302001953
2017-06-30,19.583372116088867
2017-07-03,19.492918014526367
2017-07-05,19.398696899414062
2017-07-06,19.391157150268555
2017-07-07,19.406240463256836
2017-07-10,19.391157150268555
2017-07-11,19.379850387573242
2017-07-12,19.545690536499023
2017-07-13,19.47784423828125
2017-07-14,19.568302154541016
2017-07-17,19.65875244140625
2017-07-18,19.715290069580078
2017-07-19,19.798202514648438
2017-07-20,19.94142723083496
2017-07-21,20.084644317626953
2017-07-24,19.896196365356445
2017-07-25,19.783130645751953
2017-07-26,19.971580505371094
2017-07-27,20.02056884765625
2017-07-28,19.990419387817383
2017-07-31,20.058259963989258
2017-08-01,20.171335220336914
2017-08-02,20.25801658630371
2017-08-03,20.359777450561523
2017-08-04,20.269319534301758
2017-08-07,20.333393096923828
2017-08-08,20.41630744934082
2017-08-09,20.310779571533203
2017-08-10,20.37485122680664
2017-08-11,20.254247665405273
2017-08-14,20.371084213256836
2017-08-15,20.48415184020996
2017-08-16,20.567068099975586
2017-08-17,20.420080184936523
2017-08-18,20.540678024291992
2017-08-21,20.616060256958008
2017-08-22,20.66128921508789
2017-08-23,20.7291316986084
2017-08-24,20.71406364440918
2017-08-25,20.781896591186523
2017-08-28,20.819578170776367
2017-08-29,20.774354934692383
2017-08-30,20.71406364440918
2017-08-31,20.717824935913086
2017-09-01,20.653751373291016
2017-09-05,20.70651626586914
2017-09-06,20.61229133605957
2017-09-07,20.766817092895508
2017-09-08,20.86480712890625
2017-09-11,21.041954040527344
2017-09-12,20.691444396972656
2017-09-13,20.58968162536621
2017-09-14,20.76305389404297
2017-09-15,20.792293548583984
2017-09-18,20.579622268676758
2017-09-19,20.537853240966797
2017-09-20,20.385940551757812
2017-09-21,20.382143020629883
2017-09-22,20.215045928955078
2017-09-25,20.40113639831543
2017-09-26,20.363155364990234
2017-09-27,20.089725494384766
2017-09-28,20.161880493164062
2017-09-29,20.14668846130371
2017-10-02,20.180864334106445
2017-10-03,20.123905181884766
2017-10-04,20.325183868408203
2017-10-05,20.306198120117188
2017-10-06,20.291000366210938
2017-10-09,20.317583084106445
2017-10-10,20.515066146850586
2017-10-11,20.60240936279297
2017-10-12,20.708742141723633
2017-10-13,20.564435958862305
2017-10-16,20.518861770629883
2017-10-17,20.640382766723633
2017-10-18,20.60240936279297
2017-10-19,20.818878173828125
2017-10-20,20.834070205688477
2017-10-23,20.8454647064209
2017-10-24,20.864444732666016
2017-10-25,20.773305892944336
2017-10-26,20.777101516723633
2017-10-27,20.90622329711914
2017-10-30,20.910018920898438
2017-10-31,20.932809829711914
2017-11-01,20.815080642700195
2017-11-02,20.89103126525879
2017-11-03,20.96699333190918
2017-11-06,20.88723373413086
2017-11-07,21.13788414001465
2017-11-08,21.153074264526367
2017-11-09,21.179651260375977
2017-11-10,21.08091926574707
2017-11-13,21.331565856933594
2017-11-14,21.597396850585938
2017-11-15,21.41131591796875
2017-11-16,21.34295654296875
2017-11-17,21.194849014282227
2017-11-20,21.130285263061523
2017-11-21,21.187253952026367
2017-11-22,21.187253952026367
2017-11-24,21.221435546875
2017-11-27,21.312580108642578
2017-11-28,21.41131591796875
2017-11-29,21.422706604003906
2017-11-30,21.494863510131836
2017-12-01,21.422706604003906
2017-12-04,21.301176071166992
2017-12-05,21.031551361083984
2017-12-06,21.11130142211914
2017-12-07,21.149280548095703
2017-12-08,21.217636108398438
2017-12-11,21.346752166748047
2017-12-12,20.982175827026367
2017-12-13,21.03914451599121
2017-12-14,21.01255989074707
2017-12-15,21.089603424072266
2017-12-18,20.85578155517578
2017-12-19,20.47631072998047
2017-12-20,20.315322875976562
2017-12-21,20.07383918762207
2017-12-22,20.104507446289062
2017-12-26,19.985675811767578
2017-12-27,20.07000732421875
2017-12-28,20.181161880493164
2017-12-29,20.19266128540039
2018-01-02,20.004844665527344
2018-01-03,19.847684860229492
2018-01-04,19.682865142822266
2018-01-05,19.675201416015625
2018-01-08,19.85918617248535
2018-01-09,19.663700103759766
2018-01-10,19.449047088623047
2018-01-11,19.37621307373047
2018-01-12,19.265050888061523
2018-01-16,19.222898483276367
2018-01-17,19.341716766357422
2018-01-18,19.21906089782715
2018-01-19,19.161561965942383
2018-01-22,19.188396453857422
2018-01-23,19.37238311767578
2018-01-24,19.253555297851562
2018-01-25,19.552534103393555
2018-01-26,19.564035415649414
2018-01-29,19.31488800048828
2018-01-30,19.349390029907227
2018-01-31,19.564035415649414
2018-02-01,19.25739288330078
2018-02-02,19.119401931762695
2018-02-05,18.80508804321289
2018-02-06,18.525272369384766
2018-02-07,18.437108993530273
2018-02-08,18.23012351989746
2018-02-09,18.613431930541992
2018-02-12,18.755258560180664
2018-02-13,18.83958625793457
2018-02-14,18.628765106201172
2018-02-15,19.042739868164062
2018-02-16,19.211397171020508
2018-02-20,18.962247848510742
2018-02-21,18.713096618652344
2018-02-22,18.80892562866211
2018-02-23,19.299558639526367
2018-02-26,19.24205780029297
2018-02-27,18.93541145324707
2018-02-28,18.80508804321289
2018-03-01,18.80892562866211
2018-03-02,18.759092330932617
2018-03-05,19.14239501953125
2018-03-06,18.88558006286621
2018-03-07,18.743764877319336
2018-03-08,18.881752014160156
2018-03-09,18.93541145324707
2018-03-12,19.015905380249023
2018-03-13,19.058074951171875
2018-03-14,19.253555297851562
2018-03-15,19.24205780029297
2018-03-16,19.41086769104004
2018-03-19,19.291118621826172
2018-03-20,19.202266693115234
2018-03-21,19.136598587036133
2018-03-22,19.22158432006836
2018-03-23,18.951187133789062
2018-03-26,19.148195266723633
2018-03-27,19.422454833984375
2018-03-28,19.414730072021484
2018-03-29,19.51902198791504
2018-04-02,19.368371963500977
2018-04-03,19.434043884277344
2018-04-04,19.476537704467773
2018-04-05,19.63104820251465
2018-04-06,19.476537704467773
2018-04-09,19.515167236328125
2018-04-10,19.36450958251953
2018-04-11,19.33747100830078
2018-04-12,19.0825252532959
2018-04-13,19.233173370361328
2018-04-16,19.495847702026367
2018-04-17,19.69285774230957
2018-04-18,19.619457244873047
2018-04-19,19.607868194580078
2018-04-20,19.430177688598633
2018-04-23,19.44176483154297
2018-04-24,19.573102951049805
2018-04-25,19.576967239379883
2018-04-26,19.773977279663086
2018-04-27,19.974842071533203
2018-04-30,19.916906356811523
2018-05-01,19.85508918762207
2018-05-02,19.835783004760742
2018-05-03,19.80873680114746
2018-05-04,19.8975887298584
2018-05-07,19.793292999267578
2018-05-08,19.298839569091797
2018-05-09,19.16364288330078
2018-05-10,19.434043884277344
2018-05-11,19.461084365844727
2018-05-14,19.38768768310547
2018-05-15,19.225446701049805
2018-05-16,19.074796676635742
2018-05-17,18.9202823638916
2018-05-18,18.92414665222168
2018-05-21,19.020715713500977
2018-05-22,19.09025001525879
2018-05-23,19.264076232910156
2018-05-24,19.422454833984375
2018-05-25,19.5074405670166
2018-05-29,19.5074405670166
2018-05-30,19.665815353393555
2018-05-31,19.696720123291016
2018-06-01,19.395416259765625
2018-06-04,19.240901947021484
2018-06-05,19.14046859741211
2018-06-06,18.684642791748047
2018-06-07,18.81598472595215
2018-06-08,18.808259963989258
2018-06-11,18.769634246826172
2018-06-12,18.98595428466797
2018-06-13,18.93573760986328
2018-06-14,19.171375274658203
2018-06-15,19.307777404785156
2018-06-18,19.370136260986328
2018-06-19,19.56110954284668
2018-06-20,19.576696395874023
2018-06-21,19.642953872680664
2018-06-22,19.77936553955078
2018-06-25,20.106746673583984
2018-06-26,20.130130767822266
2018-06-27,20.227571487426758
2018-06-28,20.21977424621582
2018-06-29,20.25095558166504
2018-07-02,20.39515495300293
2018-07-03,20.453615188598633
2018-07-05,20.562740325927734
2018-07-06,20.722532272338867
2018-07-09,20.083362579345703
2018-07-10,20.27433967590332
2018-07-11,20.457509994506836
2018-07-12,20.473102569580078
2018-07-13,20.476999282836914
2018-07-16,20.457509994506836
2018-07-17,20.441925048828125
2018-07-18,20.336700439453125
2018-07-19,20.52376937866211
2018-07-20,20.379566192626953
2018-07-23,20.23535919189453
2018-07-24,20.305517196655273
2018-07-25,20.36397933959961
2018-07-26,20.582233428955078
2018-07-27,20.515972137451172
2018-07-30,20.391258239746094
2018-07-31,20.57443618774414
2018-08-01,20.441925048828125
2018-08-02,20.543258666992188
2018-08-03,20.77320671081543
2018-08-06,20.788795471191406
2018-08-07,20.757619857788086
2018-08-08,20.648487091064453
2018-08-09,20.742023468017578
2018-08-10,20.652389526367188
2018-08-13,20.679664611816406
2018-08-14,20.722532272338867
2018-08-15,20.913511276245117
2018-08-16,21.139564514160156
2018-08-17,21.248687744140625
2018-08-20,21.174640655517578
2018-08-21,21.022640228271484
2018-08-22,20.866744995117188
2018-08-23,20.851154327392578
2018-08-24,20.940797805786133
2018-08-27,20.812179565429688
2018-08-28,20.769306182861328
2018-08-29,20.921310424804688
2018-08-30,20.929100036621094
2018-08-31,20.839458465576172
2018-09-04,20.93299674987793
2018-09-05,21.225299835205078
2018-09-06,21.34612274169922
2018-09-07,21.08500099182129
2018-09-10,21.190227508544922
2018-09-11,21.135663986206055
2018-09-12,21.116178512573242
2018-09-13,21.27596664428711
2018-09-14,21.162948608398438
2018-09-17,21.233102798461914
2018-09-18,21.194128036499023
2018-09-19,20.73423194885254
2018-09-20,20.777099609375
2018-09-21,20.86557960510254
2018-09-24,20.680753707885742
2018-09-25,20.397624969482422
2018-09-26,20.197063446044922
2018-09-27,20.40548324584961
2018-09-28,20.7043514251709
2018-10-01,20.63356590270996
2018-10-02,20.912769317626953
2018-10-03,20.66109275817871
2018-10-04,20.771198272705078
2018-10-05,21.08973503112793
2018-10-08,21.266695022583008
2018-10-09,21.353208541870117
2018-10-10,21.235233306884766
2018-10-11,20.845918655395508
2018-10-12,20.82232666015625
2018-10-15,20.920637130737305
2018-10-16,21.136919021606445
2018-10-17,21.097599029541016
2018-10-18,21.129060745239258
2018-10-19,21.459379196166992
2018-10-22,21.321739196777344
2018-10-23,21.203767776489258
2018-10-24,21.718923568725586
2018-10-25,21.38072967529297
2018-10-26,20.98748779296875
2018-10-29,21.28242301940918
2018-10-30,21.365005493164062
2018-10-31,21.113325119018555
2018-11-01,21.01894760131836
2018-11-02,20.900978088378906
2018-11-05,21.195913314819336
2018-11-06,21.337478637695312
2018-11-07,21.581289291381836
2018-11-08,21.545896530151367
2018-11-09,21.577354431152344
2018-11-12,21.565561294555664
2018-11-13,21.656005859375
2018-11-14,21.431848526000977
2018-11-15,21.25489616394043
2018-11-16,21.581289291381836
2018-11-19,21.67566680908203
2018-11-20,21.585216522216797
2018-11-21,21.266695022583008
2018-11-23,21.278491973876953
2018-11-26,21.404325485229492
2018-11-27,21.565561294555664
2018-11-28,21.549827575683594
2018-11-29,21.541961669921875
2018-11-30,21.860492706298828
2018-12-03,22.080711364746094
2018-12-04,22.096437454223633
2018-12-06,22.120031356811523
2018-12-07,22.20261001586914
2018-12-10,22.24587059020996
2018-12-11,22.336318969726562
2018-12-12,22.194747924804688
2018-12-13,22.387439727783203
2018-12-14,22.344179153442383
2018-12-17,21.624549865722656
2018-12-18,21.47904396057129
2018-12-19,21.44365119934082
2018-12-20,21.431848526000977
2018-12-21,21.340242385864258
2018-12-24,20.447925567626953
2018-12-26,20.725536346435547
2018-12-27,20.90003776550293
2018-12-28,20.95159149169922
2018-12-31,20.987281799316406
2019-01-02,20.62639045715332
2019-01-03,20.622425079345703
2019-01-04,20.927791595458984
2019-01-07,20.78502082824707
2019-01-08,21.042802810668945
2019-01-09,20.915897369384766
2019-01-10,21.189542770385742
2019-01-11,21.1102294921875
2019-01-14,20.634321212768555
2019-01-15,20.888134002685547
2019-01-16,20.96348762512207
2019-01-17,21.050737380981445
2019-01-18,21.074525833129883
2019-01-22,21.11419105529785
2019-01-23,21.328350067138672
2019-01-24,21.439388275146484
2019-01-25,21.145915985107422
2019-01-28,21.046768188476562
2019-01-29,21.10625648498535
2019-01-30,21.268861770629883
2019-01-31,21.716997146606445
2019-02-01,21.63371467590332
2019-02-04,21.66940689086914
2019-02-05,21.713031768798828
2019-02-06,21.701128005981445
2019-02-07,21.986677169799805
2019-02-08,22.081859588623047
2019-02-11,22.073930740356445
2019-02-12,22.12548065185547
2019-02-13,22.06203842163086
2019-02-14,22.026338577270508
2019-02-15,22.0937557220459
2019-02-19,22.22463035583496
2019-02-20,22.323776245117188
2019-02-21,22.486379623413086
2019-02-22,22.625181198120117
2019-02-25,22.47844123840332
2019-02-26,22.45068359375
2019-02-27,22.47844123840332
2019-02-28,22.609317779541016
2019-03-01,22.656909942626953
2019-03-04,22.69656753540039
2019-03-05,22.668806076049805
2019-03-06,22.668806076049805
2019-03-07,22.744152069091797
2019-03-08,22.823474884033203
2019-03-11,22.986074447631836
2019-03-12,23.144704818725586
2019-03-13,23.16849708557129
2019-03-14,23.164539337158203
2019-03-15,23.248428344726562
2019-03-18,23.16053581237793
2019-03-19,22.8968563079834
2019-03-20,22.95677947998047
2019-03-21,23.200496673583984
2019-03-22,23.368295669555664
2019-03-25,23.38827133178711
2019-03-26,23.556074142456055
2019-03-27,23.392263412475586
2019-03-28,23.116594314575195
2019-03-29,23.240446090698242
2019-04-01,23.08063507080078
2019-04-02,23.112600326538086
2019-04-03,23.076642990112305
2019-04-04,22.996734619140625
2019-04-05,23.21247673034668
2019-04-08,23.048673629760742
2019-04-09,23.104604721069336
2019-04-10,23.03269386291504
2019-04-11,23.1485538482666
2019-04-12,23.256425857543945
2019-04-15,23.25243377685547
2019-04-16,22.96477508544922
2019-04-17,22.876882553100586
2019-04-18,22.88886070251465
2019-04-22,22.868885040283203
2019-04-23,22.932815551757812
2019-04-24,23.08063507080078
2019-04-25,23.176517486572266
2019-04-26,23.21247673034668
2019-04-29,23.076642990112305
2019-04-30,23.456188201904297
2019-05-01,23.216472625732422
2019-05-02,23.164539337158203
2019-05-03,23.29238510131836
2019-05-06,23.164539337158203
2019-05-07,23.09262466430664
2019-05-08,22.776996612548828
2019-05-09,22.749027252197266
2019-05-10,23.156543731689453
2019-05-13,23.404251098632812
2019-05-14,23.248428344726562
2019-05-15,23.20848274230957
2019-05-16,23.364299774169922
2019-05-17,23.48415756225586
2019-05-20,23.51612091064453
2019-05-21,23.5600643157959
2019-05-22,23.735858917236328
2019-05-23,23.939613342285156
2019-05-24,23.903663635253906
2019-05-28,23.51212501525879
2019-05-29,23.200496673583984
2019-05-30,23.164539337158203
2019-05-31,23.27240753173828
2019-06-03,23.504133224487305
2019-06-04,23.52410888671875
2019-06-05,24.027507781982422
2019-06-06,24.175334930419922
2019-06-07,23.995548248291016
2019-06-10,23.83174705505371
2019-06-11,23.687917709350586
2019-06-12,23.995548248291016
2019-06-13,24.04349136352539
2019-06-14,24.295194625854492
2019-06-17,24.227275848388672
2019-06-18,24.127389907836914
2019-06-19,24.31117820739746
2019-06-20,24.466991424560547
2019-06-21,24.561630249023438
2019-06-24,24.569686889648438
2019-06-25,24.420679092407227
2019-06-26,23.88909912109375
2019-06-27,23.921310424804688
2019-06-28,24.013933181762695
2019-07-01,23.953529357910156
2019-07-02,24.279733657836914
2019-07-03,24.448867797851562
2019-07-05,24.436790466308594
2019-07-08,24.47303581237793
2019-07-09,24.505250930786133
2019-07-10,24.561630249023438
2019-07-11,24.569686889648438
2019-07-12,24.408599853515625
2019-07-15,24.505250930786133
2019-07-16,24.36429786682129
2019-07-17,24.45692253112793
2019-07-18,24.67036247253418
2019-07-19,24.31194496154785
2019-07-22,24.259593963623047
2019-07-23,24.106563568115234
2019-07-24,24.126699447631836
2019-07-25,24.06629180908203
2019-07-26,24.154890060424805
2019-07-29,24.279733657836914
2019-07-30,24.094484329223633
2019-07-31,23.981719970703125
2019-08-01,24.22737693786621
2019-08-02,24.223346710205078
2019-08-05,23.877016067504883
2019-08-06,24.175020217895508
2019-08-07,24.235427856445312
2019-08-08,24.48511505126953
2019-08-09,24.513303756713867
2019-08-12,24.464975357055664
2019-08-13,24.48108673095703
2019-08-14,24.279733657836914
2019-08-15,24.593843460083008
2019-08-16,24.71868896484375
2019-08-19,24.875751495361328
2019-08-20,24.83547592163086
2019-08-21,25.000591278076172
2019-08-22,25.024755477905273
2019-08-23,24.75895881652832
2019-08-26,25.044893264770508
2019-08-27,25.089189529418945
2019-08-28,25.020721435546875
2019-08-29,25.193891525268555
2019-08-30,25.20195198059082
2019-09-03,25.648962020874023
2019-09-04,25.67312240600586
2019-09-05,25.395248413085938
2019-09-06,25.294570922851562
2019-09-09,25.169729232788086
2019-09-10,25.20195198059082
2019-09-11,25.451627731323242
2019-09-12,25.508014678955078
2019-09-13,25.3469295501709
2019-09-16,25.3670597076416
2019-09-17,25.58855438232422
2019-09-18,25.697288513183594
2019-09-19,25.818099975585938
2019-09-20,25.920373916625977
2019-09-23,25.92443084716797
2019-09-24,26.22879981994629
2019-09-25,26.212570190429688
2019-09-26,26.350555419921875
2019-09-27,26.257211685180664
2019-09-30,26.273441314697266
2019-10-01,26.212570190429688
2019-10-02,25.863557815551758
2019-10-03,25.92443084716797
2019-10-04,26.285619735717773
2019-10-07,26.184162139892578
2019-10-08,25.9406681060791
2019-10-09,26.06647300720215
2019-10-10,26.038068771362305
2019-10-11,25.9406681060791
2019-10-14,25.774276733398438
2019-10-15,25.69310760498047
2019-10-16,25.749923706054688
2019-10-17,25.81485366821289
2019-10-18,25.900081634521484
2019-10-21,26.001535415649414
2019-10-22,26.111112594604492
2019-10-23,26.216630935668945
2019-10-24,26.305910110473633
2019-10-25,26.038068771362305
2019-10-28,25.680931091308594
2019-10-29,25.705284118652344
2019-10-30,25.932546615600586
2019-10-31,26.074586868286133
2019-11-01,26.00965690612793
2019-11-04,25.67687225341797
2019-11-05,25.413087844848633
2019-11-06,25.510486602783203
2019-11-07,25.165529251098633
2019-11-08,25.060012817382812
2019-11-11,24.90579605102539
2019-11-12,24.966670989990234
2019-11-13,25.335981369018555
2019-11-14,25.425260543823242
2019-11-15,25.506425857543945
2019-11-18,25.55918312072754
2019-11-19,25.494247436523438
2019-11-20,25.648460388183594
2019-11-21,25.55918312072754
2019-11-22,25.567296981811523
2019-11-25,25.482080459594727
2019-11-26,25.567296981811523
2019-11-27,25.6119441986084
2019-11-29,25.58759307861328
2019-12-02,25.421201705932617
2019-12-03,25.490190505981445
2019-12-04,25.684988021850586
2019-12-05,25.729633331298828
2019-12-06,25.65252685546875
2019-12-09,25.56324005126953
2019-12-10,25.55918312072754
2019-12-11,25.628177642822266
2019-12-12,25.51860237121582
2019-12-13,25.71745491027832
2019-12-16,26.038068771362305
2019-12-17,26.123287200927734
2019-12-18,26.22879981994629
2019-12-19,26.236923217773438
2019-12-20,26.41728973388672
2019-12-23,26.171894073486328
2019-12-24,26.208696365356445
2019-12-26,26.253690719604492
2019-12-27,26.33139419555664
2019-12-30,26.327308654785156
2019-12-31,26.4295597076416
2020-01-02,26.098270416259766
2020-01-03,26.151437759399414
2020-01-06,26.175979614257812
2020-01-07,26.139169692993164
2020-01-08,26.12689971923828
2020-01-09,26.270051956176758
2020-01-10,26.33958625793457
2020-01-13,26.49909019470215
2020-01-14,26.57679557800293
2020-01-15,26.94898796081543
2020-01-16,27.11667823791504
2020-01-17,27.30482292175293
2020-01-21,27.55430793762207
2020-01-22,27.64019775390625
2020-01-23,27.885597229003906
2020-01-24,27.959218978881836
2020-01-27,27.88968849182129
2020-01-28,28.00421142578125
2020-01-29,28.07783317565918
2020-01-30,28.339588165283203
2020-01-31,28.21279525756836
2020-02-03,28.30277442932129
2020-02-04,28.020570755004883
2020-02-05,28.135089874267578
2020-02-06,28.14326286315918
2020-02-07,28.05329132080078
2020-02-10,28.159626007080078
2020-02-11,28.26187515258789
2020-02-12,28.282325744628906
2020-02-13,28.597251892089844
2020-02-14,28.78948974609375
2020-02-18,29.030797958374023
2020-02-19,28.715871810913086
2020-02-20,28.8181209564209
2020-02-21,28.76494789123535
2020-02-24,28.429567337036133
2020-02-25,27.832435607910156
2020-02-26,27.550222396850586
2020-02-27,26.310956954956055
2020-02-28,25.431602478027344
2020-03-02,26.92853355407715
2020-03-03,26.597248077392578
2020-03-04,28.106460571289062
2020-03-05,27.672916412353516
2020-03-06,27.447969436645508
2020-03-09,25.955121994018555
2020-03-10,26.196430206298828
2020-03-11,24.879446029663086
2020-03-12,22.368194580078125
2020-03-13,23.587011337280273
2020-03-16,20.908063888549805
2020-03-17,23.58292007446289
2020-03-18,22.556337356567383
2020-03-19,21.243440628051758
2020-03-20,19.55836296081543
2020-03-23,18.56032943725586
2020-03-24,20.555574417114258
2020-03-25,21.0802059173584
2020-03-26,22.87716293334961
2020-03-27,23.001096725463867
2020-03-30,23.852069854736328
2020-03-31,22.88956069946289
2020-04-01,21.51395606994629
2020-04-02,22.18729591369629
2020-04-03,21.39415740966797
2020-04-06,23.046531677246094
2020-04-07,22.757369995117188
2020-04-08,23.996652603149414
2020-04-09,25.128524780273438
2020-04-13,24.33125877380371
2020-04-14,25.045907974243164
2020-04-15,24.219724655151367
2020-04-16,24.22385025024414
2020-04-17,25.004600524902344
2020-04-20,24.058616638183594
2020-04-21,23.662046432495117
2020-04-22,24.35190773010254
2020-04-23,23.94294548034668
2020-04-24,24.09166145324707
2020-04-27,24.343650817871094
2020-04-28,24.43453025817871
2020-04-29,24.21146011352539
2020-04-30,23.653783798217773
2020-05-01,23.083707809448242
2020-05-04,23.257213592529297
2020-05-05,23.44723892211914
2020-05-06,22.649961471557617
2020-05-07,22.7408447265625
2020-05-08,23.199378967285156
2020-05-11,23.100234985351562
2020-05-12,22.89781951904297
2020-05-13,22.70366668701172
2020-05-14,22.947391510009766
2020-05-15,22.641700744628906
2020-05-18,23.571163177490234
2020-05-19,23.182849884033203
2020-05-20,23.310914993286133
2020-05-21,23.075450897216797
2020-05-22,23.331567764282227
2020-05-26,23.484416961669922
2020-05-27,23.765316009521484
2020-05-28,24.467580795288086
2020-05-29,24.65760612487793
2020-06-01,24.950899124145508
2020-06-02,25.11200523376465
2020-06-03,25.413564682006836
2020-06-04,24.95915985107422
2020-06-05,25.277244567871094
2020-06-08,25.954715728759766
2020-06-09,25.434219360351562
2020-06-10,25.285507202148438
2020-06-11,24.298206329345703
2020-06-12,24.236248016357422
2020-06-15,24.40148162841797
2020-06-16,24.513017654418945
2020-06-17,24.438663482666016
2020-06-18,24.43453025817871
2020-06-19,23.748796463012695
2020-06-22,23.980390548706055
2020-06-23,23.738798141479492
2020-06-24,23.52219581604004
2020-06-25,23.230615615844727
2020-06-26,22.98485565185547
2020-06-29,23.418060302734375
2020-06-30,23.50553321838379
2020-07-01,24.055376052856445
2020-07-02,24.117849349975586
2020-07-06,23.822107315063477
2020-07-07,23.72630500793457
2020-07-08,23.938735961914062
2020-07-09,23.618003845214844
2020-07-10,24.063697814941406
2020-07-13,24.08868980407715
2020-07-14,24.313627243041992
2020-07-15,24.217823028564453
2020-07-16,24.526063919067383
2020-07-17,25.08007049560547
2020-07-20,24.750995635986328
2020-07-21,24.86346435546875
2020-07-22,25.246681213378906
2020-07-23,25.275840759277344
2020-07-24,25.109224319458008
2020-07-27,24.805143356323242
2020-07-28,25.180036544799805
2020-07-29,25.29667091369629
2020-07-30,25.29667091369629
2020-07-31,25.33832359313965
2020-08-03,25.063405990600586
2020-08-04,25.33832359313965
2020-08-05,25.0134220123291
2020-08-06,25.159210205078125
2020-08-07,25.613243103027344
2020-08-10,25.604909896850586
2020-08-11,25.050907135009766
2020-08-12,25.413301467895508
2020-08-13,25.371644973754883
2020-08-14,25.1508846282959
2020-08-17,25.117557525634766
2020-08-18,25.005088806152344
2020-08-19,24.930112838745117
2020-08-20,24.709341049194336
2020-08-21,24.750995635986328
2020-08-24,24.967599868774414
2020-08-25,24.730167388916016
2020-08-26,24.455251693725586
2020-08-27,24.534391403198242
2020-08-28,24.605205535888672
2020-08-31,24.680177688598633
2020-09-01,24.396934509277344
2020-09-02,25.155044555664062
2020-09-03,24.871793746948242
2020-09-04,24.730167388916016
2020-09-08,24.59270668029785
2020-09-09,24.917619705200195
2020-09-10,24.488576889038086
2020-09-11,24.546886444091797
2020-09-14,24.88429069519043
2020-09-15,25.050907135009766
2020-09-16,25.017587661743164
2020-09-17,24.8134765625
2020-09-18,24.37610626220703
2020-09-21,24.22443962097168
2020-09-22,24.37568473815918
2020-09-23,24.00177574157715
2020-09-24,24.270654678344727
2020-09-25,24.669775009155273
2020-09-28,24.73279571533203
2020-09-29,24.724388122558594
2020-09-30,24.947057723999023
2020-10-01,25.199132919311523
2020-10-02,25.497421264648438
2020-10-05,25.81671905517578
2020-10-06,26.035186767578125
2020-10-07,26.1948299407959
2020-10-08,26.67377281188965
2020-10-09,26.669572830200195
2020-10-12,26.83762550354004
2020-10-13,26.65277099609375
2020-10-14,26.619155883789062
2020-10-15,26.602352142333984
2020-10-16,26.888038635253906
2020-10-19,26.661169052124023
2020-10-20,26.82081413269043
2020-10-21,26.749401092529297
2020-10-22,27.12751579284668
2020-10-23,27.2031307220459
2020-10-26,27.194732666015625
2020-10-27,27.173725128173828
2020-10-28,26.38389015197754
2020-10-29,26.45530891418457
2020-10-30,26.20743179321289
2020-11-02,26.783008575439453
2020-11-03,27.16952133178711
2020-11-04,26.76199722290039
2020-11-05,27.001468658447266
2020-11-06,26.942655563354492
2020-11-09,27.442604064941406
2020-11-10,27.837526321411133
2020-11-11,27.942556381225586
2020-11-12,27.493017196655273
2020-11-13,27.766094207763672
2020-11-16,28.047584533691406
2020-11-17,27.497224807739258
2020-11-18,26.959455490112305
2020-11-19,26.690580368041992
2020-11-20,26.694782257080078
2020-11-23,26.698978424072266
2020-11-24,26.98467445373535
2020-11-25,27.056089401245117
2020-11-27,26.787212371826172
2020-11-30,26.400693893432617
2020-12-01,26.585540771484375
2020-12-02,26.76199722290039
2020-12-03,26.48471450805664
2020-12-04,26.22003936767578
2020-12-07,26.367076873779297
2020-12-08,26.28725814819336
2020-12-09,26.241044998168945
2020-12-10,26.106609344482422
2020-12-11,26.148616790771484
2020-12-14,26.01417350769043
2020-12-15,26.526731491088867
2020-12-16,26.22003936767578
2020-12-17,26.39649200439453
2020-12-18,26.16962432861328
2020-12-21,25.85271453857422
2020-12-22,25.801870346069336
2020-12-23,25.751026153564453
2020-12-24,25.933210372924805
2020-12-28,26.0476016998291
2020-12-29,26.04336929321289
2020-12-30,26.174705505371094
2020-12-31,26.564491271972656
2021-01-04,25.895082473754883
2021-01-05,25.890844345092773
2021-01-06,26.534835815429688
2021-01-07,26.187416076660156
2021-01-08,26.407730102539062
2021-01-11,26.161996841430664
2021-01-12,26.02218246459961
2021-01-13,26.530597686767578
2021-01-14,26.428913116455078
2021-01-15,26.687358856201172
2021-01-19,26.585676193237305
2021-01-20,26.742431640625
2021-01-21,26.585676193237305
2021-01-22,26.623809814453125
2021-01-25,27.157634735107422
2021-01-26,26.886486053466797
2021-01-27,26.161996841430664
2021-01-28,26.475521087646484
2021-01-29,26.331470489501953
2021-02-01,26.458572387695312
2021-02-02,26.674644470214844
2021-02-03,26.58991241455078
2021-02-04,26.797513961791992
2021-02-05,26.941560745239258
2021-02-08,26.733959197998047
2021-02-09,26.7720890045166
2021-02-10,26.878015518188477
2021-02-11,26.72548484802246
2021-02-12,26.530597686767578
2021-02-16,26.234020233154297
2021-02-17,26.25520896911621
2021-02-18,26.41196632385254
2021-02-19,26.0179500579834
2021-02-22,25.509538650512695
2021-02-23,25.721372604370117
2021-02-24,25.420562744140625
2021-02-25,25.19178009033203
2021-02-26,24.725740432739258
2021-03-01,25.27227783203125
2021-03-02,25.196016311645508
2021-03-03,24.899442672729492
2021-03-04,24.87825584411621
2021-03-05,25.284988403320312
2021-03-08,25.6408748626709
2021-03-09,25.97981834411621
2021-03-10,26.157764434814453
2021-03-11,26.089975357055664
2021-03-12,26.44162368774414
2021-03-15,26.780569076538086
2021-03-16,26.8144588470459
2021-03-17,26.37807273864746
2021-03-18,26.28062629699707
2021-03-19,26.352649688720703
2021-03-22,26.314664840698242
2021-03-23,26.707353591918945
2021-03-24,26.71589469909668
2021-03-25,27.001876831054688
2021-03-26,27.091514587402344
2021-03-29,27.381765365600586
2021-03-30,27.134197235107422
2021-03-31,27.33481216430664
2021-04-01,27.309200286865234
2021-04-05,27.607988357543945
2021-04-06,27.753114700317383
2021-04-07,27.71896743774414
2021-04-08,27.697622299194336
2021-04-09,27.667749404907227
2021-04-12,27.693359375
2021-04-13,28.02202606201172
2021-04-14,28.145803451538086
2021-04-15,28.4573974609375
2021-04-16,28.687894821166992
2021-04-19,28.542770385742188
2021-04-20,28.90558433532715
2021-04-21,28.662281036376953
2021-04-22,28.4573974609375
2021-04-23,28.418987274169922
2021-04-26,28.256784439086914
2021-04-27,28.039093017578125
2021-04-28,28.00067710876465
2021-04-29,28.256784439086914
2021-04-30,28.47874641418457
2021-05-03,28.474472045898438
2021-05-04,28.367761611938477
2021-05-05,27.88970375061035
2021-05-06,28.103120803833008
2021-05-07,28.188486099243164
2021-05-10,28.474472045898438
2021-05-11,28.12446403503418
2021-05-12,27.467132568359375
2021-05-13,27.99641227722168
2021-05-14,28.132999420166016
2021-05-17,27.90251350402832
2021-05-18,27.898239135742188
2021-05-19,27.851285934448242
2021-05-20,28.094585418701172
2021-05-21,28.23971176147461
2021-05-24,28.188486099243164
2021-05-25,27.847013473510742
2021-05-26,27.851285934448242
2021-05-27,27.663475036621094
2021-05-28,27.81287384033203
2021-06-01,27.64213752746582
2021-06-02,27.787260055541992
2021-06-03,27.95372772216797
2021-06-04,27.911039352416992
2021-06-07,27.962265014648438
2021-06-08,27.72323226928711
2021-06-09,27.970800399780273
2021-06-10,28.154340744018555
2021-06-11,28.218368530273438
2021-06-14,28.27812957763672
2021-06-15,28.363492965698242
2021-06-16,27.9366512298584
2021-06-17,28.090320587158203
2021-06-18,27.36041831970215
2021-06-21,27.714868545532227
2021-06-22,27.547109603881836
2021-06-23,27.25459861755371
2021-06-24,27.228796005249023
2021-06-25,27.52130126953125
2021-06-28,27.697662353515625
2021-06-29,27.250303268432617
2021-06-30,27.198678970336914
2021-07-01,27.49549102783203
2021-07-02,27.538503646850586
2021-07-06,27.654647827148438
2021-07-07,27.83531379699707
2021-07-08,27.753585815429688
2021-07-09,27.787996292114258
2021-07-12,27.878326416015625
2021-07-13,27.66755485534668
2021-07-14,27.90843963623047
2021-07-15,28.22245216369629
2021-07-16,28.506349563598633
2021-07-19,28.054691314697266
2021-07-20,28.17513084411621
2021-07-21,27.865421295166016
2021-07-22,27.90843963623047
2021-07-23,28.265464782714844
2021-07-26,28.27406883239746
2021-07-27,28.760143280029297
2021-07-28,28.540760040283203
2021-07-29,28.618186950683594
2021-07-30,28.377307891845703
2021-08-02,28.596689224243164
2021-08-03,28.760143280029297
2021-08-04,28.717126846313477
2021-08-05,29.03114128112793
2021-08-06,29.01393699645996
2021-08-09,29.00533103942871
2021-08-10,29.035446166992188
2021-08-11,29.30644416809082
2021-08-12,29.33655548095703
2021-08-13,29.54302978515625
2021-08-16,29.72369384765625
2021-08-17,29.74089241027832
2021-08-18,29.590347290039062
2021-08-19,29.710784912109375
2021-08-20,30.08071517944336
2021-08-23,29.693586349487305
2021-08-24,29.500015258789062
2021-08-25,29.55592918395996
2021-08-26,29.482805252075195
2021-08-27,29.474201202392578
2021-08-30,29.5172176361084
2021-08-31,29.482805252075195
2021-09-01,29.869943618774414
2021-09-02,30.14094352722168
2021-09-03,29.891443252563477
2021-09-07,29.495704650878906
2021-09-08,30.02480125427246
2021-09-09,29.861339569091797
2021-09-10,29.444089889526367
2021-09-13,29.392475128173828
2021-09-14,29.293540954589844
2021-09-15,29.254823684692383
2021-09-16,29.00963592529297
2021-09-17,28.562274932861328
2021-09-20,28.50983428955078
2021-09-21,28.431814193725586
2021-09-22,28.41448402404785
2021-09-23,28.26279067993164
2021-09-24,28.232444763183594
2021-09-27,27.89872169494629
2021-09-28,27.54765510559082
2021-09-29,27.90738868713379
2021-09-30,27.68634796142578
2021-10-01,27.68634796142578
2021-10-04,28.067752838134766
2021-10-05,27.998401641845703
2021-10-06,28.431814193725586
2021-10-07,28.28011703491211
2021-10-08,28.072084426879883
2021-10-11,27.69068145751953
2021-10-12,27.877052307128906
2021-10-13,28.20210838317871
2021-10-14,28.54884147644043
2021-10-15,28.46649169921875
2021-10-18,28.193437576293945
2021-10-19,28.54884147644043
2021-10-20,28.999584197998047
2021-10-21,28.999584197998047
2021-10-22,29.14695167541504
2021-10-25,29.021257400512695
2021-10-26,29.17728614807129
2021-10-27,28.98225212097168
2021-10-28,29.172948837280273
2021-10-29,28.999584197998047
2021-11-01,29.103601455688477
2021-11-02,29.129610061645508
2021-11-03,29.021257400512695
2021-11-04,28.86089515686035
2021-11-05,29.133941650390625
2021-11-08,28.700529098510742
2021-11-09,28.8478946685791
2021-11-10,29.081933975219727
2021-11-11,28.904237747192383
2021-11-12,28.886898040771484
2021-11-15,29.268301010131836
2021-11-16,29.129610061645508
2021-11-17,29.15561866760254
2021-11-18,29.003923416137695
2021-11-19,29.168617248535156
2021-11-22,29.346317291259766
2021-11-23,29.376657485961914
2021-11-24,29.393993377685547
2021-11-26,28.93457794189453
2021-11-29,29.363649368286133
2021-11-30,28.505495071411133
2021-12-01,28.55750846862793
2021-12-02,28.921573638916016
2021-12-03,29.21196174621582
2021-12-06,29.658376693725586
2021-12-07,29.87940788269043
2021-12-08,29.849075317382812
2021-12-09,29.810068130493164
2021-12-10,29.970430374145508
2021-12-13,30.338829040527344
2021-12-14,30.156789779663086
2021-12-15,30.650890350341797
2021-12-16,30.806921005249023
2021-12-17,30.34316635131836
2021-12-20,30.371992111206055
2021-12-21,30.32831573486328
2021-12-22,30.459362030029297
2021-12-23,30.454992294311523
2021-12-27,30.603504180908203
2021-12-28,30.87870979309082
2021-12-29,31.044694900512695
2021-12-30,31.158267974853516
2021-12-31,31.267475128173828
2022-01-03,30.957338333129883
2022-01-04,30.861228942871094
2022-01-05,30.84376335144043
2022-01-06,30.524883270263672
2022-01-07,30.75639533996582
2022-01-10,30.555458068847656
2022-01-11,30.2802677154541
2022-01-12,30.376367568969727
2022-01-13,30.524883270263672
2022-01-14,30.315214157104492
2022-01-18,29.95265007019043
2022-01-19,30.08806037902832
2022-01-20,30.127378463745117
2022-01-21,30.07058334350586
2022-01-24,29.78229331970215
2022-01-25,29.31488800048828
2022-01-26,29.07464027404785
2022-01-27,29.33236312866211
2022-01-28,29.686187744140625
2022-01-31,30.249685287475586
2022-02-01,29.847816467285156
2022-02-02,30.28900146484375
2022-02-03,30.153583526611328
2022-02-04,29.913339614868164
2022-02-07,29.869651794433594
2022-02-08,29.891498565673828
2022-02-09,30.022546768188477
2022-02-10,29.262475967407227
2022-02-11,29.279949188232422
2022-02-14,29.030960083007812
2022-02-15,28.895545959472656
2022-02-16,28.961071014404297
2022-02-17,28.978540420532227
2022-02-18,28.926124572753906
2022-02-22,28.895545959472656
2022-02-23,28.406309127807617
2022-02-24,28.633453369140625
2022-02-25,29.520200729370117
2022-02-28,29.673078536987305
2022-03-01,29.415361404418945
2022-03-02,29.77355194091797
2022-03-03,30.2977294921875
2022-03-04,30.966068267822266
2022-03-07,31.367938995361328
2022-03-08,30.883073806762695
2022-03-09,30.664661407470703
2022-03-10,30.869964599609375
2022-03-11,30.76512908935547
2022-03-14,30.730182647705078
2022-03-15,31.12332534790039
2022-03-16,31.066537857055664
2022-03-17,31.197582244873047
2022-03-18,30.93112564086914
2022-03-21,31.13779640197754
2022-03-22,31.181772232055664
2022-03-23,31.225744247436523
2022-03-24,31.5467529296875
2022-03-25,32.00407791137695
2022-03-28,32.210758209228516
2022-03-29,32.5097770690918
2022-03-30,32.77801513671875
2022-03-31,32.74284362792969
2022-04-01,33.200157165527344
2022-04-04,32.94511032104492
2022-04-05,33.151798248291016
2022-04-06,33.81139373779297
2022-04-07,33.727848052978516
2022-04-08,33.842185974121094
2022-04-11,33.38045883178711
2022-04-12,33.50798034667969
2022-04-13,33.442020416259766
2022-04-14,33.45960235595703
2022-04-18,33.27931213378906
2022-04-19,33.494781494140625
2022-04-20,33.76742935180664
2022-04-21,33.20896530151367
2022-04-22,32.6505012512207
2022-04-25,32.42622375488281
2022-04-26,32.10082244873047
2022-04-27,31.94692039489746
2022-04-28,32.303104400634766
2022-04-29,31.33567237854004
2022-05-02,31.014673233032227
2022-05-03,31.133392333984375
2022-05-04,31.828184127807617
2022-05-05,31.502782821655273
2022-05-06,31.753433227539062
2022-05-09,31.515975952148438
2022-05-10,31.133392333984375
2022-05-11,31.357666015625
2022-05-12,31.041061401367188
2022-05-13,31.41043472290039
2022-05-16,31.50717544555664
2022-05-17,31.832578659057617
2022-05-18,31.52476692199707
2022-05-19,31.45880699157715
2022-05-20,31.5467529296875
2022-05-23,31.924928665161133
2022-05-24,32.56254959106445
2022-05-25,32.54056167602539
2022-05-26,32.63290023803711
2022-05-27,33.14299774169922
2022-05-31,32.685672760009766
2022-06-01,32.63290023803711
2022-06-02,32.85276794433594
2022-06-03,32.69446563720703
2022-06-06,32.839576721191406
2022-06-07,33.03746032714844
2022-06-08,32.39105224609375
2022-06-09,31.61271095275879
2022-06-10,31.370861053466797
2022-06-13,29.92852020263672
2022-06-14,29.17217254638672
2022-06-15,29.36125373840332
2022-06-16,28.79400062561035
2022-06-17,28.525760650634766
2022-06-21,29.06874656677246
2022-06-22,29.374595642089844
2022-06-23,30.066076278686523
2022-06-24,30.58912467956543
2022-06-27,30.83734130859375
2022-06-28,30.722087860107422
2022-06-29,30.744251251220703
2022-06-30,31.085559844970703
2022-07-01,31.84796714782715
2022-07-05,30.761993408203125
2022-07-06,31.081138610839844
2022-07-07,31.050107955932617
2022-07-08,30.948152542114258
2022-07-11,31.1431884765625
2022-07-12,30.99247932434082
2022-07-13,30.863935470581055
2022-07-14,30.863935470581055
2022-07-15,30.92156410217285
2022-07-18,30.49160385131836
2022-07-19,30.686635971069336
2022-07-20,30.278831481933594
2022-07-21,30.358619689941406
2022-07-22,30.775291442871094
2022-07-25,31.160926818847656
2022-07-26,31.347087860107422
2022-07-27,31.373676300048828
2022-07-28,32.49955368041992
2022-07-29,32.7787971496582
2022-08-01,32.814266204833984
2022-08-02,32.747772216796875
2022-08-03,32.95166778564453
2022-08-04,33.0225944519043
2022-08-05,32.90291976928711
2022-08-08,32.95166778564453
2022-08-09,33.31957244873047
2022-08-10,33.46585464477539
2022-08-11,33.46142578125
2022-08-12,34.00662612915039
2022-08-15,34.29029846191406
2022-08-16,34.3878288269043
2022-08-17,34.330204010009766
2022-08-18,34.45874786376953
2022-08-19,34.441009521484375
2022-08-22,33.971160888671875
2022-08-23,33.76726531982422
2022-08-24,33.87364196777344
2022-08-25,34.08197784423828
2022-08-26,33.55893325805664
2022-08-29,33.660888671875
2022-08-30,33.16887283325195
2022-08-31,32.95166778564453
2022-09-01,33.42596435546875
2022-09-02,33.06691360473633
2022-09-06,33.15113067626953
2022-09-07,34.1883544921875
2022-09-08,34.16175842285156
2022-09-09,34.299171447753906
2022-09-12,34.62718200683594
2022-09-13,33.7052116394043
2022-09-14,33.98003005981445
2022-09-15,33.13340759277344
2022-09-16,33.009300231933594
2022-09-19,33.451534271240234
2022-09-20,32.965118408203125
2022-09-21,32.5143928527832
2022-09-22,32.39836883544922
2022-09-23,32.02350616455078
2022-09-26,31.251483917236328
2022-09-27,30.724899291992188
2022-09-28,31.05512809753418
2022-09-29,29.81006622314453
2022-09-30,29.234394073486328
2022-10-03,30.091209411621094
2022-10-04,30.72935676574707
2022-10-05,30.04658317565918
2022-10-06,29.055891036987305
2022-10-07,28.45344352722168
2022-10-10,28.50252914428711
2022-10-11,28.399890899658203
2022-10-12,27.453824996948242
2022-10-13,28.14105796813965
2022-10-14,27.734962463378906
2022-10-17,28.315107345581055
2022-10-18,28.832761764526367
2022-10-19,28.45789909362793
2022-10-20,27.739429473876953
2022-10-21,28.252628326416016
2022-10-24,28.4891414642334
2022-10-25,29.06035614013672
2022-10-26,29.046966552734375
2022-10-27,29.279022216796875
2022-10-28,30.08228874206543
2022-10-31,29.801145553588867
2022-11-01,29.91716957092285
2022-11-02,29.627103805541992
2022-11-03,29.756521224975586
2022-11-04,29.939483642578125
2022-11-07,29.36827278137207
2022-11-08,29.573551177978516
2022-11-09,29.34149742126465
2022-11-10,30.724899291992188
2022-11-11,30.38128089904785
2022-11-14,30.01980972290039
2022-11-15,30.350040435791016
2022-11-16,30.622251510620117
2022-11-17,30.086746215820312
2022-11-18,30.724899291992188
2022-11-21,30.863237380981445
2022-11-22,31.12652587890625
2022-11-23,31.474607467651367
2022-11-25,31.6575870513916
2022-11-28,31.331809997558594
2022-11-29,31.099756240844727
2022-11-30,31.87624740600586
2022-12-01,31.849468231201172
2022-12-02,31.6977481842041
2022-12-05,31.51923942565918
2022-12-06,31.715587615966797
2022-12-07,31.56832504272461
2022-12-08,31.773603439331055
2022-12-09,31.608491897583008
2022-12-12,32.3314208984375
2022-12-13,32.429603576660156
2022-12-14,32.38943862915039
2022-12-15,31.996734619140625
2022-12-16,31.452302932739258
2022-12-19,31.327220916748047
2022-12-20,31.336223602294922
2022-12-21,31.77263832092285
2022-12-22,31.579177856445312
2022-12-23,31.903108596801758
2022-12-27,32.101070404052734
2022-12-28,31.795127868652344
2022-12-29,32.02457809448242
2022-12-30,31.718647003173828
2023-01-03,31.718647003173828
2023-01-04,32.0065803527832
2023-01-05,31.313730239868164
2023-01-06,31.9435977935791
2023-01-09,32.15955352783203
2023-01-10,32.16856384277344
2023-01-11,32.42950439453125
2023-01-12,32.20904541015625
2023-01-13,32.092071533203125
2023-01-17,32.047080993652344
2023-01-18,31.277734756469727
2023-01-19,30.96279525756836
2023-01-20,31.147262573242188
2023-01-23,31.15625
2023-01-24,31.313730239868164
2023-01-25,30.890810012817383
2023-01-26,30.99428939819336
2023-01-27,30.99428939819336
2023-01-30,30.85481834411621
2023-01-31,31.084264755249023
2023-02-01,31.138261795043945
2023-02-02,31.205747604370117
2023-02-03,30.55337905883789
2023-02-06,30.8143253326416
2023-02-07,30.800827026367188
2023-02-08,30.28343391418457
2023-02-09,29.86951446533203
2023-02-10,30.46339988708496
2023-02-13,30.647859573364258
2023-02-14,30.51738929748535
2023-02-15,30.715347290039062
2023-02-16,30.48138999938965
2023-02-17,30.809823989868164
2023-02-21,30.233945846557617
2023-02-22,30.116960525512695
2023-02-23,29.959495544433594
2023-02-24,29.968496322631836
2023-02-27,29.766040802001953
2023-02-28,29.244138717651367
2023-03-01,28.762741088867188
2023-03-02,29.307130813598633
2023-03-03,29.806520462036133
2023-03-06,29.950496673583984
2023-03-07,29.460100173950195
2023-03-08,29.685056686401367
2023-03-09,29.446598052978516
2023-03-10,28.983192443847656
2023-03-13,29.42860221862793
2023-03-14,29.81552505493164
2023-03-15,30.22044563293457
2023-03-16,30.422908782958984
2023-03-17,30.130464553833008
2023-03-20,30.366138458251953
2023-03-21,29.754287719726562
2023-03-22,29.16962432861328
2023-03-23,28.87049674987793
2023-03-24,29.772417068481445
2023-03-27,29.80866813659668
2023-03-28,29.890256881713867
2023-03-29,30.325355529785156
2023-03-30,30.456789016723633
2023-03-31,30.678863525390625
2023-04-03,30.470388412475586
2023-04-04,30.62447738647461
2023-04-05,31.417627334594727
2023-04-06,31.63970947265625
2023-04-10,31.576250076293945
2023-04-11,31.60344696044922
2023-04-12,31.57172966003418
2023-04-13,31.576250076293945
2023-04-14,31.222742080688477
2023-04-17,31.394960403442383
2023-04-18,31.231807708740234
2023-04-19,31.47201919555664
2023-04-20,31.46295166015625
2023-04-21,31.553598403930664
2023-04-24,31.71221923828125
2023-04-25,31.68050193786621
2023-04-26,30.93720245361328
2023-04-27,31.308849334716797
2023-04-28,31.26352882385254
2023-05-01,31.317916870117188
2023-05-02,30.93720245361328
2023-05-03,30.85108757019043
2023-05-04,31.086772918701172
2023-05-05,31.28618621826172
2023-05-08,31.191011428833008
2023-05-09,31.150222778320312
2023-05-10,31.435754776000977
2023-05-11,31.113967895507812
2023-05-12,31.28618621826172
2023-05-15,30.89188003540039
2023-05-16,30.207508087158203
2023-05-17,30.098739624023438
2023-05-18,30.008094787597656
2023-05-19,29.9627742767334
2023-05-22,29.97183609008789
2023-05-23,29.86758804321289
2023-05-24,29.67270278930664
2023-05-25,29.273860931396484
2023-05-26,29.273860931396484
2023-05-30,29.160558700561523
2023-05-31,29.427961349487305
2023-06-01,29.210411071777344
2023-06-02,29.514080047607422
2023-06-05,29.65457534790039
2023-06-06,29.631914138793945
2023-06-07,30.134992599487305
2023-06-08,30.266427993774414
2023-06-09,30.089672088623047
2023-06-12,30.0352840423584
2023-06-13,30.030757904052734
2023-06-14,30.012624740600586
2023-06-15,30.338943481445312
2023-06-16,30.502107620239258
2023-06-20,30.144384384155273
2023-06-21,30.38652229309082
2023-06-22,30.153518676757812
2023-06-23,29.710350036621094
2023-06-26,30.00274658203125
2023-06-27,30.01188850402832
2023-06-28,29.568721771240234
2023-06-29,29.568721771240234
2023-06-30,29.89767074584961
2023-07-03,30.121540069580078
2023-07-05,30.464189529418945
2023-07-06,30.094125747680664
2023-07-07,29.87482452392578
2023-07-10,29.74690055847168
2023-07-11,30.11696434020996
2023-07-12,30.55556297302246
2023-07-13,30.660640716552734
2023-07-14,30.541858673095703
2023-07-17,30.19007110595703
2023-07-18,29.957063674926758
2023-07-19,30.26317024230957
2023-07-20,30.815980911254883
2023-07-21,31.27741813659668
2023-07-24,31.1951847076416
2023-07-25,31.2500057220459
2023-07-26,31.2500057220459
2023-07-27,30.697195053100586
2023-07-28,30.628662109375
2023-07-31,30.64236831665039
2023-08-01,30.26773452758789
2023-08-02,30.26773452758789
2023-08-03,29.577857971191406
2023-08-04,29.235204696655273
2023-08-07,29.230636596679688
2023-08-08,29.367698669433594
2023-08-09,29.431659698486328
2023-08-10,29.340286254882812
2023-08-11,29.50019073486328
2023-08-14,29.26718521118164
2023-08-15,28.79203987121582
2023-08-16,28.91996192932129
2023-08-17,28.85600471496582
2023-08-18,29.00676727294922
2023-08-21,28.824020385742188
2023-08-22,28.9062557220459
2023-08-23,29.020479202270508
2023-08-24,28.85143280029297
2023-08-25,29.07073211669922
2023-08-28,29.066164016723633
2023-08-29,29.175809860229492
2023-08-30,29.043319702148438
2023-08-31,28.764625549316406
2023-09-01,28.618423461914062
2023-09-05,28.17983055114746
2023-09-06,28.243793487548828
2023-09-07,28.613859176635742
2023-09-08,28.86513900756836
2023-09-11,28.983924865722656
2023-09-12,29.020479202270508
2023-09-13,29.367698669433594
2023-09-14,29.797157287597656
2023-09-15,29.669233322143555
2023-09-18,29.647127151489258
2023-09-19,29.485923767089844
2023-09-20,29.513561248779297
2023-09-21,29.204973220825195
2023-09-22,29.149707794189453
2023-09-25,29.108253479003906
2023-09-26,28.237770080566406
2023-09-27,27.694292068481445
2023-09-28,27.095544815063477
2023-09-29,27.141603469848633
2023-10-02,25.87963104248047
2023-10-03,26.17900276184082
2023-10-04,26.151371002197266
2023-10-05,25.999380111694336
2023-10-06,26.36783790588379
2023-10-09,26.6303653717041
2023-10-10,26.994218826293945
2023-10-11,27.431764602661133
2023-10-12,27.008033752441406
2023-10-13,27.312013626098633
2023-10-16,27.592966079711914
2023-10-17,27.519277572631836
2023-10-18,27.279773712158203
2023-10-19,27.008033752441406
2023-10-20,26.72708511352539
2023-10-23,26.501405715942383
2023-10-24,27.18305206298828
2023-10-25,27.335044860839844
2023-10-26,27.569936752319336
2023-10-27,27.049488067626953
2023-10-30,27.256750106811523
2023-10-31,27.49163818359375
2023-11-01,27.804826736450195
2023-11-02,28.32527732849121
2023-11-03,28.491085052490234
2023-11-06,28.41739273071289
2023-11-07,28.210134506225586
2023-11-08,28.00287437438965
2023-11-09,27.634418487548828
2023-11-10,27.781803131103516
2023-11-13,27.45018768310547
2023-11-14,28.546350479125977
2023-11-15,28.458843231201172
2023-11-16,28.61083221435547
2023-11-17,28.689130783081055
2023-11-20,28.60162353515625
2023-11-21,28.6614990234375
2023-11-22,28.799673080444336
2023-11-24,28.87335968017578
2023-11-27,28.91942024230957
2023-11-28,29.011531829833984
2023-11-29,28.781248092651367
2023-11-30,28.905603408813477
2023-12-01,29.260244369506836
2023-12-04,29.145099639892578
2023-12-05,28.937841415405273
2023-12-06,29.324722290039062
2023-12-07,29.260244369506836
2023-12-08,29.204973220825195
2023-12-11,29.393810272216797
2023-12-12,29.27406120300293
2023-12-13,30.379436492919922
2023-12-14,29.983346939086914
2023-12-15,29.4628963470459
2023-12-18,29.396413803100586
2023-12-19,29.563779830932617
2023-12-20,28.96404457092285
2023-12-21,29.01518440246582
2023-12-22,29.112815856933594
2023-12-26,29.28948211669922
2023-12-27,29.270885467529297
2023-12-28,29.48009490966797
2023-12-29,29.442903518676758
2024-01-02,29.870622634887695
2024-01-03,29.982202529907227
2024-01-04,29.889219284057617
2024-01-05,30.000795364379883
2024-01-08,30.21930503845215
2024-01-09,29.9729061126709
2024-01-10,29.96825408935547
2024-01-11,29.270885467529297
2024-01-12,29.438255310058594
2024-01-16,29.117464065551758
2024-01-17,28.69439697265625
2024-01-18,28.387550354003906
2024-01-19,28.350360870361328
2024-01-22,28.206235885620117
2024-01-23,28.257373809814453
2024-01-24,27.87150001525879
2024-01-25,28.37360382080078
2024-01-26,28.45728874206543
2024-01-29,28.638601303100586
2024-01-30,28.629308700561523
2024-01-31,28.56886863708496
2024-02-01,29.112815856933594
2024-02-02,28.587467193603516
2024-02-05,27.992374420166016
2024-02-06,28.094655990600586
2024-02-07,28.113250732421875
2024-02-08,27.913341522216797
2024-02-09,28.020273208618164
2024-02-12,28.3457088470459
2024-02-13,27.876144409179688
2024-02-14,28.02956771850586
2024-02-15,28.499130249023438
2024-02-16,28.466585159301758
2024-02-20,28.447988510131836
2024-02-21,28.82457160949707
2024-02-22,28.601409912109375
2024-02-23,28.805973052978516
2024-02-26,28.238780975341797
2024-02-27,28.773427963256836
2024-02-28,28.861764907836914
2024-02-29,28.87105941772461
2024-03-01,28.69439697265625
2024-03-04,29.17790412902832
2024-03-05,29.094215393066406
2024-03-06,29.373167037963867
2024-03-07,29.563779830932617
2024-03-08,29.638168334960938
2024-03-11,29.786937713623047
2024-03-12,29.49869155883789
2024-03-13,29.698604583740234
2024-03-14,29.46150016784668
2024-03-15,29.503341674804688
2024-03-18,29.639280319213867
2024-03-19,29.901784896850586
2024-03-20,29.939281463623047
2024-03-21,29.89240837097168
2024-03-22,29.93459701538086
2024-03-25,30.075223922729492
2024-03-26,29.733030319213867
2024-03-27,30.56272315979004
2024-03-28,30.77366065979004
2024-04-01,30.58616065979004
2024-04-02,30.637727737426758
2024-04-03,30.515850067138672
2024-04-04,30.454910278320312
2024-04-05,30.54397964477539
2024-04-08,30.74553680419922
2024-04-09,30.914287567138672
2024-04-10,30.384599685668945
2024-04-11,30.32366180419922
2024-04-12,30.093971252441406
2024-04-15,29.817405700683594
2024-04-16,29.42365264892578
2024-04-17,30.037721633911133
2024-04-18,30.20647621154785
2024-04-19,30.6705379486084
2024-04-22,30.95178985595703
2024-04-23,31.097105026245117
2024-04-24,31.28460693359375
2024-04-25,31.368980407714844
2024-04-26,31.026792526245117
2024-04-29,31.448665618896484
2024-04-30,31.28460693359375
2024-05-01,31.645545959472656
2024-05-02,31.814300537109375
2024-05-03,32.067420959472656
2024-05-06,32.23149108886719
2024-05-07,32.59711837768555
2024-05-08,32.93929672241211
2024-05-09,33.44087600708008
2024-05-10,33.408058166503906
2024-05-13,33.408058166503906
2024-05-14,33.49712371826172
2024-05-15,33.998687744140625
2024-05-16,33.88149642944336
2024-05-17,33.90961837768555
2024-05-20,33.85337448120117
2024-05-21,34.15806579589844
2024-05-22,33.75493621826172
2024-05-23,33.18306350708008
2024-05-24,33.515872955322266
2024-05-28,33.48305892944336
2024-05-29,33.05181121826172
2024-05-30,33.49712371826172
2024-05-31,34.08774948120117
2024-06-03,33.69868087768555
2024-06-04,33.68461990356445
2024-06-05,33.492431640625
2024-06-06,33.14556121826172
2024-06-07,32.78462219238281
2024-06-10,33.20649337768555
2024-06-11,33.00492858886719
2024-06-12,32.789306640625
2024-06-13,32.86430740356445
2024-06-14,32.78462219238281
2024-06-17,32.423675537109375
2024-06-18,32.43773651123047
2024-06-20,32.718994140625
2024-06-21,32.526798248291016
2024-06-24,32.95444869995117
2024-06-25,32.64257049560547
2024-06-26,32.50553894042969
2024-06-27,32.5622444152832
2024-06-28,32.198394775390625
2024-07-01,31.976299285888672
2024-07-02,32.141685485839844
2024-07-03,32.33543014526367
2024-07-05,32.39213180541992
2024-07-08,32.425209045410156
2024-07-09,32.519710540771484
2024-07-10,32.82685852050781
2024-07-11,33.426979064941406
2024-07-12,33.67269515991211
2024-07-15,32.8552131652832
2024-07-16,33.11037826538086
2024-07-17,33.12928009033203
2024-07-18,33.10093307495117
2024-07-19,33.138729095458984
2024-07-22,33.41753005981445
2024-07-23,33.20961380004883
2024-07-24,33.582908630371094
2024-07-25,33.30411911010742
2024-07-26,33.63016128540039
2024-07-29,33.7813720703125
2024-07-30,33.956207275390625
2024-07-31,34.395668029785156
2024-08-01,35.01469039916992
2024-08-02,35.07139205932617
2024-08-05,34.14522171020508
2024-08-06,34.433475494384766
2024-08-07,34.62720489501953
2024-08-08,34.665008544921875
2024-08-09,34.783145904541016
2024-08-12,34.844573974609375
2024-08-13,35.04776382446289
2024-08-14,35.024147033691406
2024-08-15,35.0194091796875
2024-08-16,35.17535400390625
2024-08-19,35.40688705444336
2024-08-20,35.33128356933594
2024-08-21,35.581729888916016
2024-08-22,35.5391960144043
2024-08-23,35.638431549072266
2024-08-26,35.86997604370117
2024-08-27,35.58645248413086
2024-08-28,35.58645248413086
2024-08-29,35.780189514160156
2024-08-30,36.04953384399414
2024-09-03,35.997554779052734
2024-09-04,36.30470275878906
2024-09-05,36.21492385864258
2024-09-06,35.86997604370117
2024-09-09,36.23381423950195
2024-09-10,36.40393829345703
2024-09-11,36.517337799072266
2024-09-12,36.59767532348633
2024-09-13,37.11273956298828
2024-09-16,37.3962516784668
2024-09-17,37.36790466308594
2024-09-18,37.084381103515625
2024-09-19,36.86701583862305
2024-09-20,37.84043884277344
2024-09-23,38.215789794921875
2024-09-24,37.94462585449219
2024-09-25,38.14442825317383
2024-09-26,37.88277816772461
2024-09-27,38.258609771728516
2024-09-30,38.429866790771484
2024-10-01,38.73910140991211
2024-10-02,38.75812911987305
2024-10-03,38.743858337402344
2024-10-04,38.682010650634766
2024-10-07,37.792388916015625
2024-10-08,37.81142044067383
2024-10-09,37.4879150390625
2024-10-10,37.37373733520508
2024-10-11,37.70199966430664
2024-10-14,38.177738189697266
2024-10-15,38.348995208740234
2024-10-16,39.110172271728516
2024-10-17,38.76288986206055
2024-10-18,38.986480712890625
2024-10-21,38.83424758911133
2024-10-22,38.69628143310547
2024-10-23,39.06736373901367
2024-10-24,38.81521224975586
2024-10-25,38.23958206176758
2024-10-28,38.53929138183594
2024-10-29,37.71626281738281
2024-10-30,37.62588119506836
2024-10-31,38.01598358154297
2024-11-01,37.16917419433594
2024-11-04,36.726741790771484
2024-11-05,37.27859115600586
2024-11-06,36.893245697021484
2024-11-07,36.95984649658203
2024-11-08,37.66869354248047
2024-11-11,37.77335739135742
2024-11-12,37.34043884277344
2024-11-13,37.273834228515625
2024-11-14,37.14539337158203
2024-11-15,37.70199966430664
2024-11-18,38.030250549316406
2024-11-19,38.27288055419922
2024-11-20,38.291908264160156
2024-11-21,38.95793533325195
2024-11-22,38.74861145019531
2024-11-25,38.819976806640625
2024-11-26,39.43843078613281
2024-11-27,39.43843078613281
2024-11-29,39.452701568603516
2024-12-02,38.60589599609375
2024-12-03,38.27288055419922
2024-12-04,38.268123626708984
2024-12-05,38.38705825805664
2024-12-06,37.91132354736328
2024-12-09,37.43558883666992
2024-12-10,37.1644172668457
2024-12-11,36.931304931640625
2024-12-12,36.91227340698242
2024-12-13,36.936065673828125
2024-12-16,36.64110565185547
2024-12-17,36.48887252807617
2024-12-18,35.62779235839844
2024-12-19,35.789546966552734
2024-12-20,36.36042785644531
2024-12-23,36.48418045043945
2024-12-24,36.68564987182617
2024-12-26,36.59930419921875
2024-12-27,36.4937744140625
2024-12-30,36.34027862548828
2024-12-31,36.30670166015625
2025-01-02,36.58491134643555
2025-01-03,36.97344970703125
2025-01-06,36.56093215942383
2025-01-07,36.469791412353516
2025-01-08,36.46019744873047
2025-01-10,36.253936767578125
2025-01-13,35.83182144165039
2025-01-14,36.30190658569336
2025-01-15,36.834346771240234
2025-01-16,37.764923095703125
2025-01-17,37.81767654418945
2025-01-21,38.39809036254883
2025-01-22,37.5682487487793
2025-01-23,37.7457275390625
2025-01-24,38.12947082519531
2025-01-27,37.246864318847656
2025-01-28,36.73361587524414
2025-01-29,36.810359954833984
2025-01-30,37.577842712402344
2025-01-31,37.3571891784668
2025-02-03,37.558658599853516
2025-02-04,37.22768020629883
2025-02-05,37.601829528808594
2025-02-06,37.558658599853516
2025-02-07,37.48190689086914
2025-02-10,37.88962936401367
2025-02-11,38.08149719238281
2025-02-12,38.01434326171875
2025-02-13,38.10069274902344
2025-02-14,37.9423942565918
2025-02-18,38.29735565185547
2025-02-19,38.498817443847656
2025-02-20,38.49402618408203
2025-02-21,38.50362014770508
2025-02-24,38.31175231933594
2025-02-25,38.119876861572266
2025-02-26,38.27817153930664
2025-02-27,37.429141998291016
2025-02-28,37.99995803833008
2025-03-03,38.0527229309082
2025-03-04,37.433937072753906
2025-03-05,37.17011642456055
2025-03-06,36.39783477783203
2025-03-07,37.074180603027344
2025-03-10,37.48190689086914
2025-03-11,37.131744384765625
2025-03-12,37.016624450683594
2025-03-13,37.107757568359375
2025-03-14,37.83207321166992
2025-03-17,37.9903678894043
2025-03-18,37.72654342651367
2025-03-19,37.86565399169922
2025-03-20,38.01913833618164
2025-03-21,37.77450942993164
2025-03-24,37.76243209838867
2025-03-25,37.15858459472656
2025-03-26,37.40495300292969
2025-03-27,37.395294189453125
2025-03-28,37.670654296875
2025-03-31,38.09092712402344
2025-04-01,38.18754577636719
2025-04-02,38.36628723144531
2025-04-03,38.1247444152832
2025-04-04,36.0040168762207
2025-04-07,35.45330810546875
2025-04-08,35.30837631225586
2025-04-09,36.69965362548828
2025-04-10,36.42430114746094
2025-04-11,36.86872863769531
2025-04-14,37.530555725097656
2025-04-15,37.525726318359375
2025-04-16,37.18756866455078
2025-04-17,37.56919860839844
2025-04-21,36.68033218383789
2025-04-22,37.6803092956543
2025-04-23,37.83972930908203
2025-04-24,37.89769744873047
2025-04-25,37.78175354003906
2025-04-28,38.01363754272461
2025-04-29,38.30831527709961
2025-04-30,38.11507797241211
2025-05-01,38.226192474365234
2025-05-02,38.52569580078125
2025-05-05,38.42908477783203
2025-05-06,38.89767074584961
2025-05-07,39.0087776184082
2025-05-08,38.69477844238281
2025-05-09,38.762413024902344
2025-05-12,38.53053665161133
2025-05-13,38.47739028930664
2025-05-14,38.30831527709961
2025-05-15,39.12472152709961
2025-05-16,39.699588775634766
2025-05-19,39.8686637878418
2025-05-20,39.98460006713867
2025-05-21,39.255149841308594
2025-05-22,38.69477844238281
2025-05-23,39.15853500366211
2025-05-27,39.45321273803711
2025-05-28,38.902503967285156
2025-05-29,39.17302703857422
2025-05-30,39.5739860534668
2025-06-02,39.699588775634766
2025-06-03,39.80586624145508
2025-06-04,39.1102294921875
2025-06-05,39.04743194580078
2025-06-06,39.221336364746094
2025-06-09,38.97013473510742
2025-06-10,39.06192398071289
2025-06-11,39.08607482910156
2025-06-12,39.55949401855469
2025-06-13,39.33244323730469
2025-06-16,39.13920974731445
2025-06-17,38.815547943115234
2025-06-18,38.9169921875
2025-06-20,39.02327346801758
2025-06-23,39.51797866821289
2025-06-24,39.688228607177734
2025-06-25,39.15801239013672
2025-06-26,39.483924865722656
2025-06-27,39.56175994873047
2025-06-30,39.72228240966797
2025-07-01,39.858482360839844
2025-07-02,39.51311111450195
2025-07-03,39.809837341308594
2025-07-07,39.89253234863281
2025-07-08,39.46933364868164
2025-07-09,39.839027404785156
2025-07-10,40.16493225097656
2025-07-11,40.10655975341797
2025-07-14,40.267086029052734
2025-07-15,39.88280487060547
2025-07-16,39.902259826660156
2025-07-17,40.067649841308594
2025-07-18,40.738929748535156
2025-07-21,40.870262145996094
2025-07-22,41.371299743652344
2025-07-23,41.05997848510742
2025-07-24,41.0064697265625
2025-07-25,41.11347961425781
2025-07-28,40.67569351196289
2025-07-29,41.14267349243164
2025-07-30,41.449119567871094
2025-07-31,41.672882080078125
2025-08-01,41.736122131347656
2025-08-04,42.47549819946289
2025-08-05,42.02311706542969
2025-08-06,41.6485595703125
2025-08-07,42.100948333740234
2025-08-08,41.920963287353516
2025-08-11,41.78963088989258
2025-08-12,41.969608306884766
2025-08-13,42.06203079223633
2025-08-14,41.77016830444336
2025-08-15,41.6485595703125
2025-08-18,41.46857833862305
2025-08-19,41.87232208251953
2025-08-20,41.916099548339844
2025-08-21,41.62910461425781
2025-08-22,41.852867126464844
2025-08-25,41.38102340698242
2025-08-26,41.473445892333984
2025-08-27,41.48316955566406
2025-08-28,41.1669921875
2025-08-29,41.01619338989258
2025-09-02,40.87999725341797
2025-09-03,40.7778434753418
2025-09-04,40.72919845581055
2025-09-05,40.602725982666016
2025-09-08,40.18925857543945
2025-09-09,40.466529846191406
2025-09-10,41.16212463378906
2025-09-11,41.38102340698242
2025-09-12,41.590187072753906
2025-09-15,41.687477111816406
2025-09-16,40.92863845825195
2025-09-17,41.030792236328125
2025-09-18,41.05997848510742
2025-09-19,41.32265090942383
2025-09-22,41.72323226928711
2025-09-23,41.93870544433594
2025-09-24,42.2374267578125
2025-09-25,41.83096694946289
2025-09-26,42.511661529541016
2025-09-29,42.634090423583984
2025-09-30,42.70754623413086
2025-10-01,43.1189079284668
2025-10-02,43.040550231933594
2025-10-03,43.54005813598633
2025-10-06,43.96120071411133
2025-10-07,44.1619873046875
2025-10-08,44.465606689453125
2025-10-09,44.35297393798828
2025-10-10,44.171775817871094
2025-10-13,44.509681701660156
2025-10-14,44.906341552734375
2025-10-15,45.493995666503906
2025-10-16,44.999385833740234
2025-10-17,44.84267807006836
2025-10-20,44.82798767089844
2025-10-21,44.372562408447266
2025-10-22,44.269718170166016
2025-10-23,44.235443115234375
2025-10-24,44.75453186035156
2025-10-27,44.876956939697266
2025-10-28,44.13750076293945
2025-10-29,44.12281036376953
2025-10-30,43.93671798706055
2025-10-31,43.633094787597656
2025-11-03,43.65758514404297
2025-11-04,43.50088119506836
2025-11-05,43.51067352294922
2025-11-06,43.31968307495117
2025-11-07,43.922027587890625
2025-11-10,43.90734100341797
2025-11-11,43.93182373046875
2025-11-12,44.0346565246582
2025-11-13,43.42742156982422
2025-11-14,43.46659851074219
2025-11-17,43.858360290527344
2025-11-18,43.69186019897461
2025-11-19,43.324581146240234
2025-11-20,43.10421371459961
2025-11-21,43.16787338256836
2025-11-24,43.65758514404297
2025-11-25,43.49108123779297
2025-11-26,44.06893539428711
2025-11-28,44.38235092163086
2025-12-01,43.34416961669922
2025-12-02,43.03565216064453
2025-12-03,42.898529052734375
2025-12-04,42.810386657714844
2025-12-05,42.4088249206543
2025-12-08,41.840763092041016
2025-12-09,41.87014389038086
2025-12-10,41.850555419921875
2025-12-11,42.154178619384766
2025-12-12,41.94850158691406
2025-12-15,42.330474853515625
2025-12-16,42.154178619384766
2025-12-17,41.87993621826172
2025-12-18,42.29129409790039
2025-12-19,41.75261688232422
2025-12-22,41.90753936767578
2025-12-23,42.055545806884766
2025-12-24,42.24303436279297
2025-12-26,42.21342849731445
2025-12-29,42.2923698425293
2025-12-30,42.391048431396484
2025-12-31,42.1246223449707
