Date,XLV
2015-01-02,56.80729293823242
2015-01-05,56.51760482788086
2015-01-06,56.32722473144531
2015-01-07,57.65159225463867
2015-01-08,58.63658905029297
2015-01-09,58.115116119384766
2015-01-12,58.13993835449219
2015-01-13,57.883358001708984
2015-01-14,57.79229736328125
2015-01-15,57.17151641845703
2015-01-16,58.24757385253906
2015-01-20,58.24757385253906
2015-01-21,58.363426208496094
2015-01-22,59.0587272644043
2015-01-23,58.71934509277344
2015-01-26,59.02565383911133
2015-01-27,58.60348129272461
2015-01-28,57.75920486450195
2015-01-29,58.24757385253906
2015-01-30,57.3370361328125
2015-02-02,57.65986251831055
2015-02-03,58.04890060424805
2015-02-04,57.32048797607422
2015-02-05,58.288936614990234
2015-02-06,57.75920486450195
2015-02-09,57.08046340942383
2015-02-10,58.0406494140625
2015-02-11,58.098567962646484
2015-02-12,58.30552673339844
2015-02-13,58.53728485107422
2015-02-17,58.95942687988281
2015-02-18,59.02565383911133
2015-02-19,59.124977111816406
2015-02-20,59.74577331542969
2015-02-23,60.018917083740234
2015-02-24,59.944427490234375
2015-02-25,59.91957092285156
2015-02-26,60.08513641357422
2015-02-27,59.79541015625
2015-03-02,60.333465576171875
2015-03-03,59.78715133666992
2015-03-04,60.07686233520508
2015-03-05,60.29204177856445
2015-03-06,59.10841369628906
2015-03-09,59.47261047363281
2015-03-10,58.81043243408203
2015-03-11,58.777305603027344
2015-03-12,59.55540084838867
2015-03-13,59.43950653076172
2015-03-16,60.755611419677734
2015-03-17,60.58176040649414
2015-03-18,61.36809539794922
2015-03-19,61.72404479980469
2015-03-20,62.17060089111328
2015-03-23,61.996299743652344
2015-03-24,61.45677185058594
2015-03-25,60.336204528808594
2015-03-26,60.19508361816406
2015-03-27,60.62672805786133
2015-03-30,61.240962982177734
2015-03-31,60.17849349975586
2015-04-01,59.57253646850586
2015-04-02,59.755165100097656
2015-04-06,59.84647750854492
2015-04-07,59.987579345703125
2015-04-08,60.493896484375
2015-04-09,60.95045852661133
2015-04-10,61.47336959838867
2015-04-13,61.141357421875
2015-04-14,61.240962982177734
2015-04-15,61.3986701965332
2015-04-16,61.365455627441406
2015-04-17,60.834224700927734
2015-04-20,61.2077522277832
2015-04-21,61.61445999145508
2015-04-22,61.714088439941406
2015-04-23,61.94648742675781
2015-04-24,61.74726867675781
2015-04-27,60.62672805786133
2015-04-28,60.925540924072266
2015-04-29,60.369415283203125
2015-04-30,59.52273941040039
2015-05-01,60.3278923034668
2015-05-04,60.709716796875
2015-05-05,59.94608688354492
2015-05-06,59.71367263793945
2015-05-07,59.995880126953125
2015-05-08,60.96699905395508
2015-05-11,61.0002326965332
2015-05-12,60.61011505126953
2015-05-13,60.67652130126953
2015-05-14,61.51485824584961
2015-05-15,61.63936233520508
2015-05-18,62.00459671020508
2015-05-19,62.295108795166016
2015-05-20,62.37813949584961
2015-05-21,62.38643264770508
2015-05-22,62.23703384399414
2015-05-26,61.60617446899414
2015-05-27,62.32003402709961
2015-05-28,62.36151123046875
2015-05-29,62.20382308959961
2015-06-01,62.452842712402344
2015-06-02,62.04608154296875
2015-06-03,62.16229248046875
2015-06-04,61.73069381713867
2015-06-05,61.70576858520508
2015-06-08,61.3986701965332
2015-06-09,61.38205337524414
2015-06-10,62.13739776611328
2015-06-11,62.56071853637695
2015-06-12,61.78877639770508
2015-06-15,61.863487243652344
2015-06-16,62.17060089111328
2015-06-17,62.228694915771484
2015-06-18,63.10853958129883
2015-06-19,63.05939483642578
2015-06-22,63.550846099853516
2015-06-23,63.675777435302734
2015-06-24,63.034423828125
2015-06-25,63.384239196777344
2015-06-26,63.2926139831543
2015-06-29,61.7434196472168
2015-06-30,61.95997619628906
2015-07-01,62.62629699707031
2015-07-02,62.33478546142578
2015-07-06,62.30978775024414
2015-07-07,62.60965347290039
2015-07-08,61.53520584106445
2015-07-09,61.868350982666016
2015-07-10,62.70125198364258
2015-07-13,63.23432922363281
2015-07-14,63.867347717285156
2015-07-15,63.95059585571289
2015-07-16,64.2504653930664
2015-07-17,64.10887145996094
2015-07-20,64.31710052490234
2015-07-21,64.03392791748047
2015-07-22,64.1755142211914
2015-07-23,63.942291259765625
2015-07-24,62.34309768676758
2015-07-27,62.28483581542969
2015-07-28,63.409236907958984
2015-07-29,63.51749038696289
2015-07-30,63.42588806152344
2015-07-31,63.792362213134766
2015-08-03,63.742408752441406
2015-08-04,63.709110260009766
2015-08-05,64.24213409423828
2015-08-06,62.84285354614258
2015-08-07,62.73457717895508
2015-08-10,63.24266052246094
2015-08-11,62.709598541259766
2015-08-12,62.751251220703125
2015-08-13,62.60965347290039
2015-08-14,62.7845573425293
2015-08-17,63.417579650878906
2015-08-18,63.32593536376953
2015-08-19,63.06775665283203
2015-08-20,61.6018180847168
2015-08-21,59.719451904296875
2015-08-24,57.179100036621094
2015-08-25,56.604393005371094
2015-08-26,58.99485397338867
2015-08-27,60.144222259521484
2015-08-28,59.802738189697266
2015-08-31,58.71164321899414
2015-09-01,57.170772552490234
2015-09-02,58.345157623291016
2015-09-03,57.92870330810547
2015-09-04,57.20406723022461
2015-09-08,58.803287506103516
2015-09-09,57.8953971862793
2015-09-10,58.45344543457031
2015-09-11,58.828243255615234
2015-09-14,58.64502716064453
2015-09-15,59.48622512817383
2015-09-16,59.65282440185547
2015-09-17,60.194217681884766
2015-09-18,59.275550842285156
2015-09-21,58.489749908447266
2015-09-22,58.13032531738281
2015-09-23,58.07180404663086
2015-09-24,57.478294372558594
2015-09-25,55.906742095947266
2015-09-28,53.7417106628418
2015-09-29,54.234886169433594
2015-09-30,55.363407135009766
2015-10-01,55.9234733581543
2015-10-02,57.08541488647461
2015-10-05,57.235870361328125
2015-10-06,55.890037536621094
2015-10-07,56.784488677978516
2015-10-08,56.951656341552734
2015-10-09,57.21080017089844
2015-10-12,57.36127471923828
2015-10-13,56.64236068725586
2015-10-14,56.53369140625
2015-10-15,57.795936584472656
2015-10-16,58.31420135498047
2015-10-19,58.523193359375
2015-10-20,57.60368728637695
2015-10-21,57.08541488647461
2015-10-22,56.742679595947266
2015-10-23,57.95478439331055
2015-10-26,58.18046569824219
2015-10-27,59.250450134277344
2015-10-28,59.743656158447266
2015-10-29,60.011165618896484
2015-10-30,59.63497543334961
2015-11-02,60.90559387207031
2015-11-03,60.688228607177734
2015-11-04,60.42074966430664
2015-11-05,60.228485107421875
2015-11-06,59.97771453857422
2015-11-09,59.5179557800293
2015-11-10,59.919193267822266
2015-11-11,59.32569885253906
2015-11-12,58.29749298095703
2015-11-13,58.15538787841797
2015-11-16,58.88266372680664
2015-11-17,59.13343811035156
2015-11-18,60.28700256347656
2015-11-19,59.275550842285156
2015-11-20,59.78544998168945
2015-11-23,59.63497543334961
2015-11-24,59.81888198852539
2015-11-25,60.14490509033203
2015-11-27,60.261898040771484
2015-11-30,59.442726135253906
2015-12-01,60.445831298828125
2015-12-02,59.935916900634766
2015-12-03,58.623504638671875
2015-12-04,60.002784729003906
2015-12-07,59.668418884277344
2015-12-08,59.802188873291016
2015-12-09,59.200286865234375
2015-12-10,59.643333435058594
2015-12-11,58.765625
2015-12-14,59.150169372558594
2015-12-15,59.919193267822266
2015-12-16,60.696617126464844
2015-12-17,60.04460906982422
2015-12-18,59.1740608215332
2015-12-21,59.71131896972656
2015-12-22,60.1142463684082
2015-12-23,60.76063919067383
2015-12-24,60.81942367553711
2015-12-28,60.53400802612305
2015-12-29,61.272708892822266
2015-12-30,61.01248550415039
2015-12-31,60.46683120727539
2016-01-04,59.37553405761719
2016-01-05,59.660972595214844
2016-01-06,59.1740608215332
2016-01-07,57.97360610961914
2016-01-08,57.100563049316406
2016-01-11,56.42059326171875
2016-01-12,57.14255142211914
2016-01-13,55.44682312011719
2016-01-14,56.93267059326172
2016-01-15,56.13519287109375
2016-01-19,56.12678146362305
2016-01-20,56.23591613769531
2016-01-21,56.06801986694336
2016-01-22,56.95787048339844
2016-01-25,56.42900848388672
2016-01-26,56.85712814331055
2016-01-27,56.210731506347656
2016-01-28,54.90116500854492
2016-01-29,55.79938888549805
2016-02-01,55.88335037231445
2016-02-02,55.07745361328125
2016-02-03,55.438419342041016
2016-02-04,55.136226654052734
2016-02-05,54.06169891357422
2016-02-08,53.32296371459961
2016-02-09,53.7175178527832
2016-02-10,54.196006774902344
2016-02-11,53.32296371459961
2016-02-12,54.03651428222656
2016-02-16,55.05227279663086
2016-02-17,55.74903106689453
2016-02-18,55.40485382080078
2016-02-19,55.34608840942383
2016-02-22,56.13519287109375
2016-02-23,55.715457916259766
2016-02-24,55.90013122558594
2016-02-25,56.59688949584961
2016-02-26,56.49615478515625
2016-02-29,55.59793472290039
2016-03-01,56.789955139160156
2016-03-02,56.88230514526367
2016-03-03,56.72280502319336
2016-03-04,56.588504791259766
2016-03-07,57.041812896728516
2016-03-08,56.34505844116211
2016-03-09,56.445796966552734
2016-03-10,56.47936248779297
2016-03-11,57.57905960083008
2016-03-14,57.335628509521484
2016-03-15,56.445796966552734
2016-03-16,56.31148147583008
2016-03-17,55.65669631958008
2016-03-18,56.311309814453125
2016-03-21,56.63985824584961
2016-03-22,57.20431900024414
2016-03-23,56.79993438720703
2016-03-24,56.7746467590332
2016-03-28,56.614585876464844
2016-03-29,57.271728515625
2016-03-30,57.28014373779297
2016-03-31,57.10322952270508
2016-04-01,57.7519416809082
2016-04-04,58.442787170410156
2016-04-05,57.68453598022461
2016-04-06,59.23469924926758
2016-04-07,58.58599853515625
2016-04-08,58.4259033203125
2016-04-11,57.97941207885742
2016-04-12,58.451202392578125
2016-04-13,58.99880599975586
2016-04-14,59.032501220703125
2016-04-15,58.99039077758789
2016-04-18,59.537986755371094
2016-04-19,59.74860382080078
2016-04-20,60.06877517700195
2016-04-21,60.4225959777832
2016-04-22,60.548973083496094
2016-04-25,60.31305694580078
2016-04-26,60.085594177246094
2016-04-27,60.01818084716797
2016-04-28,59.73175811767578
2016-04-29,58.79661178588867
2016-05-02,59.13361740112305
2016-05-03,58.948246002197266
2016-05-04,58.383792877197266
2016-05-05,58.628108978271484
2016-05-06,58.28269577026367
2016-05-09,58.948246002197266
2016-05-10,59.44532775878906
2016-05-11,58.729225158691406
2016-05-12,58.383792877197266
2016-05-13,58.248992919921875
2016-05-16,59.04093551635742
2016-05-17,58.4259033203125
2016-05-18,58.67024230957031
2016-05-19,58.17317581176758
2016-05-20,58.712364196777344
2016-05-23,58.476470947265625
2016-05-24,59.31894302368164
2016-05-25,59.689640045166016
2016-05-26,59.69804763793945
2016-05-27,59.967647552490234
2016-05-31,60.110862731933594
2016-06-01,60.32990264892578
2016-06-02,61.10499954223633
2016-06-03,60.902809143066406
2016-06-06,61.23136901855469
2016-06-07,60.85224914550781
2016-06-08,61.0628662109375
2016-06-09,60.96177291870117
2016-06-10,60.473148345947266
2016-06-13,59.9929084777832
2016-06-14,60.085594177246094
2016-06-15,59.672813415527344
2016-06-16,59.8834228515625
2016-06-17,59.26167297363281
2016-06-20,59.63387680053711
2016-06-21,59.43086242675781
2016-06-22,59.60002899169922
2016-06-23,60.37822723388672
2016-06-24,58.62729263305664
2016-06-27,57.840606689453125
2016-06-28,58.965641021728516
2016-06-29,60.09062576293945
2016-06-30,60.657371520996094
2016-07-01,61.037994384765625
2016-07-05,60.978790283203125
2016-07-06,61.663978576660156
2016-07-07,61.5709342956543
2016-07-08,62.332183837890625
2016-07-11,62.16302490234375
2016-07-12,62.46754455566406
2016-07-13,62.442176818847656
2016-07-14,62.712852478027344
2016-07-15,62.662071228027344
2016-07-18,62.687469482421875
2016-07-19,62.55213165283203
2016-07-20,63.118858337402344
2016-07-21,63.30495071411133
2016-07-22,63.431827545166016
2016-07-25,63.364166259765625
2016-07-26,63.25420379638672
2016-07-27,63.54179382324219
2016-07-28,63.482582092285156
2016-07-29,63.609474182128906
2016-08-01,64.0154800415039
2016-08-02,63.770198822021484
2016-08-03,63.59257125854492
2016-08-04,63.4995002746582
2016-08-05,63.6517333984375
2016-08-08,63.11039733886719
2016-08-09,63.26264190673828
2016-08-10,63.051177978515625
2016-08-11,63.41490936279297
2016-08-12,63.25420379638672
2016-08-15,63.364166259765625
2016-08-16,62.79744338989258
2016-08-17,62.92431640625
2016-08-18,62.94966506958008
2016-08-19,62.898929595947266
2016-08-22,63.02581024169922
2016-08-23,63.08503723144531
2016-08-24,62.09535217285156
2016-08-25,61.5709342956543
2016-08-26,61.807762145996094
2016-08-29,61.94310760498047
2016-08-30,61.73162078857422
2016-08-31,61.54555130004883
2016-09-01,61.384830474853516
2016-09-02,61.45248794555664
2016-09-06,61.67245101928711
2016-09-07,61.67245101928711
2016-09-08,61.72319030761719
2016-09-09,60.48819351196289
2016-09-12,61.384830474853516
2016-09-13,60.56431198120117
2016-09-14,60.56431198120117
2016-09-15,61.190284729003906
2016-09-16,61.23188781738281
2016-09-19,61.01110076904297
2016-09-20,61.19791030883789
2016-09-21,61.80931854248047
2016-09-22,62.27631759643555
2016-09-23,62.081031799316406
2016-09-26,61.35927963256836
2016-09-27,61.792335510253906
2016-09-28,61.698936462402344
2016-09-29,60.61199188232422
2016-09-30,61.23188781738281
2016-10-03,61.18094253540039
2016-10-04,61.06206130981445
2016-10-05,61.299827575683594
2016-10-06,61.07054138183594
2016-10-07,61.02809524536133
2016-10-10,61.308284759521484
2016-10-11,59.77135467529297
2016-10-12,59.49110794067383
2016-10-13,59.51660919189453
2016-10-14,59.11751174926758
2016-10-17,58.92216873168945
2016-10-18,59.62700653076172
2016-10-19,59.40621566772461
2016-10-20,59.68645477294922
2016-10-21,59.193931579589844
2016-10-24,59.08354949951172
2016-10-25,58.91370391845703
2016-10-26,58.55707550048828
2016-10-27,58.82881546020508
2016-10-28,57.555076599121094
2016-10-31,57.19843292236328
2016-11-01,56.892738342285156
2016-11-02,56.59553909301758
2016-11-03,56.06059646606445
2016-11-04,56.45119094848633
2016-11-07,57.89474868774414
2016-11-08,58.05608367919922
2016-11-09,60.10251998901367
2016-11-10,60.76485824584961
2016-11-11,59.85624313354492
2016-11-14,59.669456481933594
2016-11-15,59.83929443359375
2016-11-16,59.58452606201172
2016-11-17,59.82231521606445
2016-11-18,59.1854248046875
2016-11-21,59.39774703979492
2016-11-22,58.54009246826172
2016-11-23,58.769371032714844
2016-11-25,58.99862289428711
2016-11-28,58.55707550048828
2016-11-29,58.939212799072266
2016-11-30,58.37874221801758
2016-12-01,57.95417404174805
2016-12-02,58.09003448486328
2016-12-05,57.988155364990234
2016-12-06,58.14948272705078
2016-12-07,57.648494720458984
2016-12-08,57.75888442993164
2016-12-09,58.46367263793945
2016-12-12,58.743892669677734
2016-12-13,59.219417572021484
2016-12-14,58.91370391845703
2016-12-15,59.29584884643555
2016-12-16,59.342735290527344
2016-12-19,59.095428466796875
2016-12-20,59.052764892578125
2016-12-21,58.72014617919922
2016-12-22,58.79690170288086
2016-12-23,59.240379333496094
2016-12-27,59.35979080200195
2016-12-28,58.907779693603516
2016-12-29,59.01009750366211
2016-12-30,58.79690170288086
2017-01-03,59.564476013183594
2017-01-04,60.03356170654297
2017-01-05,60.3405876159668
2017-01-06,60.51115798950195
2017-01-09,60.76704025268555
2017-01-10,60.980247497558594
2017-01-11,60.366188049316406
2017-01-12,60.4258918762207
2017-01-13,60.48558807373047
2017-01-17,60.178565979003906
2017-01-18,60.101802825927734
2017-01-19,59.71800231933594
2017-01-20,59.564476013183594
2017-01-23,59.31715774536133
2017-01-24,58.907779693603516
2017-01-25,59.46213150024414
2017-01-26,59.00160217285156
2017-01-27,59.487728118896484
2017-01-30,59.19776916503906
2017-01-31,60.14442443847656
2017-02-01,60.6646728515625
2017-02-02,60.64763641357422
2017-02-03,60.91200637817383
2017-02-06,60.980247497558594
2017-02-07,61.03995895385742
2017-02-08,60.946136474609375
2017-02-09,61.16788101196289
2017-02-10,61.287296295166016
2017-02-13,61.66256332397461
2017-02-14,62.14866638183594
2017-02-15,62.82248306274414
2017-02-16,62.7371826171875
2017-02-17,62.82248306274414
2017-02-21,63.10390090942383
2017-02-22,63.01007843017578
2017-02-23,63.47063064575195
2017-02-24,63.77767562866211
2017-02-27,64.08473205566406
2017-02-28,63.95677185058594
2017-03-01,64.59642791748047
2017-03-02,64.39176177978516
2017-03-03,64.64759826660156
2017-03-06,64.40027618408203
2017-03-07,63.94824981689453
2017-03-08,64.20409393310547
2017-03-09,64.55377197265625
2017-03-10,64.80110931396484
2017-03-13,64.74992370605469
2017-03-14,64.51114654541016
2017-03-15,65.32135772705078
2017-03-16,64.69023895263672
2017-03-17,64.33415985107422
2017-03-20,64.23998260498047
2017-03-21,63.73499298095703
2017-03-22,63.75209426879883
2017-03-23,63.55522918701172
2017-03-24,63.589473724365234
2017-03-27,63.76066589355469
2017-03-28,63.80345153808594
2017-03-29,63.8205680847168
2017-03-30,63.829132080078125
2017-03-31,63.64938735961914
2017-04-03,63.700740814208984
2017-04-04,63.66649627685547
2017-04-05,63.4696159362793
2017-04-06,63.58091354370117
2017-04-07,63.69219970703125
2017-04-10,63.57234573364258
2017-04-11,63.48676681518555
2017-04-12,63.48676681518555
2017-04-13,63.324134826660156
2017-04-17,63.55522918701172
2017-04-18,62.861900329589844
2017-04-19,63.050254821777344
2017-04-20,63.44395065307617
2017-04-21,63.06733322143555
2017-04-24,63.69219970703125
2017-04-25,63.96611785888672
2017-04-26,64.31707000732422
2017-04-27,64.45399475097656
2017-04-28,64.62519836425781
2017-05-01,64.77069854736328
2017-05-02,64.950439453125
2017-05-03,64.63375854492188
2017-05-04,65.0617446899414
2017-05-05,65.02748107910156
2017-05-08,64.62519836425781
2017-05-09,64.70220184326172
2017-05-10,64.513916015625
2017-05-11,64.54816436767578
2017-05-12,64.43687438964844
2017-05-15,64.85628509521484
2017-05-16,64.60807037353516
2017-05-17,63.76066589355469
2017-05-18,64.04315185546875
2017-05-19,64.22289276123047
2017-05-22,64.3940658569336
2017-05-23,64.60807037353516
2017-05-24,64.77069854736328
2017-05-25,65.0788345336914
2017-05-26,64.95903015136719
2017-05-30,64.86483001708984
2017-05-31,65.12164306640625
2017-06-01,65.84066009521484
2017-06-02,66.26864624023438
2017-06-05,66.08032989501953
2017-06-06,65.91769409179688
2017-06-07,66.09744262695312
2017-06-08,65.90914154052734
2017-06-09,66.35421752929688
2017-06-12,66.26864624023438
2017-06-13,66.40557098388672
2017-06-14,66.72228240966797
2017-06-15,66.6538314819336
2017-06-16,66.76383209228516
2017-06-19,67.45989227294922
2017-06-20,67.6833267211914
2017-06-21,68.5427017211914
2017-06-22,69.25597381591797
2017-06-23,69.15283966064453
2017-06-26,69.08409881591797
2017-06-27,68.45674896240234
2017-06-28,68.81768035888672
2017-06-29,68.19036102294922
2017-06-30,68.09583282470703
2017-07-03,68.21613311767578
2017-07-05,68.62002563476562
2017-07-06,67.73489379882812
2017-07-07,68.0786361694336
2017-07-10,67.94972229003906
2017-07-11,67.87238311767578
2017-07-12,68.33645629882812
2017-07-13,68.39661407470703
2017-07-14,68.86065673828125
2017-07-17,68.6114501953125
2017-07-18,68.66301727294922
2017-07-19,69.22160339355469
2017-07-20,69.67704772949219
2017-07-21,69.59968566894531
2017-07-24,69.57392120361328
2017-07-25,69.07550048828125
2017-07-26,68.84349822998047
2017-07-27,68.37080383300781
2017-07-28,68.71456146240234
2017-07-31,68.65442657470703
2017-08-01,68.49974060058594
2017-08-02,68.34503936767578
2017-08-03,68.45674896240234
2017-08-04,68.30207824707031
2017-08-07,68.44815826416016
2017-08-08,68.13020324707031
2017-08-09,68.2075424194336
2017-08-10,67.35675048828125
2017-08-11,67.54584503173828
2017-08-14,68.00128173828125
2017-08-15,68.00128173828125
2017-08-16,68.19036102294922
2017-08-17,67.33958435058594
2017-08-18,67.03018951416016
2017-08-21,67.33098602294922
2017-08-22,68.14737701416016
2017-08-23,67.63179779052734
2017-08-24,67.82942962646484
2017-08-25,67.84661865234375
2017-08-28,68.2075424194336
2017-08-29,68.33645629882812
2017-08-30,68.68878936767578
2017-08-31,69.85750579833984
2017-09-01,69.80594635009766
2017-09-05,69.50518035888672
2017-09-06,69.84033966064453
2017-09-07,70.61376953125
2017-09-08,70.93170928955078
2017-09-11,71.48171997070312
2017-09-12,71.63640594482422
2017-09-13,71.37000274658203
2017-09-14,71.46455383300781
2017-09-15,71.23594665527344
2017-09-18,71.21871948242188
2017-09-19,70.6580810546875
2017-09-20,70.72705841064453
2017-09-21,70.36481475830078
2017-09-22,70.36481475830078
2017-09-25,70.15779876708984
2017-09-26,70.04566192626953
2017-09-27,70.01982116699219
2017-09-28,70.0801773071289
2017-09-29,70.49417877197266
2017-10-02,71.2100601196289
2017-10-03,71.19283294677734
2017-10-04,71.53784942626953
2017-10-05,71.58958435058594
2017-10-06,71.49472045898438
2017-10-09,71.04621887207031
2017-10-10,71.2100601196289
2017-10-11,71.34808349609375
2017-10-12,71.27043914794922
2017-10-13,71.08932495117188
2017-10-16,70.7787857055664
2017-10-17,71.72760772705078
2017-10-18,71.83110809326172
2017-10-19,72.27099609375
2017-10-20,72.34860229492188
2017-10-23,72.1674575805664
2017-10-24,71.68447875976562
2017-10-25,71.58097076416016
2017-10-26,70.86506652832031
2017-10-27,70.84782409667969
2017-10-30,70.08879089355469
2017-10-31,69.95941162109375
2017-11-01,70.13191986083984
2017-11-02,69.81278228759766
2017-11-03,70.39067840576172
2017-11-06,70.17504119873047
2017-11-07,70.32166290283203
2017-11-08,70.48556518554688
2017-11-09,70.49417877197266
2017-11-10,70.03702545166016
2017-11-13,70.10604095458984
2017-11-14,69.82141876220703
2017-11-15,69.62301635742188
2017-11-16,70.34754943847656
2017-11-17,70.0715560913086
2017-11-20,69.77828216552734
2017-11-21,70.39067840576172
2017-11-22,70.36481475830078
2017-11-24,70.52867126464844
2017-11-27,70.58908081054688
2017-11-28,71.10655975341797
2017-11-29,71.46022033691406
2017-11-30,71.99497985839844
2017-12-01,71.84832763671875
2017-12-04,70.96856689453125
2017-12-05,70.84782409667969
2017-12-06,70.78743743896484
2017-12-07,70.80467987060547
2017-12-08,71.59822845458984
2017-12-11,71.90013122558594
2017-12-12,72.18473815917969
2017-12-13,72.43485260009766
2017-12-14,71.70172882080078
2017-12-15,72.4906234741211
2017-12-18,72.51660919189453
2017-12-19,72.42998504638672
2017-12-20,72.19620513916016
2017-12-21,72.03166198730469
2017-12-22,71.79782104492188
2017-12-26,71.81515502929688
2017-12-27,71.93638610839844
2017-12-28,72.04032135009766
2017-12-29,71.59867095947266
2018-01-02,72.40402221679688
2018-01-03,73.09679412841797
2018-01-04,73.20071411132812
2018-01-05,73.82420349121094
2018-01-08,73.55577087402344
2018-01-09,74.4217300415039
2018-01-10,74.29186248779297
2018-01-11,74.61225128173828
2018-01-12,75.18378448486328
2018-01-16,75.55614471435547
2018-01-17,76.28360748291016
2018-01-18,76.3009033203125
2018-01-19,76.586669921875
2018-01-22,77.08892822265625
2018-01-23,76.71653747558594
2018-01-24,76.94171905517578
2018-01-25,77.59986877441406
2018-01-26,79.27118682861328
2018-01-29,79.05469512939453
2018-01-30,77.39204406738281
2018-01-31,76.29224395751953
2018-02-01,76.31822204589844
2018-02-02,75.24443054199219
2018-02-05,71.91040802001953
2018-02-06,72.70709991455078
2018-02-07,72.62053680419922
2018-02-08,70.10054016113281
2018-02-09,71.09640502929688
2018-02-12,71.76319122314453
2018-02-13,71.81515502929688
2018-02-14,72.62918853759766
2018-02-15,73.43455505371094
2018-02-16,73.9627914428711
2018-02-20,73.14878845214844
2018-02-21,72.84567260742188
2018-02-22,72.73308563232422
2018-02-23,73.89350891113281
2018-02-26,74.82876586914062
2018-02-27,74.04937744140625
2018-02-28,72.86296844482422
2018-03-01,71.70258331298828
2018-03-02,72.42998504638672
2018-03-05,73.08817291259766
2018-03-06,72.98422241210938
2018-03-07,73.35661315917969
2018-03-08,73.85020446777344
2018-03-09,74.91533660888672
2018-03-12,74.59494018554688
2018-03-13,74.690185546875
2018-03-14,74.32647705078125
2018-03-15,74.20524597167969
2018-03-16,74.20524597167969
2018-03-19,73.00601959228516
2018-03-20,73.11029052734375
2018-03-21,72.79740905761719
2018-03-22,70.70310974121094
2018-03-23,69.23448181152344
2018-03-26,70.66835021972656
2018-03-27,69.83409881591797
2018-03-28,70.20777893066406
2018-03-29,70.73786163330078
2018-04-02,69.13018035888672
2018-04-03,70.18170928955078
2018-04-04,71.18109130859375
2018-04-05,71.12893676757812
2018-04-06,69.41697692871094
2018-04-09,70.10348510742188
2018-04-10,71.28536987304688
2018-04-11,70.70310974121094
2018-04-12,71.18109130859375
2018-04-13,71.14630889892578
2018-04-16,71.7111587524414
2018-04-17,72.2673568725586
2018-04-18,72.32817077636719
2018-04-19,71.7198486328125
2018-04-20,71.33747863769531
2018-04-23,71.6156005859375
2018-04-24,71.07678985595703
2018-04-25,71.39833068847656
2018-04-26,72.3021011352539
2018-04-27,72.5975570678711
2018-04-30,71.48524475097656
2018-05-01,71.45046997070312
2018-05-02,70.46846771240234
2018-05-03,69.83409881591797
2018-05-04,70.39027404785156
2018-05-07,70.28598022460938
2018-05-08,69.75588989257812
2018-05-09,70.15562438964844
2018-05-10,71.09416961669922
2018-05-11,72.15438079833984
2018-05-14,72.63233947753906
2018-05-15,71.69381713867188
2018-05-16,72.09355926513672
2018-05-17,72.11961364746094
2018-05-18,72.3021011352539
2018-05-21,72.37163543701172
2018-05-22,72.23259735107422
2018-05-23,72.46724700927734
2018-05-24,72.18042755126953
2018-05-25,72.07616424560547
2018-05-29,71.33747863769531
2018-05-30,72.40638732910156
2018-05-31,71.6156005859375
2018-06-01,72.44117736816406
2018-06-04,72.71052551269531
2018-06-05,72.56279754638672
2018-06-06,73.37969970703125
2018-06-07,73.47528076171875
2018-06-08,73.90108489990234
2018-06-11,74.04014587402344
2018-06-12,73.99668884277344
2018-06-13,74.01403045654297
2018-06-14,74.39643859863281
2018-06-15,74.54122924804688
2018-06-18,73.82599639892578
2018-06-19,74.01788330078125
2018-06-20,74.17488098144531
2018-06-21,73.74748992919922
2018-06-22,74.07894897460938
2018-06-25,73.39862060546875
2018-06-26,73.17181396484375
2018-06-27,72.55252838134766
2018-06-28,72.6484603881836
2018-06-29,72.7967529296875
2018-07-02,73.02352905273438
2018-07-03,73.19799041748047
2018-07-05,73.95683288574219
2018-07-06,75.02096557617188
2018-07-09,75.57048797607422
2018-07-10,75.8582992553711
2018-07-11,75.25645446777344
2018-07-12,76.09379577636719
2018-07-13,76.23336029052734
2018-07-16,75.77110290527344
2018-07-17,76.18974304199219
2018-07-18,76.25080871582031
2018-07-19,75.82339477539062
2018-07-20,75.67514038085938
2018-07-23,75.83210754394531
2018-07-24,76.52117919921875
2018-07-25,77.49809265136719
2018-07-26,77.2800521850586
2018-07-27,76.72179412841797
2018-07-30,76.76541900634766
2018-07-31,77.5678482055664
2018-08-01,77.58531951904297
2018-08-02,77.8731460571289
2018-08-03,78.33541870117188
2018-08-06,78.4749984741211
2018-08-07,78.48372650146484
2018-08-08,78.60584259033203
2018-08-09,78.51860809326172
2018-08-10,78.1784439086914
2018-08-13,78.20458984375
2018-08-14,78.5709457397461
2018-08-15,78.44011688232422
2018-08-16,79.20767974853516
2018-08-17,79.45188903808594
2018-08-20,79.71358489990234
2018-08-21,79.71358489990234
2018-08-22,79.79205322265625
2018-08-23,79.76591491699219
2018-08-24,80.14970397949219
2018-08-27,80.4375228881836
2018-08-28,80.48114013671875
2018-08-29,81.0044937133789
2018-08-30,80.94342803955078
2018-08-31,80.92599487304688
2018-09-04,80.28053283691406
2018-09-05,80.60327911376953
2018-09-06,80.60327911376953
2018-09-07,80.72537231445312
2018-09-10,80.51604461669922
2018-09-11,80.44625091552734
2018-09-12,80.84748840332031
2018-09-13,81.8505630493164
2018-09-14,81.58015441894531
2018-09-17,81.28360748291016
2018-09-18,81.75460052490234
2018-09-19,81.64118957519531
2018-09-20,82.43497467041016
2018-09-21,82.54615783691406
2018-09-24,82.7125015258789
2018-09-25,82.45858764648438
2018-09-26,82.64248657226562
2018-09-27,83.06280517578125
2018-09-28,83.31671905517578
2018-10-01,83.7282485961914
2018-10-02,83.63196563720703
2018-10-03,83.47431182861328
2018-10-04,82.65997314453125
2018-10-05,82.56367492675781
2018-10-08,82.52864074707031
2018-10-09,82.66873168945312
2018-10-10,80.71609497070312
2018-10-11,78.53575134277344
2018-10-12,79.7441177368164
2018-10-15,79.19246673583984
2018-10-16,81.36405944824219
2018-10-17,81.7931137084961
2018-10-18,80.86493682861328
2018-10-19,80.12939453125
2018-10-22,79.47270202636719
2018-10-23,79.04361724853516
2018-10-24,76.43423461914062
2018-10-25,77.42369842529297
2018-10-26,76.54806518554688
2018-10-29,76.74069213867188
2018-10-30,77.56379699707031
2018-10-31,77.66885375976562
2018-11-01,78.6495590209961
2018-11-02,78.1592025756836
2018-11-05,78.85095977783203
2018-11-06,79.2537612915039
2018-11-07,81.58294677734375
2018-11-08,81.62674713134766
2018-11-09,81.39031219482422
2018-11-12,80.2870101928711
2018-11-13,79.72663116455078
2018-11-14,79.08739471435547
2018-11-15,79.78791046142578
2018-11-16,80.593505859375
2018-11-19,79.56901550292969
2018-11-20,78.82469940185547
2018-11-21,78.37812805175781
2018-11-23,78.4919662475586
2018-11-26,79.2537612915039
2018-11-27,80.07685852050781
2018-11-28,82.00328826904297
2018-11-29,82.27471923828125
2018-11-30,83.94718170166016
2018-12-03,83.54438781738281
2018-12-04,81.67927551269531
2018-12-06,81.37283325195312
2018-12-07,79.29754638671875
2018-12-10,79.6040267944336
2018-12-11,79.84921264648438
2018-12-12,80.53219604492188
2018-12-13,80.61099243164062
2018-12-14,77.89653015136719
2018-12-17,76.3466567993164
2018-12-18,75.68116760253906
2018-12-19,74.69171142578125
2018-12-20,73.64095306396484
2018-12-21,72.72614288330078
2018-12-24,70.98451232910156
2018-12-26,74.08074951171875
2018-12-27,74.89878845214844
2018-12-28,74.98674774169922
2018-12-31,76.09506225585938
2019-01-02,74.94275665283203
2019-01-03,73.42103576660156
2019-01-04,75.61125946044922
2019-01-07,75.90153503417969
2019-01-08,76.49087524414062
2019-01-09,76.83392333984375
2019-01-10,76.98347473144531
2019-01-11,77.238525390625
2019-01-14,76.38533020019531
2019-01-15,77.75753021240234
2019-01-16,77.61678314208984
2019-01-17,78.30287170410156
2019-01-18,79.23528289794922
2019-01-22,78.6899185180664
2019-01-23,78.77787780761719
2019-01-24,78.11813354492188
2019-01-25,78.21488952636719
2019-01-28,77.32652282714844
2019-01-29,77.70475006103516
2019-01-30,78.76908111572266
2019-01-31,79.75423431396484
2019-02-01,79.8246078491211
2019-02-04,79.5959243774414
2019-02-05,79.48155975341797
2019-02-06,79.84217834472656
2019-02-07,78.96258544921875
2019-02-08,79.11212158203125
2019-02-11,79.0153579711914
2019-02-12,80.09729766845703
2019-02-13,80.273193359375
2019-02-14,80.45791625976562
2019-02-15,81.67176055908203
2019-02-19,81.47826385498047
2019-02-20,81.38150024414062
2019-02-21,80.6690444946289
2019-02-22,81.40790557861328
2019-02-25,81.52227020263672
2019-02-26,81.23197174072266
2019-02-27,80.85375213623047
2019-02-28,80.61625671386719
2019-03-01,81.75973510742188
2019-03-04,80.65142059326172
2019-03-05,80.6074447631836
2019-03-06,79.42877197265625
2019-03-07,78.80426025390625
2019-03-08,78.63714599609375
2019-03-11,79.5343017578125
2019-03-12,80.11488342285156
2019-03-13,80.97688293457031
2019-03-14,80.8449478149414
2019-03-15,81.21663665771484
2019-03-18,81.09303283691406
2019-03-19,81.737548828125
2019-03-20,81.17249298095703
2019-03-21,81.4903335571289
2019-03-22,80.00708770751953
2019-03-25,79.96295928955078
2019-03-26,80.51032257080078
2019-03-27,79.83934783935547
2019-03-28,80.04241180419922
2019-03-29,81.0047607421875
2019-04-01,81.12835693359375
2019-04-02,80.94294738769531
2019-04-03,80.83699035644531
2019-04-04,80.66928100585938
2019-04-05,81.22547912597656
2019-04-08,81.20780944824219
2019-04-09,80.99592590332031
2019-04-10,81.02241516113281
2019-04-11,80.02474212646484
2019-04-12,79.29195404052734
2019-04-15,79.60980224609375
2019-04-16,77.97648620605469
2019-04-17,75.73392486572266
2019-04-18,75.85752868652344
2019-04-22,75.90167236328125
2019-04-23,77.1023941040039
2019-04-24,77.01409149169922
2019-04-25,77.8086929321289
2019-04-26,78.58564758300781
2019-04-29,78.44438171386719
2019-04-30,78.80638122558594
2019-05-01,78.66511535644531
2019-05-02,79.0006103515625
2019-05-03,79.60099792480469
2019-05-06,80.00708770751953
2019-05-07,78.47086334228516
2019-05-08,78.63862609863281
2019-05-09,78.47086334228516
2019-05-10,78.49736022949219
2019-05-13,77.02291870117188
2019-05-14,77.41138458251953
2019-05-15,77.64095306396484
2019-05-16,78.25015258789062
2019-05-17,78.08240509033203
2019-05-20,78.04708862304688
2019-05-21,78.7798843383789
2019-05-22,79.23016357421875
2019-05-23,78.95645904541016
2019-05-24,79.07121276855469
2019-05-28,77.94113159179688
2019-05-29,77.19071197509766
2019-05-30,77.61448669433594
2019-05-31,77.05825805664062
2019-06-03,77.24366760253906
2019-06-04,78.52385711669922
2019-06-05,79.11537170410156
2019-06-06,79.52152252197266
2019-06-07,80.3514175415039
2019-06-10,80.58981323242188
2019-06-11,80.45735168457031
2019-06-12,80.84584045410156
2019-06-13,80.74871063232422
2019-06-14,80.56331634521484
2019-06-17,80.9253158569336
2019-06-18,81.61394500732422
2019-06-19,82.34674835205078
2019-06-20,82.70872497558594
2019-06-21,83.10594940185547
2019-06-24,82.67147827148438
2019-06-25,82.33456420898438
2019-06-26,81.29718017578125
2019-06-27,81.86463928222656
2019-06-28,82.13948059082031
2019-07-01,82.5473403930664
2019-07-02,82.99066162109375
2019-07-03,83.70001220703125
2019-07-05,83.12366485595703
2019-07-08,82.5030288696289
2019-07-09,82.58281707763672
2019-07-10,82.86653137207031
2019-07-11,82.88429260253906
2019-07-12,81.962158203125
2019-07-15,82.13948059082031
2019-07-16,81.73163604736328
2019-07-17,81.74937438964844
2019-07-18,82.2104263305664
2019-07-19,81.35923767089844
2019-07-22,81.19076538085938
2019-07-23,81.69615936279297
2019-07-24,81.74048614501953
2019-07-25,81.34152221679688
2019-07-26,81.63410186767578
2019-07-29,81.97102355957031
2019-07-30,81.61637115478516
2019-07-31,80.80950164794922
2019-08-01,80.9159164428711
2019-08-02,80.72972869873047
2019-08-05,78.832275390625
2019-08-06,79.85192108154297
2019-08-07,79.87853240966797
2019-08-08,80.94252014160156
2019-08-09,81.04004669189453
2019-08-12,80.25092315673828
2019-08-13,81.29718017578125
2019-08-14,79.03619384765625
2019-08-15,79.31108093261719
2019-08-16,80.28639221191406
2019-08-19,81.0577621459961
2019-08-20,80.3661880493164
2019-08-21,80.96023559570312
2019-08-22,80.56124877929688
2019-08-23,78.69929504394531
2019-08-26,79.52386474609375
2019-08-27,79.05397033691406
2019-08-28,79.63026428222656
2019-08-29,80.23319244384766
2019-08-30,80.3307113647461
2019-09-03,79.86080932617188
2019-09-04,79.91397857666016
2019-09-05,80.70309448242188
2019-09-06,80.92476654052734
2019-09-09,80.17997741699219
2019-09-10,80.41051483154297
2019-09-11,81.20849609375
2019-09-12,81.18189239501953
2019-09-13,81.1375732421875
2019-09-16,80.96023559570312
2019-09-17,81.0843734741211
2019-09-18,81.07552337646484
2019-09-19,81.45677947998047
2019-09-20,81.91085815429688
2019-09-23,81.47457122802734
2019-09-24,80.72667694091797
2019-09-25,80.33495330810547
2019-09-26,79.88978576660156
2019-09-27,79.53363800048828
2019-09-30,80.24589538574219
2019-10-01,79.46240997314453
2019-10-02,78.30497741699219
2019-10-03,79.00835418701172
2019-10-04,80.24589538574219
2019-10-07,79.97880554199219
2019-10-08,78.45632934570312
2019-10-09,79.02616882324219
2019-10-10,79.41790771484375
2019-10-11,80.07673645019531
2019-10-14,80.04113006591797
2019-10-15,81.50128936767578
2019-10-16,81.3944320678711
2019-10-17,81.99987030029297
2019-10-18,81.6971664428711
2019-10-21,81.608154296875
2019-10-22,81.78617858886719
2019-10-23,82.2936782836914
2019-10-24,81.87522888183594
2019-10-25,81.96426391601562
2019-10-28,82.8100814819336
2019-10-29,83.98532104492188
2019-10-30,84.45719909667969
2019-10-31,84.35926055908203
2019-11-01,84.46609497070312
2019-11-04,84.20790100097656
2019-11-05,83.61138916015625
2019-11-06,83.89628601074219
2019-11-07,84.08325958251953
2019-11-08,84.69759368896484
2019-11-11,84.35034942626953
2019-11-12,84.85783386230469
2019-11-13,84.95578002929688
2019-11-14,84.9646987915039
2019-11-15,86.7720718383789
2019-11-18,86.4782485961914
2019-11-19,87.06587982177734
2019-11-20,86.95013427734375
2019-11-21,87.17272186279297
2019-11-22,87.48432922363281
2019-11-25,88.50823211669922
2019-11-26,88.4369888305664
2019-11-27,88.89106750488281
2019-11-29,88.5794448852539
2019-12-02,88.18770599365234
2019-12-03,87.99183654785156
2019-12-04,88.81094360351562
2019-12-05,88.81094360351562
2019-12-06,89.39857482910156
2019-12-09,88.77532958984375
2019-12-10,88.97119140625
2019-12-11,89.05130767822266
2019-12-12,89.87933349609375
2019-12-13,89.81700134277344
2019-12-16,90.78749084472656
2019-12-17,90.68952941894531
2019-12-18,90.8141860961914
2019-12-19,91.17032623291016
2019-12-20,91.81578063964844
2019-12-23,92.1823501586914
2019-12-24,92.06612396240234
2019-12-26,92.00355529785156
2019-12-27,92.03038024902344
2019-12-30,91.47786712646484
2019-12-31,91.65782928466797
2020-01-02,91.90078735351562
2020-01-03,91.09991455078125
2020-01-06,91.66683197021484
2020-01-07,91.48685455322266
2020-01-08,92.08074188232422
2020-01-09,92.4766845703125
2020-01-10,92.50370025634766
2020-01-13,92.17974853515625
2020-01-14,92.73763275146484
2020-01-15,93.53849792480469
2020-01-16,94.02442932128906
2020-01-17,94.02442932128906
2020-01-21,94.12339782714844
2020-01-22,94.24037170410156
2020-01-23,93.76345825195312
2020-01-24,92.19771575927734
2020-01-27,91.4958724975586
2020-01-28,91.94580078125
2020-01-29,91.69384002685547
2020-01-30,91.02794647216797
2020-01-31,89.21025848388672
2020-02-03,90.02009582519531
2020-02-04,91.6038589477539
2020-02-05,93.3675308227539
2020-02-06,93.4485092163086
2020-02-07,92.71965026855469
2020-02-10,93.21455383300781
2020-02-11,93.7724609375
2020-02-12,93.88944244384766
2020-02-13,93.4485092163086
2020-02-14,93.52050018310547
2020-02-18,93.18756103515625
2020-02-19,93.61949920654297
2020-02-20,93.0166015625
2020-02-21,93.07058715820312
2020-02-24,90.13711547851562
2020-02-25,87.40156555175781
2020-02-26,87.39257049560547
2020-02-27,84.423095703125
2020-02-28,83.33431243896484
2020-03-02,87.2396011352539
2020-03-03,85.07099151611328
2020-03-04,89.97512817382812
2020-03-05,87.88750457763672
2020-03-06,87.41957092285156
2020-03-09,82.8753662109375
2020-03-10,85.7188720703125
2020-03-11,82.44346618652344
2020-03-12,76.28855895996094
2020-03-13,81.57962036132812
2020-03-16,73.53502655029297
2020-03-17,78.1512222290039
2020-03-18,75.55967712402344
2020-03-19,74.01193237304688
2020-03-20,71.16844177246094
2020-03-23,67.47205352783203
2020-03-24,72.6712417602539
2020-03-25,73.63874816894531
2020-03-26,78.53050994873047
2020-03-27,76.84870147705078
2020-03-30,80.44743347167969
2020-03-31,80.09477996826172
2020-04-01,77.04762268066406
2020-04-02,79.18152618408203
2020-04-03,78.46721649169922
2020-04-06,82.58139038085938
2020-04-07,81.90320587158203
2020-04-08,85.27591705322266
2020-04-09,85.74610900878906
2020-04-13,84.99557495117188
2020-04-14,87.81672668457031
2020-04-15,87.3646469116211
2020-04-16,89.27252960205078
2020-04-17,91.12612915039062
2020-04-20,90.40276336669922
2020-04-21,87.65398406982422
2020-04-22,88.99220275878906
2020-04-23,89.48047637939453
2020-04-24,90.68307495117188
2020-04-27,91.84951782226562
2020-04-28,89.99588012695312
2020-04-29,90.59265899658203
2020-04-30,90.17672729492188
2020-05-01,88.45872497558594
2020-05-04,88.41349792480469
2020-05-05,90.33043670654297
2020-05-06,89.43527221679688
2020-05-07,89.42623138427734
2020-05-08,89.88738250732422
2020-05-11,91.43358612060547
2020-05-12,90.04108428955078
2020-05-13,89.06456756591797
2020-05-14,90.04108428955078
2020-05-15,90.80062103271484
2020-05-18,91.55113220214844
2020-05-19,90.447998046875
2020-05-20,90.5564956665039
2020-05-21,89.88738250732422
2020-05-22,90.07725524902344
2020-05-26,89.91449737548828
2020-05-27,90.84583282470703
2020-05-28,92.03034973144531
2020-05-29,93.14252471923828
2020-06-01,92.22024536132812
2020-06-02,92.75372314453125
2020-06-03,92.57289123535156
2020-06-04,91.8404541015625
2020-06-05,93.32337188720703
2020-06-08,93.9653549194336
2020-06-09,92.98880004882812
2020-06-10,92.84414672851562
2020-06-11,87.68109893798828
2020-06-12,88.25076293945312
2020-06-15,88.44967651367188
2020-06-16,90.62882995605469
2020-06-17,90.53839874267578
2020-06-18,90.23097229003906
2020-06-19,91.09901428222656
2020-06-22,90.74940490722656
2020-06-23,91.1398696899414
2020-06-24,88.76079559326172
2020-06-25,89.63252258300781
2020-06-26,88.5428695678711
2020-06-29,89.34196472167969
2020-06-30,90.86744689941406
2020-07-01,91.56663513183594
2020-07-02,92.25675964355469
2020-07-06,93.19202423095703
2020-07-07,92.38389587402344
2020-07-08,92.39295196533203
2020-07-09,91.66653442382812
2020-07-10,91.4486083984375
2020-07-13,91.9661865234375
2020-07-14,93.79135131835938
2020-07-15,95.00811004638672
2020-07-16,94.85374450683594
2020-07-17,96.15225982666016
2020-07-20,96.13409423828125
2020-07-21,96.07052612304688
2020-07-22,96.93315887451172
2020-07-23,96.49730682373047
2020-07-24,95.43489074707031
2020-07-27,96.15225982666016
2020-07-28,96.04328155517578
2020-07-29,97.05118560791016
2020-07-30,96.37926483154297
2020-07-31,95.82534790039062
2020-08-03,96.81511688232422
2020-08-04,96.38833618164062
2020-08-05,96.83328247070312
2020-08-06,96.31571197509766
2020-08-07,96.62443542480469
2020-08-10,96.29754638671875
2020-08-11,95.68913269042969
2020-08-12,97.29637145996094
2020-08-13,97.16925811767578
2020-08-14,96.97855377197266
2020-08-17,97.55060577392578
2020-08-18,97.52339172363281
2020-08-19,97.20558166503906
2020-08-20,96.8968276977539
2020-08-21,96.9967041015625
2020-08-24,96.5517807006836
2020-08-25,97.20558166503906
2020-08-26,97.08750915527344
2020-08-27,97.85028839111328
2020-08-28,98.06820678710938
2020-08-31,98.3042984008789
2020-09-01,97.42350006103516
2020-09-02,99.37577056884766
2020-09-03,96.66983032226562
2020-09-04,95.97972106933594
2020-09-08,94.39974212646484
2020-09-09,96.07052612304688
2020-09-10,94.59950256347656
2020-09-11,94.97178649902344
2020-09-14,96.33384704589844
2020-09-15,96.46097564697266
2020-09-16,96.29754638671875
2020-09-17,95.97972106933594
2020-09-18,95.8344497680664
2020-09-21,94.06401062011719
2020-09-22,93.86345672607422
2020-09-23,92.8971176147461
2020-09-24,92.43216705322266
2020-09-25,93.91815185546875
2020-09-28,94.76598358154297
2020-09-29,94.64747619628906
2020-09-30,96.16082000732422
2020-10-01,95.83262634277344
2020-10-02,94.95742797851562
2020-10-05,96.90837860107422
2020-10-06,95.62291717529297
2020-10-07,97.42801666259766
2020-10-08,97.90206146240234
2020-10-09,98.78636169433594
2020-10-12,99.46097564697266
2020-10-13,98.70429992675781
2020-10-14,98.12997436523438
2020-10-15,97.41888427734375
2020-10-16,98.3852310180664
2020-10-19,96.82632446289062
2020-10-20,96.95392608642578
2020-10-21,96.47074127197266
2020-10-22,97.92939758300781
2020-10-23,98.2940673828125
2020-10-26,97.20008850097656
2020-10-27,96.5345687866211
2020-10-28,93.471435546875
2020-10-29,92.70563507080078
2020-10-30,92.67829895019531
2020-11-02,94.34661865234375
2020-11-03,95.72321319580078
2020-11-04,99.97149658203125
2020-11-05,100.17205810546875
2020-11-06,100.20849609375
2020-11-09,101.14752197265625
2020-11-10,101.43926239013672
2020-11-11,101.31160736083984
2020-11-12,100.9378433227539
2020-11-13,102.21417236328125
2020-11-16,102.04095458984375
2020-11-17,101.37544250488281
2020-11-18,99.48831939697266
2020-11-19,99.41541290283203
2020-11-20,99.18749237060547
2020-11-23,98.93222045898438
2020-11-24,99.22394561767578
2020-11-25,98.85929107666016
2020-11-27,99.77093505859375
2020-11-30,100.04443359375
2020-12-01,100.88314056396484
2020-12-02,101.63981628417969
2020-12-03,101.51219177246094
2020-12-04,102.59706115722656
2020-12-07,101.968017578125
2020-12-08,102.74291229248047
2020-12-09,102.38736724853516
2020-12-10,102.21417236328125
2020-12-11,101.81304931640625
2020-12-14,101.04724884033203
2020-12-15,102.1412124633789
2020-12-16,101.84039306640625
2020-12-17,102.93435668945312
2020-12-18,103.01641082763672
2020-12-21,101.98566436767578
2020-12-22,101.67443084716797
2020-12-23,101.7476577758789
2020-12-24,102.04058837890625
2020-12-28,102.29691314697266
2020-12-29,102.78207397460938
2020-12-30,102.7637710571289
2020-12-31,103.84394073486328
2021-01-04,103.39537811279297
2021-01-05,104.14602661132812
2021-01-06,105.57406616210938
2021-01-07,106.94718933105469
2021-01-08,107.45979309082031
2021-01-11,107.9632797241211
2021-01-12,106.79157257080078
2021-01-13,107.08448791503906
2021-01-14,106.74578094482422
2021-01-15,107.0753402709961
2021-01-19,107.88088989257812
2021-01-20,108.47589111328125
2021-01-21,107.9632797241211
2021-01-22,107.64288330078125
2021-01-25,108.34776306152344
2021-01-26,107.9449691772461
2021-01-27,104.66780853271484
2021-01-28,106.19654846191406
2021-01-29,105.2994384765625
2021-02-01,105.70223999023438
2021-02-02,106.00430297851562
2021-02-03,105.25367736816406
2021-02-04,105.69304656982422
2021-02-05,105.88530731201172
2021-02-08,106.01345825195312
2021-02-09,106.16909790039062
2021-02-10,106.36131286621094
2021-02-11,106.56271362304688
2021-02-12,107.3591079711914
2021-02-16,106.29722595214844
2021-02-17,106.68173217773438
2021-02-18,106.01345825195312
2021-02-19,104.73189544677734
2021-02-22,104.4847412109375
2021-02-23,104.31080627441406
2021-02-24,105.03396606445312
2021-02-25,103.98125457763672
2021-02-26,103.08416748046875
2021-03-01,104.4298095703125
2021-03-02,104.1277084350586
2021-03-03,102.80951690673828
2021-03-04,101.42726135253906
2021-03-05,103.45948028564453
2021-03-08,103.20316314697266
2021-03-09,103.80731964111328
2021-03-10,104.04534912109375
2021-03-11,104.67697143554688
2021-03-12,104.90582275390625
2021-03-15,105.62898254394531
2021-03-16,105.56492614746094
2021-03-17,105.1804428100586
2021-03-18,104.96076202392578
2021-03-19,105.3360595703125
2021-03-22,106.25279998779297
2021-03-23,105.17806243896484
2021-03-24,105.05864715576172
2021-03-25,105.49955749511719
2021-03-26,107.49287414550781
2021-03-29,107.99812316894531
2021-03-30,107.02442169189453
2021-03-31,107.23566436767578
2021-04-01,106.91419219970703
2021-04-05,107.65825653076172
2021-04-06,107.24488830566406
2021-04-07,107.00604248046875
2021-04-08,107.17139434814453
2021-04-09,108.34718322753906
2021-04-12,108.45740509033203
2021-04-13,108.90751647949219
2021-04-14,108.8983383178711
2021-04-15,110.76305389404297
2021-04-16,111.58979034423828
2021-04-19,111.61735534667969
2021-04-20,112.04906463623047
2021-04-21,113.3718490600586
2021-04-22,112.86661529541016
2021-04-23,113.61065673828125
2021-04-26,113.22488403320312
2021-04-27,112.57266235351562
2021-04-28,112.23280334472656
2021-04-29,111.7826919555664
2021-04-30,111.4520034790039
2021-05-03,112.71963500976562
2021-05-04,112.83906555175781
2021-05-05,113.04115295410156
2021-05-06,113.18812561035156
2021-05-07,113.96892547607422
2021-05-10,114.11592102050781
2021-05-11,112.88499450683594
2021-05-12,111.81945037841797
2021-05-13,112.82988739013672
2021-05-14,113.39939880371094
2021-05-17,113.18812561035156
2021-05-18,113.22488403320312
2021-05-19,113.031982421875
2021-05-20,114.21692657470703
2021-05-21,114.23531341552734
2021-05-24,114.34554290771484
2021-05-25,114.00566864013672
2021-05-26,113.34426879882812
2021-05-27,113.09626770019531
2021-05-28,113.53718566894531
2021-06-01,111.67247009277344
2021-06-02,111.4520034790039
2021-06-03,111.79188537597656
2021-06-04,112.1501235961914
2021-06-07,112.55431365966797
2021-06-08,112.20524597167969
2021-06-09,113.2891845703125
2021-06-10,115.2273941040039
2021-06-11,114.40986633300781
2021-06-14,114.51087951660156
2021-06-15,114.54762268066406
2021-06-16,114.10671997070312
2021-06-17,114.97936248779297
2021-06-18,113.66580963134766
2021-06-21,115.03153228759766
2021-06-22,115.28050994873047
2021-06-23,114.80097961425781
2021-06-24,115.39116668701172
2021-06-25,115.91680145263672
2021-06-28,116.09200286865234
2021-06-29,116.22111511230469
2021-06-30,116.14735412597656
2021-07-01,117.18019104003906
2021-07-02,118.30522155761719
2021-07-06,118.19456481933594
2021-07-07,118.94154357910156
2021-07-08,118.28678131103516
2021-07-09,118.6925277709961
2021-07-12,118.92308807373047
2021-07-13,118.81242370605469
2021-07-14,118.70174407958984
2021-07-15,118.28678131103516
2021-07-16,118.60953521728516
2021-07-19,117.3646240234375
2021-07-20,118.79399871826172
2021-07-21,118.98762512207031
2021-07-22,119.86369323730469
2021-07-23,121.24693298339844
2021-07-26,120.46311950683594
2021-07-27,121.02566528320312
2021-07-28,121.45906066894531
2021-07-29,121.75414276123047
2021-07-30,121.86480712890625
2021-08-02,122.03081512451172
2021-08-03,123.72757720947266
2021-08-04,123.20196533203125
2021-08-05,122.69477844238281
2021-08-06,122.59333801269531
2021-08-09,123.06363677978516
2021-08-10,122.77777862548828
2021-08-11,121.56050872802734
2021-08-12,122.5195541381836
2021-08-13,123.28495025634766
2021-08-16,124.68669128417969
2021-08-17,126.1621322631836
2021-08-18,124.24398803710938
2021-08-19,124.80652618408203
2021-08-20,125.5166015625
2021-08-23,125.56273651123047
2021-08-24,125.12005615234375
2021-08-25,124.77885437011719
2021-08-26,124.29005432128906
2021-08-27,124.15178680419922
2021-08-30,124.85261535644531
2021-08-31,124.68669128417969
2021-09-01,124.72351837158203
2021-09-02,126.06069946289062
2021-09-03,126.19905853271484
2021-09-07,125.46125030517578
2021-09-08,125.40595245361328
2021-09-09,123.95813751220703
2021-09-10,122.8238754272461
2021-09-13,122.06767272949219
2021-09-14,122.04924011230469
2021-09-15,122.84229278564453
2021-09-16,122.52875518798828
2021-09-17,122.64867401123047
2021-09-20,121.3687744140625
2021-09-21,121.55387115478516
2021-09-22,121.75747680664062
2021-09-23,122.63662719726562
2021-09-24,122.13687133789062
2021-09-27,120.39712524414062
2021-09-28,118.33341217041016
2021-09-29,119.2680892944336
2021-09-30,117.80593872070312
2021-10-01,117.83370208740234
2021-10-04,116.03837585449219
2021-10-05,116.732421875
2021-10-06,116.51958465576172
2021-10-07,118.06504821777344
2021-10-08,117.47278594970703
2021-10-11,116.55661010742188
2021-10-12,115.99210357666016
2021-10-13,116.17718505859375
2021-10-14,117.84294128417969
2021-10-15,118.42597198486328
2021-10-18,117.620849609375
2021-10-19,119.16630554199219
2021-10-20,120.86907196044922
2021-10-21,121.35952758789062
2021-10-22,121.85002899169922
2021-10-25,121.99810028076172
2021-10-26,122.599609375
2021-10-27,121.62792205810547
2021-10-28,122.64586639404297
2021-10-29,123.83967590332031
2021-11-01,123.69160461425781
2021-11-02,124.46896362304688
2021-11-03,125.20003509521484
2021-11-04,124.33937072753906
2021-11-05,122.95128631591797
2021-11-08,123.68235778808594
2021-11-09,123.22887420654297
2021-11-10,123.58055114746094
2021-11-11,123.21961212158203
2021-11-12,123.83038330078125
2021-11-15,123.06232452392578
2021-11-16,123.58055114746094
2021-11-17,123.75635528564453
2021-11-18,123.80265808105469
2021-11-19,123.05306243896484
2021-11-22,122.49779510498047
2021-11-23,122.6273422241211
2021-11-24,122.58108520507812
2021-11-26,122.12763214111328
2021-11-29,122.46080780029297
2021-11-30,120.05469512939453
2021-12-01,119.84185791015625
2021-12-02,120.42487335205078
2021-12-03,120.64697265625
2021-12-06,121.33175659179688
2021-12-07,122.8957290649414
2021-12-08,123.82117462158203
2021-12-09,124.10801696777344
2021-12-10,124.54298400878906
2021-12-13,125.71826171875
2021-12-14,125.20927429199219
2021-12-15,127.77271270751953
2021-12-16,128.5315399169922
2021-12-17,127.63388061523438
2021-12-20,126.8609619140625
2021-12-21,127.39054107666016
2021-12-22,128.8768310546875
2021-12-23,129.40638732910156
2021-12-27,130.77198791503906
2021-12-28,130.42825317382812
2021-12-29,131.17141723632812
2021-12-30,131.4408416748047
2021-12-31,130.88345336914062
2022-01-03,129.53639221191406
2022-01-04,127.82711029052734
2022-01-05,126.91670989990234
2022-01-06,125.44893646240234
2022-01-07,124.80794525146484
2022-01-10,126.08992767333984
2022-01-11,127.09321594238281
2022-01-12,126.73092651367188
2022-01-13,124.76150512695312
2022-01-14,124.54782104492188
2022-01-18,122.80137634277344
2022-01-19,122.2996826171875
2022-01-20,121.50077819824219
2022-01-21,120.27454376220703
2022-01-24,119.87507629394531
2022-01-25,119.1040267944336
2022-01-26,118.48162078857422
2022-01-27,118.78817749023438
2022-01-28,121.2127685546875
2022-01-31,121.9095230102539
2022-02-01,122.23468017578125
2022-02-02,123.87895965576172
2022-02-03,123.34943389892578
2022-02-04,122.90354919433594
2022-02-07,122.6898422241211
2022-02-08,123.69318389892578
2022-02-09,124.6500015258789
2022-02-10,122.69916534423828
2022-02-11,120.99913787841797
2022-02-14,119.76360321044922
2022-02-15,121.1106185913086
2022-02-16,121.29642486572266
2022-02-17,119.34553527832031
2022-02-18,118.4537353515625
2022-02-22,118.15644836425781
2022-02-23,117.56190490722656
2022-02-24,118.03570556640625
2022-02-25,121.64940643310547
2022-02-28,120.729736328125
2022-03-01,120.06085205078125
2022-03-02,121.87234497070312
2022-03-03,122.49479675292969
2022-03-04,123.10794830322266
2022-03-07,120.96195220947266
2022-03-08,118.49090576171875
2022-03-09,120.729736328125
2022-03-10,120.68329620361328
2022-03-11,119.78218841552734
2022-03-14,120.6275634765625
2022-03-15,123.0335922241211
2022-03-16,124.51067352294922
2022-03-17,126.4800796508789
2022-03-18,127.26048278808594
2022-03-21,127.16349029541016
2022-03-22,127.19147491455078
2022-03-23,124.90839385986328
2022-03-24,126.39938354492188
2022-03-25,126.98643493652344
2022-03-28,127.9090347290039
2022-03-29,128.66383361816406
2022-03-30,128.9154510498047
2022-03-31,127.65744018554688
2022-04-01,128.66383361816406
2022-04-04,127.59217071533203
2022-04-05,127.86241149902344
2022-04-06,129.81004333496094
2022-04-07,132.30746459960938
2022-04-08,133.09959411621094
2022-04-11,130.45301818847656
2022-04-12,129.1857147216797
2022-04-13,129.81936645507812
2022-04-14,129.19503784179688
2022-04-18,127.76923370361328
2022-04-19,128.989990234375
2022-04-20,130.72329711914062
2022-04-21,129.2788543701172
2022-04-22,124.56359100341797
2022-04-25,125.40229797363281
2022-04-26,123.1937255859375
2022-04-27,122.92351531982422
2022-04-28,124.6194839477539
2022-04-29,121.41384887695312
2022-05-02,120.6590347290039
2022-05-03,121.04112243652344
2022-05-04,123.72491455078125
2022-05-05,121.3206787109375
2022-05-06,120.93858337402344
2022-05-09,117.8075180053711
2022-05-10,118.22686767578125
2022-05-11,117.44405364990234
2022-05-12,118.5809555053711
2022-05-13,119.8389892578125
2022-05-16,120.7242660522461
2022-05-17,122.38301849365234
2022-05-18,119.22395324707031
2022-05-19,119.48487091064453
2022-05-20,120.93858337402344
2022-05-23,122.00092315673828
2022-05-24,122.3643569946289
2022-05-25,122.32707977294922
2022-05-26,122.84895324707031
2022-05-27,124.88973236083984
2022-05-31,123.2216567993164
2022-06-01,121.45112609863281
2022-06-02,122.41094207763672
2022-06-03,120.97589874267578
2022-06-06,120.9945297241211
2022-06-07,122.56935119628906
2022-06-08,121.60021209716797
2022-06-09,118.85118865966797
2022-06-10,116.94085693359375
2022-06-13,113.39974212646484
2022-06-14,112.31877899169922
2022-06-15,113.45564270019531
2022-06-16,111.78759002685547
2022-06-17,111.72235870361328
2022-06-21,114.73005676269531
2022-06-22,116.32093048095703
2022-06-23,118.93183898925781
2022-06-24,120.90640258789062
2022-06-27,121.35554504394531
2022-06-28,119.24063110351562
2022-06-29,120.2793960571289
2022-06-30,120.00801849365234
2022-07-01,121.35554504394531
2022-07-05,120.65370178222656
2022-07-06,121.46785736083984
2022-07-07,121.9825668334961
2022-07-08,122.34751892089844
2022-07-11,122.03871154785156
2022-07-12,120.48526763916016
2022-07-13,119.31549835205078
2022-07-14,118.96926879882812
2022-07-15,121.8421859741211
2022-07-18,119.26873016357422
2022-07-19,121.29942321777344
2022-07-20,120.1015853881836
2022-07-21,122.00127410888672
2022-07-22,121.49594116210938
2022-07-25,122.13229370117188
2022-07-26,122.75928497314453
2022-07-27,123.52662658691406
2022-07-28,124.3127212524414
2022-07-29,123.90096282958984
2022-08-01,122.98387908935547
2022-08-02,122.54402923583984
2022-08-03,123.66699981689453
2022-08-04,123.05874633789062
2022-08-05,123.01195526123047
2022-08-08,123.30203247070312
2022-08-09,122.92772674560547
2022-08-10,124.26593017578125
2022-08-11,123.46113586425781
2022-08-12,125.04264831542969
2022-08-15,125.66964721679688
2022-08-16,125.33274841308594
2022-08-17,124.60285186767578
2022-08-18,124.05068969726562
2022-08-19,124.38758087158203
2022-08-22,122.75928497314453
2022-08-23,121.04678344726562
2022-08-24,121.19648742675781
2022-08-25,122.53468322753906
2022-08-26,119.1189956665039
2022-08-29,118.28612518310547
2022-08-30,117.50003051757812
2022-08-31,116.75141143798828
2022-09-01,118.6697998046875
2022-09-02,116.96662139892578
2022-09-06,117.07892608642578
2022-09-07,118.98798370361328
2022-09-08,121.05611419677734
2022-09-09,122.12294006347656
2022-09-12,122.93707275390625
2022-09-13,118.87568664550781
2022-09-14,118.9411849975586
2022-09-15,119.6056137084961
2022-09-16,119.26873016357422
2022-09-19,118.6260757446289
2022-09-20,117.23555755615234
2022-09-21,115.29072570800781
2022-09-22,115.90141296386719
2022-09-23,115.30951690673828
2022-09-26,114.21024322509766
2022-09-27,113.86262512207031
2022-09-28,116.35237884521484
2022-09-29,115.37527465820312
2022-09-30,113.78746795654297
2022-10-03,116.12691497802734
2022-10-04,118.8233871459961
2022-10-05,119.21797943115234
2022-10-06,117.6959457397461
2022-10-07,115.20616912841797
2022-10-10,114.48271942138672
2022-10-11,115.09341430664062
2022-10-12,114.52967834472656
2022-10-13,117.19796752929688
2022-10-14,116.40876770019531
2022-10-17,118.2784652709961
2022-10-18,118.93611145019531
2022-10-19,117.27313995361328
2022-10-20,116.27723693847656
2022-10-21,118.88915252685547
2022-10-24,121.1816177368164
2022-10-25,122.10236358642578
2022-10-26,123.45530700683594
2022-10-27,122.80703735351562
2022-10-28,124.82703399658203
2022-10-31,124.72368621826172
2022-11-01,124.79886627197266
2022-11-02,122.67549133300781
2022-11-03,122.15876007080078
2022-11-04,122.90098571777344
2022-11-07,124.21635437011719
2022-11-08,124.83641815185547
2022-11-09,123.49288177490234
2022-11-10,126.63092803955078
2022-11-11,125.0807113647461
2022-11-14,125.19345092773438
2022-11-15,125.03372192382812
2022-11-16,124.97734832763672
2022-11-17,124.92098236083984
2022-11-18,126.43364715576172
2022-11-21,126.4900131225586
2022-11-22,127.58927917480469
2022-11-23,128.09661865234375
2022-11-25,128.85763549804688
2022-11-28,127.88992309570312
2022-11-29,127.57047271728516
2022-11-30,130.61459350585938
2022-12-01,130.9904022216797
2022-12-02,131.32867431640625
2022-12-05,130.06964111328125
2022-12-06,129.08316040039062
2022-12-07,130.1448211669922
2022-12-08,131.3192596435547
2022-12-09,129.63748168945312
2022-12-12,131.0186004638672
2022-12-13,131.42257690429688
2022-12-14,131.6293182373047
2022-12-15,129.21466064453125
2022-12-16,127.33560180664062
2022-12-19,126.860107421875
2022-12-20,126.8318099975586
2022-12-21,128.5016326904297
2022-12-22,128.32241821289062
2022-12-23,128.3979034423828
2022-12-27,128.0677032470703
2022-12-28,127.23746490478516
2022-12-29,128.6243133544922
2022-12-30,128.1620330810547
2023-01-03,127.79411315917969
2023-01-04,128.13372802734375
2023-01-05,126.82237243652344
2023-01-06,127.9921875
2023-01-09,125.85066223144531
2023-01-10,126.90729522705078
2023-01-11,127.624267578125
2023-01-12,127.2186279296875
2023-01-13,127.78466796875
2023-01-17,127.19033813476562
2023-01-18,125.3978271484375
2023-01-19,125.69974517822266
2023-01-20,126.331787109375
2023-01-23,126.76577758789062
2023-01-24,125.92613983154297
2023-01-25,125.96391296386719
2023-01-26,126.19976806640625
2023-01-27,125.34123229980469
2023-01-30,124.20916748046875
2023-01-31,125.81295013427734
2023-02-01,126.40731048583984
2023-02-02,125.5488052368164
2023-02-03,125.18085479736328
2023-02-06,124.48272705078125
2023-02-07,125.28465270996094
2023-02-08,124.91668701171875
2023-02-09,123.82234954833984
2023-02-10,124.9921875
2023-02-13,126.02989196777344
2023-02-14,125.28465270996094
2023-02-15,124.66197967529297
2023-02-16,123.41669464111328
2023-02-17,124.52049255371094
2023-02-21,122.90724182128906
2023-02-22,122.49215698242188
2023-02-23,122.82234954833984
2023-02-24,121.23739624023438
2023-02-27,120.86947631835938
2023-02-28,119.97323608398438
2023-03-01,119.77511596679688
2023-03-02,120.51097869873047
2023-03-03,121.86004638671875
2023-03-06,121.8034439086914
2023-03-07,119.84115600585938
2023-03-08,119.19964599609375
2023-03-09,117.99208068847656
2023-03-10,117.12415313720703
2023-03-13,118.21849060058594
2023-03-14,119.2751235961914
2023-03-15,119.17134094238281
2023-03-16,120.2845687866211
2023-03-17,118.73737335205078
2023-03-20,120.24229431152344
2023-03-21,120.97156524658203
2023-03-22,119.14369201660156
2023-03-23,118.91636657714844
2023-03-24,120.5643081665039
2023-03-27,121.0567855834961
2023-03-28,120.32754516601562
2023-03-29,120.65901947021484
2023-03-30,121.3125
2023-03-31,122.61002349853516
2023-04-03,123.9832763671875
2023-04-04,124.00222778320312
2023-04-05,126.14266204833984
2023-04-06,126.4552230834961
2023-04-10,126.36996459960938
2023-04-11,126.79618072509766
2023-04-12,126.83403778076172
2023-04-13,128.48196411132812
2023-04-14,127.44961547851562
2023-04-17,127.34547424316406
2023-04-18,126.47413635253906
2023-04-19,126.8624496459961
2023-04-20,126.34153747558594
2023-04-21,127.19390869140625
2023-04-24,127.90424346923828
2023-04-25,126.5404281616211
2023-04-26,124.74095153808594
2023-04-27,125.39442443847656
2023-04-28,126.46466827392578
2023-05-01,127.11817932128906
2023-05-02,126.56883239746094
2023-05-03,126.39836883544922
2023-05-04,125.39442443847656
2023-05-05,126.52147674560547
2023-05-08,126.2468490600586
2023-05-09,125.40391540527344
2023-05-10,125.75434875488281
2023-05-11,125.36602783203125
2023-05-12,125.19556427001953
2023-05-15,124.97772979736328
2023-05-16,123.93595123291016
2023-05-17,124.08747100830078
2023-05-18,123.78441619873047
2023-05-19,124.36212921142578
2023-05-22,124.4852523803711
2023-05-23,123.12144470214844
2023-05-24,122.27853393554688
2023-05-25,121.02838897705078
2023-05-26,120.78214263916016
2023-05-30,120.03392791748047
2023-05-31,121.06626892089844
2023-06-01,121.86181640625
2023-06-02,123.42451477050781
2023-06-05,123.86964416503906
2023-06-06,122.8373031616211
2023-06-07,122.35430145263672
2023-06-08,123.1404037475586
2023-06-09,123.51921844482422
2023-06-12,123.96436309814453
2023-06-13,124.58944702148438
2023-06-14,123.31084442138672
2023-06-15,125.2239990234375
2023-06-16,125.21451568603516
2023-06-20,125.07377624511719
2023-06-21,125.09278869628906
2023-06-22,125.94866943359375
2023-06-23,125.53022766113281
2023-06-26,124.81700134277344
2023-06-27,124.5317153930664
2023-06-28,124.13230895996094
2023-06-29,124.94061279296875
2023-06-30,126.22444152832031
2023-07-03,125.1878890991211
2023-07-05,125.12132263183594
2023-07-06,124.1227798461914
2023-07-07,122.67727661132812
2023-07-10,123.64730834960938
2023-07-11,123.67579650878906
2023-07-12,123.34295654296875
2023-07-13,123.39051055908203
2023-07-14,125.24492645263672
2023-07-17,124.67433166503906
2023-07-18,125.59681701660156
2023-07-19,126.1768798828125
2023-07-20,128.2690887451172
2023-07-21,129.5624237060547
2023-07-24,129.27713012695312
2023-07-25,129.22007751464844
2023-07-26,129.1344757080078
2023-07-27,128.18348693847656
2023-07-28,128.5638885498047
2023-07-31,127.57483673095703
2023-08-01,126.90918731689453
2023-08-02,126.99475860595703
2023-08-03,126.35759735107422
2023-08-04,125.91061401367188
2023-08-07,127.3656234741211
2023-08-08,128.3451385498047
2023-08-09,128.30709838867188
2023-08-10,128.22154235839844
2023-08-11,129.0203399658203
2023-08-14,129.41026306152344
2023-08-15,128.9347686767578
2023-08-16,127.95525360107422
2023-08-17,126.93769073486328
2023-08-18,126.98526000976562
2023-08-21,127.11840057373047
2023-08-22,126.67141723632812
2023-08-23,127.05183410644531
2023-08-24,125.94866943359375
2023-08-25,126.87113952636719
2023-08-28,127.16594696044922
2023-08-29,128.30709838867188
2023-08-30,128.21205139160156
2023-08-31,126.68093872070312
2023-09-01,127.02326965332031
2023-09-05,125.7109375
2023-09-06,125.02621459960938
2023-09-07,125.58728790283203
2023-09-08,125.58728790283203
2023-09-11,126.45268249511719
2023-09-12,126.29105377197266
2023-09-13,126.31005859375
2023-09-14,126.70947265625
2023-09-15,125.7109375
2023-09-18,125.51994323730469
2023-09-19,125.62498474121094
2023-09-20,125.63452911376953
2023-09-21,124.5363998413086
2023-09-22,124.27859497070312
2023-09-25,124.95655822753906
2023-09-26,123.8966293334961
2023-09-27,123.27596282958984
2023-09-28,123.86799621582031
2023-09-29,122.93218994140625
2023-10-02,122.76031494140625
2023-10-03,121.67173767089844
2023-10-04,122.18738555908203
2023-10-05,122.85581970214844
2023-10-06,124.14491271972656
2023-10-09,124.57461547851562
2023-10-10,125.16663360595703
2023-10-11,124.61280059814453
2023-10-12,123.5433349609375
2023-10-13,124.31681060791016
2023-10-16,125.2525863647461
2023-10-17,125.0806884765625
2023-10-18,123.99212646484375
2023-10-19,122.76986694335938
2023-10-20,122.2828598022461
2023-10-23,121.51897430419922
2023-10-24,121.89137268066406
2023-10-25,120.80281066894531
2023-10-26,119.60919189453125
2023-10-27,117.58482360839844
2023-10-30,118.24369812011719
2023-10-31,118.92167663574219
2023-11-01,119.16995239257812
2023-11-02,121.06062316894531
2023-11-03,121.66220092773438
2023-11-06,122.47384643554688
2023-11-07,122.55978393554688
2023-11-08,122.3879165649414
2023-11-09,119.85746002197266
2023-11-10,120.57361602783203
2023-11-13,121.27069854736328
2023-11-14,122.09190368652344
2023-11-15,122.18738555908203
2023-11-16,122.71257019042969
2023-11-17,122.46430969238281
2023-11-20,123.20912170410156
2023-11-21,123.95392608642578
2023-11-22,124.54593658447266
2023-11-24,125.21440124511719
2023-11-27,124.4313735961914
2023-11-28,123.7916030883789
2023-11-29,123.82978057861328
2023-11-30,125.38626098632812
2023-12-01,125.88280487060547
2023-12-04,126.12151336669922
2023-12-05,125.9592056274414
2023-12-06,126.0546875
2023-12-07,125.90189361572266
2023-12-08,126.11198425292969
2023-12-11,126.9427261352539
2023-12-12,127.48701477050781
2023-12-13,129.83602905273438
2023-12-14,129.20579528808594
2023-12-15,128.10769653320312
2023-12-18,128.31678771972656
2023-12-19,129.18002319335938
2023-12-20,127.30964660644531
2023-12-21,128.86351013183594
2023-12-22,129.5061492919922
2023-12-26,129.79388427734375
2023-12-27,130.3406219482422
2023-12-28,130.67633056640625
2023-12-29,130.8106231689453
2024-01-02,133.1125946044922
2024-01-03,132.89198303222656
2024-01-04,133.55381774902344
2024-01-05,133.43869018554688
2024-01-08,134.6184844970703
2024-01-09,134.59927368164062
2024-01-10,135.2131805419922
2024-01-11,135.11721801757812
2024-01-12,134.78152465820312
2024-01-16,133.97584533691406
2024-01-17,133.70729064941406
2024-01-18,133.6881103515625
2024-01-19,133.7648162841797
2024-01-22,134.34991455078125
2024-01-23,134.2540283203125
2024-01-24,133.0262908935547
2024-01-25,132.82485961914062
2024-01-26,133.58261108398438
2024-01-29,134.5225830078125
2024-01-30,134.82949829101562
2024-01-31,134.64727783203125
2024-02-01,136.39292907714844
2024-02-02,136.19154357910156
2024-02-05,136.61349487304688
2024-02-06,138.10023498535156
2024-02-07,138.4743194580078
2024-02-08,138.23452758789062
2024-02-09,138.12901306152344
2024-02-12,138.31124877929688
2024-02-13,137.02598571777344
2024-02-14,138.21531677246094
2024-02-15,139.2224578857422
2024-02-16,139.6732635498047
2024-02-20,139.2032928466797
2024-02-21,139.51023864746094
2024-02-22,141.15037536621094
2024-02-23,141.82180786132812
2024-02-26,141.09286499023438
2024-02-27,140.7475128173828
2024-02-28,140.04733276367188
2024-02-29,138.90594482421875
2024-03-01,140.36387634277344
2024-03-04,140.15284729003906
2024-03-05,139.1073455810547
2024-03-06,140.05694580078125
2024-03-07,140.7091522216797
2024-03-08,140.45018005371094
2024-03-11,140.3734588623047
2024-03-12,141.0256805419922
2024-03-13,140.47898864746094
2024-03-14,139.980224609375
2024-03-15,139.42388916015625
2024-03-18,139.4075469970703
2024-03-19,140.33164978027344
2024-03-20,140.0139923095703
2024-03-21,140.19688415527344
2024-03-22,140.00433349609375
2024-03-25,139.8118438720703
2024-03-26,140.32200622558594
2024-03-27,142.18951416015625
2024-03-28,142.2087860107422
2024-04-01,140.99586486816406
2024-04-02,138.80108642578125
2024-04-03,138.6470489501953
2024-04-04,136.644775390625
2024-04-05,137.86732482910156
2024-04-08,137.42449951171875
2024-04-09,137.91546630859375
2024-04-10,136.29824829101562
2024-04-11,135.73992919921875
2024-04-12,133.7183837890625
2024-04-15,133.4488983154297
2024-04-16,133.49697875976562
2024-04-17,133.2659454345703
2024-04-18,133.25634765625
2024-04-19,133.7569122314453
2024-04-22,134.26708984375
2024-04-23,136.01907348632812
2024-04-24,135.59552001953125
2024-04-25,134.690673828125
2024-04-26,134.72915649414062
2024-04-29,135.1815948486328
2024-04-30,135.0853271484375
2024-05-01,135.3260040283203
2024-05-02,135.22972106933594
2024-05-03,135.56666564941406
2024-05-06,136.11532592773438
2024-05-07,137.2416534423828
2024-05-08,136.76991271972656
2024-05-09,137.94435119628906
2024-05-10,138.22349548339844
2024-05-13,138.08871459960938
2024-05-14,138.67593383789062
2024-05-15,140.7359619140625
2024-05-16,140.57228088378906
2024-05-17,140.84181213378906
2024-05-20,140.54342651367188
2024-05-21,140.78407287597656
2024-05-22,141.0343475341797
2024-05-23,139.49415588378906
2024-05-24,139.02247619628906
2024-05-28,137.33786010742188
2024-05-29,136.2693634033203
2024-05-30,136.33673095703125
2024-05-31,138.32936096191406
2024-06-03,139.3016357421875
2024-06-04,139.70596313476562
2024-06-05,140.34127807617188
2024-06-06,140.8033447265625
2024-06-07,140.9573516845703
2024-06-10,141.47720336914062
2024-06-11,140.8899688720703
2024-06-12,140.591552734375
2024-06-13,140.4760284423828
2024-06-14,140.42791748046875
2024-06-17,140.28350830078125
2024-06-18,140.4664306640625
2024-06-20,140.92845153808594
2024-06-21,141.32315063476562
2024-06-24,142.14749145507812
2024-06-25,141.7029571533203
2024-06-26,141.200439453125
2024-06-27,140.96847534179688
2024-06-28,140.85252380371094
2024-07-01,140.06005859375
2024-07-02,139.54786682128906
2024-07-03,138.48486328125
2024-07-05,139.5575714111328
2024-07-08,139.40293884277344
2024-07-09,140.0793914794922
2024-07-10,141.40338134765625
2024-07-11,142.3987579345703
2024-07-12,143.28787231445312
2024-07-15,142.78533935546875
2024-07-16,144.8244171142578
2024-07-17,145.48155212402344
2024-07-18,142.17648315429688
2024-07-19,142.9012908935547
2024-07-22,143.7227325439453
2024-07-23,143.6357421875
2024-07-24,144.83407592773438
2024-07-25,144.10926818847656
2024-07-26,144.92105102539062
2024-07-29,145.00804138183594
2024-07-30,145.13365173339844
2024-07-31,144.60215759277344
2024-08-01,146.0807342529297
2024-08-02,145.7908172607422
2024-08-05,141.896240234375
2024-08-06,142.55337524414062
2024-08-07,141.10379028320312
2024-08-08,144.2252655029297
2024-08-09,144.9403839111328
2024-08-12,144.38955688476562
2024-08-13,146.13870239257812
2024-08-14,146.6605682373047
2024-08-15,147.57867431640625
2024-08-16,147.7332763671875
2024-08-19,148.63201904296875
2024-08-20,149.231201171875
2024-08-21,149.4824676513672
2024-08-22,149.57908630371094
2024-08-23,150.2265625
2024-08-26,150.14927673339844
2024-08-27,150.38121032714844
2024-08-28,150.5551300048828
2024-08-29,150.87403869628906
2024-08-30,151.9177703857422
2024-09-03,151.62786865234375
2024-09-04,151.366943359375
2024-09-05,149.28916931152344
2024-09-06,148.77696228027344
2024-09-09,149.82069396972656
2024-09-10,150.50682067871094
2024-09-11,150.0623016357422
2024-09-12,150.60345458984375
2024-09-13,150.91273498535156
2024-09-16,151.95643615722656
2024-09-17,150.390869140625
2024-09-18,150.1396026611328
2024-09-19,150.6807861328125
2024-09-20,150.0623016357422
2024-09-23,149.76837158203125
2024-09-24,149.46768188476562
2024-09-25,148.01266479492188
2024-09-26,148.5073699951172
2024-09-27,148.42977905273438
2024-09-30,149.39979553222656
2024-10-01,148.6140899658203
2024-10-02,148.31336975097656
2024-10-03,146.9747772216797
2024-10-04,147.0911865234375
2024-10-07,146.44125366210938
2024-10-08,147.23666381835938
2024-10-09,148.74017333984375
2024-10-10,148.18728637695312
2024-10-11,149.27366638183594
2024-10-14,150.0981903076172
2024-10-15,148.26487731933594
2024-10-16,148.68197631835938
2024-10-17,147.8186798095703
2024-10-18,148.5364990234375
2024-10-21,146.7904815673828
2024-10-22,146.57708740234375
2024-10-23,145.8883819580078
2024-10-24,144.9281005859375
2024-10-25,144.13265991210938
2024-10-28,144.3460693359375
2024-10-29,143.9483642578125
2024-10-30,143.6767578125
2024-10-31,142.4642333984375
2024-11-01,143.30819702148438
2024-11-04,142.3672637939453
2024-11-05,143.41485595703125
2024-11-06,143.59915161132812
2024-11-07,144.6370849609375
2024-11-08,145.6749725341797
2024-11-11,144.82138061523438
2024-11-12,142.8037872314453
2024-11-13,142.4254608154297
2024-11-14,140.1847686767578
2024-11-15,137.58514404296875
2024-11-18,137.68215942382812
2024-11-19,136.97406005859375
2024-11-20,138.59396362304688
2024-11-21,139.70944213867188
2024-11-22,139.83558654785156
2024-11-25,141.02865600585938
2024-11-26,141.78526306152344
2024-11-27,142.5418701171875
2024-11-29,142.9880828857422
2024-12-02,142.73587036132812
2024-12-03,142.41578674316406
2024-12-04,142.33816528320312
2024-12-05,140.7473602294922
2024-12-06,139.9519500732422
2024-12-09,140.35935974121094
2024-12-10,139.77734375
2024-12-11,137.87615966796875
2024-12-12,136.78005981445312
2024-12-13,136.7606658935547
2024-12-16,135.1310577392578
2024-12-17,135.03404235839844
2024-12-18,133.20077514648438
2024-12-19,132.19192504882812
2024-12-20,133.8603515625
2024-12-23,135.1972198486328
2024-12-24,135.75262451171875
2024-12-26,136.0254669189453
2024-12-27,135.39210510253906
2024-12-30,133.7258758544922
2024-12-31,134.0474395751953
2025-01-02,134.08639526367188
2025-01-03,135.40184020996094
2025-01-06,135.46029663085938
2025-01-07,136.13262939453125
2025-01-08,136.83419799804688
2025-01-10,136.06442260742188
2025-01-13,137.8378143310547
2025-01-14,136.4152069091797
2025-01-15,136.97064208984375
2025-01-16,137.51626586914062
2025-01-17,136.59059143066406
2025-01-21,138.8511962890625
2025-01-22,138.53936767578125
2025-01-23,140.39073181152344
2025-01-24,140.61485290527344
2025-01-27,143.77188110351562
2025-01-28,142.76828002929688
2025-01-29,141.93028259277344
2025-01-30,143.5672607421875
2025-01-31,143.1092987060547
2025-02-03,143.66470336914062
2025-02-04,143.27491760253906
2025-02-05,144.64883422851562
2025-02-06,143.35287475585938
2025-02-07,142.68055725097656
2025-02-10,142.5538787841797
2025-02-11,142.29078674316406
2025-02-12,142.08619689941406
2025-02-13,142.64157104492188
2025-02-14,141.09230041503906
2025-02-18,140.81947326660156
2025-02-19,142.6513214111328
2025-02-20,143.45033264160156
2025-02-21,142.68055725097656
2025-02-24,143.84007263183594
2025-02-25,145.0775604248047
2025-02-26,144.03497314453125
2025-02-27,143.45033264160156
2025-02-28,145.1165313720703
2025-03-03,145.74989318847656
2025-03-04,144.39549255371094
2025-03-05,145.84732055664062
2025-03-06,145.44786071777344
2025-03-07,145.4575958251953
2025-03-10,143.88880920410156
2025-03-11,142.3200225830078
2025-03-12,140.89743041992188
2025-03-13,140.14712524414062
2025-03-14,141.21896362304688
2025-03-17,143.01185607910156
2025-03-18,143.08006286621094
2025-03-19,143.1580047607422
2025-03-20,143.24569702148438
2025-03-21,142.84622192382812
2025-03-24,143.93685913085938
2025-03-25,142.09793090820312
2025-03-26,141.57948303222656
2025-03-27,141.80447387695312
2025-03-28,141.3643035888672
2025-03-31,142.82176208496094
2025-04-01,140.2100372314453
2025-04-02,141.14907836914062
2025-04-03,140.004638671875
2025-04-04,132.3260498046875
2025-04-07,131.53375244140625
2025-04-08,130.07627868652344
2025-04-09,135.7300567626953
2025-04-10,131.94456481933594
2025-04-11,133.88134765625
2025-04-14,135.51487731933594
2025-04-15,134.68344116210938
2025-04-16,133.31398010253906
2025-04-17,132.53146362304688
2025-04-21,129.67526245117188
2025-04-22,132.11087036132812
2025-04-23,132.7662353515625
2025-04-24,134.38998413085938
2025-04-25,135.0355682373047
2025-04-28,135.57354736328125
2025-04-29,136.2387237548828
2025-04-30,137.40272521972656
2025-05-01,133.65634155273438
2025-05-02,135.5050811767578
2025-05-05,135.1236114501953
2025-05-06,131.3968048095703
2025-05-07,132.40431213378906
2025-05-08,131.21095275878906
2025-05-09,129.78280639648438
2025-05-12,132.9912109375
2025-05-13,128.99050903320312
2025-05-14,125.95822143554688
2025-05-15,127.6113052368164
2025-05-16,130.1838836669922
2025-05-19,131.43589782714844
2025-05-20,131.7587127685547
2025-05-21,128.7068634033203
2025-05-22,127.6993408203125
2025-05-23,127.4939193725586
2025-05-27,129.274169921875
2025-05-28,128.60902404785156
2025-05-29,129.4698028564453
2025-05-30,129.7436981201172
2025-06-02,129.82196044921875
2025-06-03,130.1251678466797
2025-06-04,130.37948608398438
2025-06-05,130.2034454345703
2025-06-06,131.4457244873047
2025-06-09,131.22073364257812
2025-06-10,132.7173309326172
2025-06-11,132.78578186035156
2025-06-12,133.82264709472656
2025-06-13,133.1575164794922
2025-06-16,132.74667358398438
2025-06-17,130.5555877685547
2025-06-18,130.3306121826172
2025-06-20,129.70457458496094
2025-06-23,129.8913116455078
2025-06-24,131.48348999023438
2025-06-25,131.6014404296875
2025-06-26,131.9159393310547
2025-06-27,131.6309356689453
2025-06-30,132.47616577148438
2025-07-01,134.3632049560547
2025-07-02,133.036376953125
2025-07-03,133.17398071289062
2025-07-07,132.0535430908203
2025-07-08,132.653076171875
2025-07-09,133.16416931152344
2025-07-10,133.9799041748047
2025-07-11,132.8693084716797
2025-07-14,132.7120361328125
2025-07-15,130.3237762451172
2025-07-16,131.9454345703125
2025-07-17,130.4416961669922
2025-07-18,129.57679748535156
2025-07-21,128.83969116210938
2025-07-22,131.23779296875
2025-07-23,133.93075561523438
2025-07-24,133.42950439453125
2025-07-25,134.13714599609375
2025-07-28,132.96759033203125
2025-07-29,132.12234497070312
2025-07-30,131.88645935058594
2025-07-31,128.19100952148438
2025-08-01,128.87901306152344
2025-08-04,130.72671508789062
2025-08-05,130.22547912597656
2025-08-06,128.26963806152344
2025-08-07,126.79537963867188
2025-08-08,127.92564392089844
2025-08-11,128.05340576171875
2025-08-12,128.93795776367188
2025-08-13,131.0019073486328
2025-08-14,131.66041564941406
2025-08-15,133.8717803955078
2025-08-18,133.55728149414062
2025-08-19,134.41233825683594
2025-08-20,135.1396484375
2025-08-21,134.6875457763672
2025-08-22,135.7981414794922
2025-08-25,133.86195373535156
2025-08-26,134.69737243652344
2025-08-27,134.61874389648438
2025-08-28,134.08799743652344
2025-08-29,135.0708465576172
2025-09-02,135.1986083984375
2025-09-03,134.5597686767578
2025-09-04,135.0708465576172
2025-09-05,135.53277587890625
2025-09-08,135.48365783691406
2025-09-09,136.2109375
2025-09-10,134.97256469726562
2025-09-11,137.32154846191406
2025-09-12,135.73916625976562
2025-09-15,134.5794219970703
2025-09-16,134.5794219970703
2025-09-17,134.8448028564453
2025-09-18,135.1101531982422
2025-09-19,134.93324279785156
2025-09-22,134.89869689941406
2025-09-23,135.20477294921875
2025-09-24,134.6617431640625
2025-09-25,132.43038940429688
2025-09-26,133.7830047607422
2025-09-29,134.1779327392578
2025-09-30,137.40650939941406
2025-10-01,141.6520233154297
2025-10-02,141.3755645751953
2025-10-03,142.98492431640625
2025-10-06,142.29379272460938
2025-10-07,142.4023895263672
2025-10-08,142.6788330078125
2025-10-09,142.3629150390625
2025-10-10,140.30926513671875
2025-10-13,140.15127563476562
2025-10-14,140.5363311767578
2025-10-15,140.75355529785156
2025-10-16,140.5166015625
2025-10-17,141.45455932617188
2025-10-20,142.95529174804688
2025-10-21,143.29100036621094
2025-10-22,144.1104736328125
2025-10-23,144.189453125
2025-10-24,144.17958068847656
2025-10-27,144.51527404785156
2025-10-28,143.60691833496094
2025-10-29,142.1555633544922
2025-10-30,142.4715118408203
2025-10-31,142.42213439941406
2025-11-03,142.61959838867188
2025-11-04,143.26138305664062
2025-11-05,143.8142852783203
2025-11-06,144.09071350097656
2025-11-07,144.28819274902344
2025-11-10,145.41372680664062
2025-11-11,148.77064514160156
2025-11-12,150.88356018066406
2025-11-13,150.8045654296875
2025-11-14,149.90609741210938
2025-11-17,149.77774047851562
2025-11-18,150.6564483642578
2025-11-19,150.39974975585938
2025-11-20,149.50128173828125
2025-11-21,152.65086364746094
2025-11-24,153.29261779785156
2025-11-25,156.75814819335938
2025-11-26,156.41259765625
2025-11-28,155.65232849121094
2025-12-01,153.32223510742188
2025-12-02,152.40402221679688
2025-12-03,153.1149139404297
2025-12-04,151.94984436035156
2025-12-05,151.31796264648438
2025-12-08,149.5111541748047
2025-12-09,148.05979919433594
2025-12-10,150.212158203125
2025-12-11,151.63392639160156
2025-12-12,152.10781860351562
2025-12-15,154.12197875976562
2025-12-16,152.1177215576172
2025-12-17,151.8412322998047
2025-12-18,151.95973205566406
2025-12-19,152.9766845703125
2025-12-22,153.98507690429688
2025-12-23,153.67770385742188
2025-12-24,154.4808349609375
2025-12-26,154.72872924804688
2025-12-29,154.49075317382812
2025-12-30,154.36184692382812
2025-12-31,153.4893035888672
