Date,XLY
2015-01-02,31.5737361907959
2015-01-05,30.969850540161133
2015-01-06,30.66130256652832
2015-01-07,31.146169662475586
2015-01-08,31.613401412963867
2015-01-09,31.24756622314453
2015-01-12,31.08005142211914
2015-01-13,31.08005142211914
2015-01-14,30.70538330078125
2015-01-15,30.30867576599121
2015-01-16,30.709794998168945
2015-01-20,30.533456802368164
2015-01-21,30.731836318969727
2015-01-22,31.309267044067383
2015-01-23,31.26517677307129
2015-01-26,31.428272247314453
2015-01-27,31.17702865600586
2015-01-28,30.77149772644043
2015-01-29,31.19025421142578
2015-01-30,30.850839614868164
2015-02-02,31.1285343170166
2015-02-03,31.789730072021484
2015-02-04,32.00129318237305
2015-02-05,32.199649810791016
2015-02-06,32.15117263793945
2015-02-09,32.027748107910156
2015-02-10,32.4200439453125
2015-02-11,32.428863525390625
2015-02-12,32.81236267089844
2015-02-13,33.010711669921875
2015-02-17,32.93577194213867
2015-02-18,32.91815185546875
2015-02-19,33.0195198059082
2015-02-20,33.253143310546875
2015-02-23,33.2222900390625
2015-02-24,33.38097381591797
2015-02-25,33.636627197265625
2015-02-26,33.53083419799805
2015-02-27,33.486759185791016
2015-03-02,33.887882232666016
2015-03-03,33.795310974121094
2015-03-04,33.61900329589844
2015-03-05,33.64104461669922
2015-03-06,33.23991394042969
2015-03-09,33.4294548034668
2015-03-10,32.90932846069336
2015-03-11,32.72859573364258
2015-03-12,33.394203186035156
2015-03-13,33.12972640991211
2015-03-16,33.517616271972656
2015-03-17,33.33248519897461
2015-03-18,33.627811431884766
2015-03-19,33.57933044433594
2015-03-20,33.95304489135742
2015-03-23,33.89555358886719
2015-03-24,33.718650817871094
2015-03-25,33.170230865478516
2015-03-26,32.96236038208008
2015-03-27,33.13042068481445
2015-03-30,33.470970153808594
2015-03-31,33.325016021728516
2015-04-01,33.179073333740234
2015-04-02,33.475399017333984
2015-04-06,33.63460159301758
2015-04-07,33.448856353759766
2015-04-08,33.76287078857422
2015-04-09,33.7938346862793
2015-04-10,33.9088134765625
2015-04-13,33.72306442260742
2015-04-14,33.70537567138672
2015-04-15,33.70537567138672
2015-04-16,33.77172088623047
2015-04-17,33.271942138671875
2015-04-20,33.639041900634766
2015-04-21,33.674442291259766
2015-04-22,33.70537567138672
2015-04-23,33.873443603515625
2015-04-24,34.333396911621094
2015-04-27,34.03265380859375
2015-04-28,33.913238525390625
2015-04-29,33.68328094482422
2015-04-30,33.30733871459961
2015-05-01,33.76728439331055
2015-05-04,33.83806228637695
2015-05-05,33.4842414855957
2015-05-06,33.34714126586914
2015-05-07,33.51962661743164
2015-05-08,33.87784957885742
2015-05-11,33.72749710083008
2015-05-12,33.66556930541992
2015-05-13,33.453277587890625
2015-05-14,33.60365295410156
2015-05-15,33.873443603515625
2015-05-18,34.001708984375
2015-05-19,33.99284744262695
2015-05-20,33.95304489135742
2015-05-21,34.08573532104492
2015-05-22,34.028228759765625
2015-05-26,33.78498458862305
2015-05-27,34.037078857421875
2015-05-28,33.97957992553711
2015-05-29,33.745174407958984
2015-06-01,33.84246826171875
2015-06-02,33.917667388916016
2015-06-03,34.18302536010742
2015-06-04,33.93976974487305
2015-06-05,33.84246826171875
2015-06-08,33.60365295410156
2015-06-09,33.568275451660156
2015-06-10,33.913238525390625
2015-06-11,34.028228759765625
2015-06-12,33.873443603515625
2015-06-15,33.71421432495117
2015-06-16,33.917667388916016
2015-06-17,34.07245635986328
2015-06-18,34.4837760925293
2015-06-19,34.36265563964844
2015-06-22,34.55343246459961
2015-06-23,34.690956115722656
2015-06-24,34.45137405395508
2015-06-25,34.42475891113281
2015-06-26,34.56230926513672
2015-06-29,33.781455993652344
2015-06-30,33.932281494140625
2015-07-01,34.31827163696289
2015-07-02,34.2517204284668
2015-07-06,34.18516540527344
2015-07-07,34.48244857788086
2015-07-08,33.8258056640625
2015-07-09,33.9677734375
2015-07-10,34.46025848388672
2015-07-13,34.9571647644043
2015-07-14,35.00154113769531
2015-07-15,34.96604919433594
2015-07-16,35.17900466918945
2015-07-17,35.11690139770508
2015-07-20,35.13462448120117
2015-07-21,35.02372360229492
2015-07-22,35.19232177734375
2015-07-23,34.98377990722656
2015-07-24,34.98377990722656
2015-07-27,34.72203063964844
2015-07-28,34.99267578125
2015-07-29,35.35204315185547
2015-07-30,35.48069763183594
2015-07-31,35.59162902832031
2015-08-03,35.47182846069336
2015-08-04,35.622684478759766
2015-08-05,35.236690521240234
2015-08-06,34.75749969482422
2015-08-07,34.73089599609375
2015-08-10,35.010406494140625
2015-08-11,34.69538879394531
2015-08-12,34.544551849365234
2015-08-13,34.744205474853516
2015-08-14,34.766380310058594
2015-08-17,35.09914779663086
2015-08-18,35.130210876464844
2015-08-19,35.068077087402344
2015-08-20,34.083126068115234
2015-08-21,32.99168395996094
2015-08-24,31.673980712890625
2015-08-25,31.545299530029297
2015-08-26,32.74324035644531
2015-08-27,33.51079559326172
2015-08-28,33.52409362792969
2015-08-31,33.26677703857422
2015-09-01,32.423789978027344
2015-09-02,33.10704803466797
2015-09-03,33.12034606933594
2015-09-04,32.765411376953125
2015-09-08,33.52409362792969
2015-09-09,33.164710998535156
2015-09-10,33.25788879394531
2015-09-11,33.506343841552734
2015-09-14,33.328880310058594
2015-09-15,33.67939376831055
2015-09-16,34.060943603515625
2015-09-17,34.149681091308594
2015-09-18,33.60593032836914
2015-09-21,33.899837493896484
2015-09-22,33.45003890991211
2015-09-23,33.36096954345703
2015-09-24,33.27190399169922
2015-09-25,33.26744079589844
2015-09-28,32.30995559692383
2015-09-29,32.203067779541016
2015-09-30,33.07150650024414
2015-10-01,33.31643295288086
2015-10-02,33.79294967651367
2015-10-05,34.291748046875
2015-10-06,34.037899017333984
2015-10-07,34.15369415283203
2015-10-08,34.57231140136719
2015-10-09,34.61240768432617
2015-10-12,34.77716827392578
2015-10-13,34.59013366699219
2015-10-14,34.23831558227539
2015-10-15,34.683658599853516
2015-10-16,34.86623764038086
2015-10-19,35.031036376953125
2015-10-20,34.986488342285156
2015-10-21,34.83061981201172
2015-10-22,35.2893180847168
2015-10-23,35.4630126953125
2015-10-26,35.7123908996582
2015-10-27,35.54317092895508
2015-10-28,35.88164138793945
2015-10-29,35.98406982421875
2015-10-30,36.059776306152344
2015-11-02,36.224552154541016
2015-11-03,36.36260986328125
2015-11-04,36.126583099365234
2015-11-05,36.255733489990234
2015-11-06,36.26018524169922
2015-11-09,35.76139450073242
2015-11-10,36.09986114501953
2015-11-11,35.88609313964844
2015-11-12,35.55208206176758
2015-11-13,34.61686325073242
2015-11-16,35.03547668457031
2015-11-17,35.10227966308594
2015-11-18,35.70349884033203
2015-11-19,35.74803161621094
2015-11-20,36.175575256347656
2015-11-23,36.30916976928711
2015-11-24,36.23345184326172
2015-11-25,36.41605758666992
2015-11-27,36.282447814941406
2015-11-30,35.975162506103516
2015-12-01,36.34480285644531
2015-12-02,36.02859878540039
2015-12-03,35.48527908325195
2015-12-04,36.17111587524414
2015-12-07,36.019683837890625
2015-12-08,35.912811279296875
2015-12-09,35.4541130065918
2015-12-10,35.574344635009766
2015-12-11,34.76382064819336
2015-12-14,34.94195556640625
2015-12-15,35.13345718383789
2015-12-16,35.72130584716797
2015-12-17,35.13345718383789
2015-12-18,34.5811653137207
2015-12-21,34.75558853149414
2015-12-22,35.010467529296875
2015-12-23,35.18935012817383
2015-12-24,35.09544372558594
2015-12-28,35.18487548828125
2015-12-29,35.59182357788086
2015-12-30,35.30561828613281
2015-12-31,34.952335357666016
2016-01-04,34.35310363769531
2016-01-05,34.30839157104492
2016-01-06,33.97298812866211
2016-01-07,33.27538299560547
2016-01-08,32.91762161254883
2016-01-11,33.176998138427734
2016-01-12,33.54369354248047
2016-01-13,32.412296295166016
2016-01-14,32.64482879638672
2016-01-15,31.974058151245117
2016-01-19,32.09479904174805
2016-01-20,31.813072204589844
2016-01-21,32.22001266479492
2016-01-22,32.783485412597656
2016-01-25,32.4078254699707
2016-01-26,32.881858825683594
2016-01-27,32.367591857910156
2016-01-28,32.783485412597656
2016-01-29,33.1412239074707
2016-02-01,33.34245681762695
2016-02-02,32.69404602050781
2016-02-03,32.60906219482422
2016-02-04,32.42124938964844
2016-02-05,31.37482452392578
2016-02-08,30.766643524169922
2016-02-09,30.717451095581055
2016-02-10,30.66378402709961
2016-02-11,30.64589500427246
2016-02-12,31.209373474121094
2016-02-16,31.965112686157227
2016-02-17,32.653785705566406
2016-02-18,32.43913650512695
2016-02-19,32.52857208251953
2016-02-22,33.159114837646484
2016-02-23,32.97576904296875
2016-02-24,33.168052673339844
2016-02-25,33.49897003173828
2016-02-26,33.46320343017578
2016-02-29,33.28879928588867
2016-03-01,34.16976547241211
2016-03-02,34.138458251953125
2016-03-03,34.339683532714844
2016-03-04,34.30839157104492
2016-03-07,34.16081619262695
2016-03-08,33.89250564575195
2016-03-09,33.959571838378906
2016-03-10,34.04453659057617
2016-03-11,34.56776809692383
2016-03-14,34.69744110107422
2016-03-15,34.688507080078125
2016-03-16,34.970218658447266
2016-03-17,35.0194206237793
2016-03-18,35.06475830078125
2016-03-21,35.08272933959961
2016-03-22,35.02436447143555
2016-03-23,34.77739715576172
2016-03-24,34.822288513183594
2016-03-28,34.97947692871094
2016-03-29,35.33419418334961
2016-03-30,35.55869674682617
2016-03-31,35.51829528808594
2016-04-01,35.666473388671875
2016-04-04,35.388065338134766
2016-04-05,35.08721923828125
2016-04-06,35.419498443603516
2016-04-07,35.019866943359375
2016-04-08,34.96598815917969
2016-04-11,34.83576583862305
2016-04-12,35.1006965637207
2016-04-13,35.594627380371094
2016-04-14,35.594627380371094
2016-04-15,35.69340515136719
2016-04-18,36.030189514160156
2016-04-19,35.832618713378906
2016-04-20,35.87752151489258
2016-04-21,35.75178909301758
2016-04-22,35.67993927001953
2016-04-25,35.720367431640625
2016-04-26,35.805667877197266
2016-04-27,35.769752502441406
2016-04-28,35.383583068847656
2016-04-29,35.56319046020508
2016-05-02,36.06161880493164
2016-05-03,35.72934341430664
2016-05-04,35.56769561767578
2016-05-05,35.338680267333984
2016-05-06,35.59912109375
2016-05-09,35.69790267944336
2016-05-10,36.15591812133789
2016-05-11,35.4284782409668
2016-05-12,35.49584197998047
2016-05-13,35.073753356933594
2016-05-16,35.29378128051758
2016-05-17,34.894142150878906
2016-05-18,34.69208908081055
2016-05-19,34.66063690185547
2016-05-20,34.8896484375
2016-05-23,34.76840591430664
2016-05-24,35.18600845336914
2016-05-25,35.37909698486328
2016-05-26,35.45093536376953
2016-05-27,35.61708450317383
2016-05-31,35.581153869628906
2016-06-01,35.55869674682617
2016-06-02,35.75627899169922
2016-06-03,35.52278137207031
2016-06-06,35.61259078979492
2016-06-07,35.657501220703125
2016-06-08,35.69790267944336
2016-06-09,35.61708450317383
2016-06-10,35.24437713623047
2016-06-13,35.05131530761719
2016-06-14,34.961490631103516
2016-06-15,35.06028747558594
2016-06-16,35.17252731323242
2016-06-17,35.117122650146484
2016-06-20,35.43254852294922
2016-06-21,35.3514289855957
2016-06-22,35.3018684387207
2016-06-23,35.64884567260742
2016-06-24,34.32402038574219
2016-06-27,33.693145751953125
2016-06-28,34.36457443237305
2016-06-29,34.918827056884766
2016-06-30,35.17568588256836
2016-07-01,35.54069900512695
2016-07-05,35.25231170654297
2016-07-06,35.554229736328125
2016-07-07,35.707427978515625
2016-07-08,36.329280853271484
2016-07-11,36.54109191894531
2016-07-12,36.685279846191406
2016-07-13,36.505035400390625
2016-07-14,36.65373229980469
2016-07-15,36.49150848388672
2016-07-18,36.63120651245117
2016-07-19,36.563621520996094
2016-07-20,36.71683120727539
2016-07-21,36.6176872253418
2016-07-22,36.77090072631836
2016-07-25,36.82948303222656
2016-07-26,36.7844123840332
2016-07-27,36.67176055908203
2016-07-28,36.73935317993164
2016-07-29,36.7798957824707
2016-08-01,36.8385009765625
2016-08-02,36.28874206542969
2016-08-03,36.39238357543945
2016-08-04,36.37434005737305
2016-08-05,36.757389068603516
2016-08-08,36.63571548461914
2016-08-09,36.52756881713867
2016-08-10,36.60417938232422
2016-08-11,36.969181060791016
2016-08-12,36.95115661621094
2016-08-15,37.02326583862305
2016-08-16,36.811466217041016
2016-08-17,36.725833892822266
2016-08-18,36.703311920166016
2016-08-19,36.725833892822266
2016-08-22,36.689796447753906
2016-08-23,36.87454605102539
2016-08-24,36.698795318603516
2016-08-25,36.57713317871094
2016-08-26,36.473487854003906
2016-08-29,36.599666595458984
2016-08-30,36.396873474121094
2016-08-31,36.302249908447266
2016-09-01,36.37434005737305
2016-09-02,36.446449279785156
2016-09-06,36.514041900634766
2016-09-07,36.53207778930664
2016-09-08,36.216644287109375
2016-09-09,35.3424186706543
2016-09-12,35.838111877441406
2016-09-13,35.32889938354492
2016-09-14,35.33341598510742
2016-09-15,35.59027862548828
2016-09-16,35.513362884521484
2016-09-19,35.48622512817383
2016-09-20,35.513362884521484
2016-09-21,35.857147216796875
2016-09-22,36.1195068359375
2016-09-23,36.03807830810547
2016-09-26,35.64003372192383
2016-09-27,36.00189971923828
2016-09-28,36.101409912109375
2016-09-29,35.915958404541016
2016-09-30,36.205440521240234
2016-10-03,36.182838439941406
2016-10-04,36.05617904663086
2016-10-05,36.205440521240234
2016-10-06,36.23258590698242
2016-10-07,36.06975173950195
2016-10-10,36.12856674194336
2016-10-11,35.689781188964844
2016-10-12,35.857147216796875
2016-10-13,35.72596740722656
2016-10-14,35.685264587402344
2016-10-17,35.391239166259766
2016-10-18,35.626468658447266
2016-10-19,35.784767150878906
2016-10-20,35.71692657470703
2016-10-21,36.00189971923828
2016-10-24,36.25973129272461
2016-10-25,35.834529876708984
2016-10-26,35.68074417114258
2016-10-27,35.382198333740234
2016-10-28,35.30076217651367
2016-10-31,35.327903747558594
2016-11-01,35.07912063598633
2016-11-02,34.86652374267578
2016-11-03,34.77604675292969
2016-11-04,34.708213806152344
2016-11-07,35.50883865356445
2016-11-08,35.65359878540039
2016-11-09,35.72596740722656
2016-11-10,35.857147216796875
2016-11-11,36.06070327758789
2016-11-14,36.06523513793945
2016-11-15,36.205440521240234
2016-11-16,36.40449142456055
2016-11-17,36.843265533447266
2016-11-18,36.73017120361328
2016-11-21,36.969905853271484
2016-11-22,37.4086799621582
2016-11-23,37.44487762451172
2016-11-25,37.53533935546875
2016-11-28,37.236793518066406
2016-11-29,37.33631896972656
2016-11-30,37.024200439453125
2016-12-01,37.04228210449219
2016-12-02,36.8387336730957
2016-12-05,37.241310119628906
2016-12-06,37.32725524902344
2016-12-07,38.051002502441406
2016-12-08,38.051002502441406
2016-12-09,38.1369514465332
2016-12-12,37.82030487060547
2016-12-13,38.15958023071289
2016-12-14,37.90174102783203
2016-12-15,37.81126403808594
2016-12-16,37.62562561035156
2016-12-19,37.72572326660156
2016-12-20,38.02605438232422
2016-12-21,38.00782012939453
2016-12-22,37.59831237792969
2016-12-23,37.51641082763672
2016-12-27,37.66201400756836
2016-12-28,37.40266418457031
2016-12-29,37.35261154174805
2016-12-30,37.03864288330078
2017-01-03,37.25706100463867
2017-01-04,37.75302505493164
2017-01-05,37.72572326660156
2017-01-06,37.91227722167969
2017-01-09,37.880428314208984
2017-01-10,38.016944885253906
2017-01-11,38.09884262084961
2017-01-12,38.06243896484375
2017-01-13,38.2034912109375
2017-01-17,38.26719665527344
2017-01-18,38.19894790649414
2017-01-19,38.080650329589844
2017-01-20,38.189849853515625
2017-01-23,38.2171516418457
2017-01-24,38.53111267089844
2017-01-25,38.76772689819336
2017-01-26,38.82686996459961
2017-01-27,38.70402908325195
2017-01-30,38.65851974487305
2017-01-31,38.599361419677734
2017-02-01,38.526554107666016
2017-02-02,38.49470901489258
2017-02-03,38.44464874267578
2017-02-06,38.33090591430664
2017-02-07,38.294498443603516
2017-02-08,38.53111267089844
2017-02-09,38.77227020263672
2017-02-10,39.008888244628906
2017-02-13,39.054386138916016
2017-02-14,39.2773323059082
2017-02-15,39.48208999633789
2017-02-16,39.281898498535156
2017-02-17,39.409305572509766
2017-02-21,39.63679504394531
2017-02-22,39.63679504394531
2017-02-23,39.368343353271484
2017-02-24,39.55034637451172
2017-02-27,39.59585952758789
2017-02-28,39.30009841918945
2017-03-01,39.741455078125
2017-03-02,39.64590835571289
2017-03-03,39.586753845214844
2017-03-06,39.459346771240234
2017-03-07,39.33195114135742
2017-03-08,39.495758056640625
2017-03-09,39.459346771240234
2017-03-10,39.518516540527344
2017-03-13,39.62316131591797
2017-03-14,39.61405944824219
2017-03-15,39.823360443115234
2017-03-16,39.81881332397461
2017-03-17,39.86947250366211
2017-03-20,39.77362823486328
2017-03-21,39.27161407470703
2017-03-22,39.3172607421875
2017-03-23,39.40852355957031
2017-03-24,39.50436019897461
2017-03-27,39.49067306518555
2017-03-28,39.79188919067383
2017-03-29,40.029205322265625
2017-03-30,40.134178161621094
2017-03-31,40.138729095458984
2017-04-03,39.97900390625
2017-04-04,39.915103912353516
2017-04-05,39.819271087646484
2017-04-06,39.9424934387207
2017-04-07,39.82383728027344
2017-04-10,39.96989059448242
2017-04-11,39.937931060791016
2017-04-12,39.77820587158203
2017-04-13,39.49980545043945
2017-04-17,39.9059944152832
2017-04-18,39.910545349121094
2017-04-19,39.94705581665039
2017-04-20,40.36692810058594
2017-04-21,40.27566909790039
2017-04-24,40.53578186035156
2017-04-25,40.855255126953125
2017-04-26,41.046939849853516
2017-04-27,41.265995025634766
2017-04-28,41.10170364379883
2017-05-01,41.156471252441406
2017-05-02,41.202110290527344
2017-05-03,40.960205078125
2017-05-04,40.89633560180664
2017-05-05,41.15190887451172
2017-05-08,41.2294807434082
2017-05-09,41.46681213378906
2017-05-10,41.32533645629883
2017-05-11,41.07889175415039
2017-05-12,41.01955032348633
2017-05-15,41.0286865234375
2017-05-16,40.887203216552734
2017-05-17,40.22544860839844
2017-05-18,40.458213806152344
2017-05-19,40.73204040527344
2017-05-22,40.93739318847656
2017-05-23,40.7822265625
2017-05-24,40.92827224731445
2017-05-25,41.2888298034668
2017-05-26,41.412052154541016
2017-05-30,41.44399642944336
2017-05-31,41.55352020263672
2017-06-01,41.94599914550781
2017-06-02,42.096622467041016
2017-06-05,41.982521057128906
2017-06-06,41.62196731567383
2017-06-07,41.69499969482422
2017-06-08,41.425743103027344
2017-06-09,41.24318313598633
2017-06-12,41.2203483581543
2017-06-13,41.475929260253906
2017-06-14,41.45310974121094
2017-06-15,41.27969741821289
2017-06-16,41.268253326416016
2017-06-19,41.58412551879883
2017-06-20,41.06224060058594
2017-06-21,41.1263427734375
2017-06-22,41.03019714355469
2017-06-23,40.97984313964844
2017-06-26,41.1263427734375
2017-06-27,40.80132293701172
2017-06-28,41.21331787109375
2017-06-29,40.815059661865234
2017-06-30,41.03019714355469
2017-07-03,40.98899841308594
2017-07-05,40.888301849365234
2017-07-06,40.47172927856445
2017-07-07,40.833370208740234
2017-07-10,40.92034149169922
2017-07-11,40.83794403076172
2017-07-12,41.149227142333984
2017-07-13,41.153812408447266
2017-07-14,41.286563873291016
2017-07-17,41.387271881103516
2017-07-18,41.57495880126953
2017-07-19,41.77637481689453
2017-07-20,41.689395904541016
2017-07-21,41.71685791015625
2017-07-24,41.57495880126953
2017-07-25,41.86792755126953
2017-07-26,41.8496208190918
2017-07-27,42.15632629394531
2017-07-28,41.83588409423828
2017-07-31,41.8221549987793
2017-08-01,41.89540100097656
2017-08-02,41.78095245361328
2017-08-03,41.66650390625
2017-08-04,41.67109298706055
2017-08-07,41.76721954345703
2017-08-08,41.790122985839844
2017-08-09,41.5474967956543
2017-08-10,40.92491912841797
2017-08-11,41.135501861572266
2017-08-14,41.428462982177734
2017-08-15,41.048526763916016
2017-08-16,41.25909423828125
2017-08-17,40.59990692138672
2017-08-18,40.398494720458984
2017-08-21,40.47172927856445
2017-08-22,40.90660095214844
2017-08-23,40.55869674682617
2017-08-24,40.47172927856445
2017-08-25,40.57243347167969
2017-08-28,40.595314025878906
2017-08-29,40.55869674682617
2017-08-30,40.851661682128906
2017-08-31,41.0439338684082
2017-09-01,41.23162841796875
2017-09-05,41.06224060058594
2017-09-06,41.31861114501953
2017-09-07,40.961551666259766
2017-09-08,40.81962203979492
2017-09-11,41.03478240966797
2017-09-12,41.217899322509766
2017-09-13,41.515438079833984
2017-09-14,41.291133880615234
2017-09-15,41.17536926269531
2017-09-18,41.032958984375
2017-09-19,40.99618911743164
2017-09-20,41.134033203125
2017-09-21,41.06510925292969
2017-09-22,41.134033203125
2017-09-25,41.04674530029297
2017-09-26,41.05133056640625
2017-09-27,41.27644348144531
2017-09-28,41.22591018676758
2017-09-29,41.382102966308594
2017-10-02,41.46018981933594
2017-10-03,41.634769439697266
2017-10-04,41.85066604614258
2017-10-05,42.084957122802734
2017-10-06,42.135494232177734
2017-10-09,42.00227737426758
2017-10-10,41.96092987060547
2017-10-11,41.9838981628418
2017-10-12,41.703670501708984
2017-10-13,41.90580749511719
2017-10-16,41.96092987060547
2017-10-17,41.9838981628418
2017-10-18,41.86905288696289
2017-10-19,41.86905288696289
2017-10-20,41.97011947631836
2017-10-23,41.685306549072266
2017-10-24,41.78636932373047
2017-10-25,41.625587463378906
2017-10-26,41.7725830078125
2017-10-27,42.447898864746094
2017-10-30,42.254940032958984
2017-10-31,42.25952911376953
2017-11-01,42.2733154296875
2017-11-02,41.95632553100586
2017-11-03,42.12631607055664
2017-11-06,42.43410873413086
2017-11-07,42.181453704833984
2017-11-08,42.227378845214844
2017-11-09,42.29170227050781
2017-11-10,42.43410873413086
2017-11-13,42.57651138305664
2017-11-14,42.61326217651367
2017-11-15,42.42951965332031
2017-11-16,42.78324508666992
2017-11-17,42.97160339355469
2017-11-20,43.054290771484375
2017-11-21,43.32073974609375
2017-11-22,43.362064361572266
2017-11-24,43.47233581542969
2017-11-27,43.50450134277344
2017-11-28,43.986854553222656
2017-11-29,44.175201416015625
2017-11-30,44.400325775146484
2017-12-01,44.38192367553711
2017-12-04,44.89645767211914
2017-12-05,44.639198303222656
2017-12-06,44.34978485107422
2017-12-07,44.46462631225586
2017-12-08,44.67594528198242
2017-12-11,44.772422790527344
2017-12-12,44.790802001953125
2017-12-13,44.82754898071289
2017-12-14,44.965354919433594
2017-12-15,45.15987777709961
2017-12-18,45.56553268432617
2017-12-19,45.505611419677734
2017-12-20,45.418006896972656
2017-12-21,45.71303939819336
2017-12-22,45.625457763671875
2017-12-26,45.72686004638672
2017-12-27,45.634681701660156
2017-12-28,45.759117126464844
2017-12-29,45.49177551269531
2018-01-02,46.18320083618164
2018-01-03,46.39525604248047
2018-01-04,46.54736328125
2018-01-05,46.91613006591797
2018-01-08,46.9714469909668
2018-01-09,47.063636779785156
2018-01-10,47.03136444091797
2018-01-11,47.79655075073242
2018-01-12,48.41423416137695
2018-01-16,48.068504333496094
2018-01-17,48.29900360107422
2018-01-18,48.25751876831055
2018-01-19,48.67698287963867
2018-01-22,49.2162971496582
2018-01-23,49.63115692138672
2018-01-24,49.84320068359375
2018-01-25,49.755615234375
2018-01-26,50.244224548339844
2018-01-29,50.1059455871582
2018-01-30,49.85702133178711
2018-01-31,49.69569396972656
2018-02-01,49.14255142211914
2018-02-02,48.672359466552734
2018-02-05,47.03136444091797
2018-02-06,48.234474182128906
2018-02-07,48.08696365356445
2018-02-08,46.169376373291016
2018-02-09,46.47822952270508
2018-02-12,47.109745025634766
2018-02-13,47.354042053222656
2018-02-14,48.11001205444336
2018-02-15,48.53870391845703
2018-02-16,48.3036003112793
2018-02-20,48.15610885620117
2018-02-21,48.08696365356445
2018-02-22,48.14687728881836
2018-02-23,48.81986618041992
2018-02-26,49.23012924194336
2018-02-27,48.1883544921875
2018-02-28,47.97173309326172
2018-03-01,47.4554443359375
2018-03-02,47.50154113769531
2018-03-05,48.068504333496094
2018-03-06,48.40040969848633
2018-03-07,48.07313537597656
2018-03-08,48.225250244140625
2018-03-09,48.971988677978516
2018-03-12,49.133331298828125
2018-03-13,48.787601470947266
2018-03-14,48.727684020996094
2018-03-15,48.67698287963867
2018-03-16,48.62614440917969
2018-03-19,48.02049255371094
2018-03-20,48.3071174621582
2018-03-21,48.2701530456543
2018-03-22,47.24380874633789
2018-03-23,46.31455993652344
2018-03-26,47.683006286621094
2018-03-27,46.749141693115234
2018-03-28,46.18048858642578
2018-03-29,46.82771682739258
2018-04-02,45.50551223754883
2018-04-03,46.08340072631836
2018-04-04,46.929420471191406
2018-04-05,47.55818176269531
2018-04-06,46.54571533203125
2018-04-09,46.43476867675781
2018-04-10,46.99879455566406
2018-04-11,46.85546112060547
2018-04-12,47.05887985229492
2018-04-13,46.79535675048828
2018-04-16,47.1467170715332
2018-04-17,48.02511215209961
2018-04-18,48.25166320800781
2018-04-19,48.09909439086914
2018-04-20,47.609046936035156
2018-04-23,47.71073913574219
2018-04-24,46.95717239379883
2018-04-25,47.151336669921875
2018-04-26,47.91415786743164
2018-04-27,48.13144302368164
2018-04-30,47.941898345947266
2018-05-01,48.006629943847656
2018-05-02,47.678375244140625
2018-05-03,47.46572494506836
2018-05-04,48.08982467651367
2018-05-07,48.25166320800781
2018-05-08,48.048240661621094
2018-05-09,48.21467590332031
2018-05-10,48.39033889770508
2018-05-11,48.4920539855957
2018-05-14,48.58450698852539
2018-05-15,48.30250930786133
2018-05-16,48.704715728759766
2018-05-17,48.54290008544922
2018-05-18,48.4827995300293
2018-05-21,48.750946044921875
2018-05-22,48.53366470336914
2018-05-23,48.8850212097168
2018-05-24,48.99135208129883
2018-05-25,49.06532669067383
2018-05-29,48.68621826171875
2018-05-30,49.13005065917969
2018-05-31,48.8942756652832
2018-06-01,49.2548828125
2018-06-04,49.805030822753906
2018-06-05,50.09627914428711
2018-06-06,50.56322479248047
2018-06-07,50.711158752441406
2018-06-08,50.81747055053711
2018-06-11,51.02090835571289
2018-06-12,51.26593780517578
2018-06-13,51.34452438354492
2018-06-14,51.880802154541016
2018-06-15,51.96611022949219
2018-06-18,51.87803649902344
2018-06-19,51.813140869140625
2018-06-20,52.05881118774414
2018-06-21,51.68799591064453
2018-06-22,51.599910736083984
2018-06-25,50.478179931640625
2018-06-26,50.839717864990234
2018-06-27,50.181514739990234
2018-06-28,50.57551193237305
2018-06-29,50.66358947753906
2018-07-02,50.733116149902344
2018-07-03,50.478179931640625
2018-07-05,50.728492736816406
2018-07-06,51.12711715698242
2018-07-09,51.73897933959961
2018-07-10,51.8502311706543
2018-07-11,51.72969055175781
2018-07-12,52.072731018066406
2018-07-13,52.1885871887207
2018-07-16,52.318389892578125
2018-07-17,52.36935043334961
2018-07-18,52.33692932128906
2018-07-19,52.216407775878906
2018-07-20,51.98463821411133
2018-07-23,51.92900085449219
2018-07-24,51.77605438232422
2018-07-25,52.156150817871094
2018-07-26,51.882667541503906
2018-07-27,51.748260498046875
2018-07-30,51.33570861816406
2018-07-31,51.57674026489258
2018-08-01,51.32181167602539
2018-08-02,51.67407989501953
2018-08-03,51.8502311706543
2018-08-06,52.197879791259766
2018-08-07,52.438899993896484
2018-08-08,52.49452209472656
2018-08-09,52.689212799072266
2018-08-10,52.24884796142578
2018-08-13,51.98463821411133
2018-08-14,52.4898796081543
2018-08-15,51.8502311706543
2018-08-16,52.10516357421875
2018-08-17,52.151512145996094
2018-08-20,52.52233123779297
2018-08-21,52.93952178955078
2018-08-22,52.995140075683594
2018-08-23,52.944149017333984
2018-08-24,53.254703521728516
2018-08-27,53.597713470458984
2018-08-28,53.704345703125
2018-08-29,54.30691909790039
2018-08-30,53.996360778808594
2018-08-31,54.209571838378906
2018-09-04,54.31155776977539
2018-09-05,53.72750473022461
2018-09-06,53.579185485839844
2018-09-07,53.57454299926758
2018-09-10,53.77386474609375
2018-09-11,54.20494079589844
2018-09-12,54.30691909790039
2018-09-13,54.399620056152344
2018-09-14,54.1956672668457
2018-09-17,53.52354431152344
2018-09-18,54.20494079589844
2018-09-19,54.22812271118164
2018-09-20,54.59893798828125
2018-09-21,54.3576545715332
2018-09-24,54.004310607910156
2018-09-25,54.23212814331055
2018-09-26,54.3576545715332
2018-09-27,54.543609619140625
2018-09-28,54.49711990356445
2018-10-01,54.32976150512695
2018-10-02,53.59518814086914
2018-10-03,53.41387176513672
2018-10-04,52.577030181884766
2018-10-05,52.181846618652344
2018-10-08,52.31666946411133
2018-10-09,52.16326141357422
2018-10-10,50.4058837890625
2018-10-11,49.51790237426758
2018-10-12,50.433780670166016
2018-10-15,50.31755828857422
2018-10-16,51.32640838623047
2018-10-17,50.90335464477539
2018-10-18,49.92702865600586
2018-10-19,49.438865661621094
2018-10-22,49.63877487182617
2018-10-23,49.64808654785156
2018-10-24,48.165008544921875
2018-10-25,49.62018585205078
2018-10-26,48.07666778564453
2018-10-29,47.653602600097656
2018-10-30,48.369564056396484
2018-10-31,48.992549896240234
2018-11-01,49.99211883544922
2018-11-02,50.19668960571289
2018-11-05,50.266422271728516
2018-11-06,50.489566802978516
2018-11-07,51.85643005371094
2018-11-08,51.87036895751953
2018-11-09,51.14975357055664
2018-11-12,50.122291564941406
2018-11-13,50.09905242919922
2018-11-14,49.72246551513672
2018-11-15,49.64808654785156
2018-11-16,49.452816009521484
2018-11-19,48.24404525756836
2018-11-20,47.15149688720703
2018-11-21,47.64430618286133
2018-11-23,47.43043518066406
2018-11-26,48.495094299316406
2018-11-27,48.63921356201172
2018-11-28,50.07579803466797
2018-11-29,49.84334945678711
2018-11-30,50.205970764160156
2018-12-03,51.14509582519531
2018-12-04,49.30405044555664
2018-12-06,49.54114532470703
2018-12-07,48.058082580566406
2018-12-10,48.09526443481445
2018-12-11,48.11387252807617
2018-12-12,48.6206169128418
2018-12-13,48.37885665893555
2018-12-14,47.57456588745117
2018-12-17,46.36579895019531
2018-12-18,46.72842025756836
2018-12-19,45.80324935913086
2018-12-20,44.775787353515625
2018-12-21,43.76110076904297
2018-12-24,42.93031311035156
2018-12-26,45.47401809692383
2018-12-27,45.716732025146484
2018-12-28,45.72138977050781
2018-12-31,46.211463928222656
2019-01-02,46.5615119934082
2019-01-03,45.553367614746094
2019-01-04,47.06093978881836
2019-01-07,48.125083923339844
2019-01-08,48.657169342041016
2019-01-09,48.90453338623047
2019-01-10,48.7645149230957
2019-01-11,48.811180114746094
2019-01-14,48.51247024536133
2019-01-15,48.95121383666992
2019-01-16,48.83917999267578
2019-01-17,49.170570373535156
2019-01-18,49.85200119018555
2019-01-22,49.105228424072266
2019-01-23,49.20323181152344
2019-01-24,49.40859603881836
2019-01-25,49.954681396484375
2019-01-28,49.66530990600586
2019-01-29,49.343265533447266
2019-01-30,50.3140869140625
2019-01-31,50.77146911621094
2019-02-01,50.029354095458984
2019-02-04,50.3560791015625
2019-02-05,50.82747268676758
2019-02-06,50.6174430847168
2019-02-07,50.202049255371094
2019-02-08,50.00136184692383
2019-02-11,50.090030670166016
2019-02-12,50.860145568847656
2019-02-13,51.20552444458008
2019-02-14,51.01884078979492
2019-02-15,51.368896484375
2019-02-19,51.57891845703125
2019-02-20,51.681602478027344
2019-02-21,51.57891845703125
2019-02-22,51.85896682739258
2019-02-25,51.686275482177734
2019-02-26,51.756290435791016
2019-02-27,51.71894836425781
2019-02-28,51.43891525268555
2019-03-01,51.85429382324219
2019-03-04,51.69093322753906
2019-03-05,51.82162094116211
2019-03-06,51.57891845703125
2019-03-07,50.9535026550293
2019-03-08,50.598785400390625
2019-03-11,51.29420852661133
2019-03-12,51.43891525268555
2019-03-13,51.62092971801758
2019-03-14,51.46689987182617
2019-03-15,51.79707717895508
2019-03-18,52.298194885253906
2019-03-19,52.560455322265625
2019-03-20,52.63538360595703
2019-03-21,53.356605529785156
2019-03-22,52.298194885253906
2019-03-25,52.60728454589844
2019-03-26,52.83208465576172
2019-03-27,52.724369049072266
2019-03-28,53.04283142089844
2019-03-29,53.31914138793945
2019-04-01,53.90456008911133
2019-04-02,53.89519500732422
2019-04-03,54.27452850341797
2019-04-04,54.714759826660156
2019-04-05,55.03791427612305
2019-04-08,55.23460006713867
2019-04-09,54.738182067871094
2019-04-10,55.00043869018555
2019-04-11,55.07069778442383
2019-04-12,55.41256332397461
2019-04-15,55.524959564208984
2019-04-16,55.76850128173828
2019-04-17,55.87621307373047
2019-04-18,55.857479095458984
2019-04-22,55.646724700927734
2019-04-23,56.3117561340332
2019-04-24,56.363277435302734
2019-04-25,56.0682258605957
2019-04-26,56.51314163208008
2019-04-29,56.316436767578125
2019-04-30,56.232147216796875
2019-05-01,55.54838562011719
2019-05-02,55.590538024902344
2019-05-03,56.24618148803711
2019-05-06,55.90431594848633
2019-05-07,55.056644439697266
2019-05-08,55.07537078857422
2019-05-09,54.85057067871094
2019-05-10,54.93019485473633
2019-05-13,53.295719146728516
2019-05-14,53.83430480957031
2019-05-15,54.19960021972656
2019-05-16,54.700714111328125
2019-05-17,54.28390121459961
2019-05-20,53.89986801147461
2019-05-21,54.27452850341797
2019-05-22,53.717220306396484
2019-05-23,53.05219650268555
2019-05-24,53.12245178222656
2019-05-28,52.77119827270508
2019-05-29,52.30287170410156
2019-05-30,52.644744873046875
2019-05-31,51.95631408691406
2019-06-03,51.5207633972168
2019-06-04,52.9163818359375
2019-06-05,53.17864227294922
2019-06-06,53.45027160644531
2019-06-07,54.2230224609375
2019-06-10,54.68198013305664
2019-06-11,54.892723083496094
2019-06-12,54.87867736816406
2019-06-13,55.370418548583984
2019-06-14,55.4921875
2019-06-17,55.51559829711914
2019-06-18,55.93709182739258
2019-06-19,56.040122985839844
2019-06-20,56.42884826660156
2019-06-21,56.16754150390625
2019-06-24,55.86679458618164
2019-06-25,55.331050872802734
2019-06-26,55.509639739990234
2019-06-27,55.857391357421875
2019-06-28,56.01716995239258
2019-07-01,56.51060485839844
2019-07-02,56.6328010559082
2019-07-03,57.12622833251953
2019-07-05,57.19202423095703
2019-07-08,57.26253128051758
2019-07-09,57.3236198425293
2019-07-10,57.530391693115234
2019-07-11,57.64787292480469
2019-07-12,58.31049346923828
2019-07-15,58.49846649169922
2019-07-16,58.42326736450195
2019-07-17,57.86404037475586
2019-07-18,57.788856506347656
2019-07-19,57.408199310302734
2019-07-22,57.44110870361328
2019-07-23,57.83114242553711
2019-07-24,58.122520446777344
2019-07-25,57.798248291015625
2019-07-26,58.061424255371094
2019-07-29,57.77945327758789
2019-07-30,57.389400482177734
2019-07-31,56.73149108886719
2019-08-01,55.960784912109375
2019-08-02,55.5002326965332
2019-08-05,54.01052474975586
2019-08-06,54.83292007446289
2019-08-07,55.05378723144531
2019-08-08,56.11585998535156
2019-08-09,55.58951950073242
2019-08-12,54.78122329711914
2019-08-13,55.683509826660156
2019-08-14,53.94002914428711
2019-08-15,53.85072708129883
2019-08-16,54.4616584777832
2019-08-19,55.147769927978516
2019-08-20,55.1618766784668
2019-08-21,56.22394561767578
2019-08-22,56.23804473876953
2019-08-23,54.74361801147461
2019-08-26,55.28406524658203
2019-08-27,55.0114860534668
2019-08-28,55.697608947753906
2019-08-29,56.53411865234375
2019-08-30,56.195743560791016
2019-09-03,55.96548080444336
2019-09-04,56.52000045776367
2019-09-05,57.60087966918945
2019-09-06,57.74186706542969
2019-09-09,57.96273422241211
2019-09-10,57.732460021972656
2019-09-11,57.84055709838867
2019-09-12,58.117820739746094
2019-09-13,58.000328063964844
2019-09-16,57.2578239440918
2019-09-17,57.60557556152344
2019-09-18,57.5773811340332
2019-09-19,57.422298431396484
2019-09-20,56.76408386230469
2019-09-23,56.96210861206055
2019-09-24,56.353878021240234
2019-09-25,56.867820739746094
2019-09-26,56.62263870239258
2019-09-27,56.424617767333984
2019-09-30,56.91025161743164
2019-10-01,56.434043884277344
2019-10-02,55.42030715942383
2019-10-03,55.68906784057617
2019-10-04,56.212425231933594
2019-10-07,55.96724319458008
2019-10-08,55.377872467041016
2019-10-09,55.84937286376953
2019-10-10,56.22185516357422
2019-10-11,56.85839080810547
2019-10-14,56.830101013183594
2019-10-15,57.329891204833984
2019-10-16,57.56563186645508
2019-10-17,57.716522216796875
2019-10-18,57.603355407714844
2019-10-21,57.80609130859375
2019-10-22,57.438323974609375
2019-10-23,57.17428970336914
2019-10-24,57.1460075378418
2019-10-25,57.079994201660156
2019-10-28,57.25916290283203
2019-10-29,56.9338264465332
2019-10-30,57.28744888305664
2019-10-31,56.98096466064453
2019-11-01,57.358184814453125
2019-11-04,57.38646697998047
2019-11-05,57.47132873535156
2019-11-06,57.532623291015625
2019-11-07,57.188446044921875
2019-11-08,57.21201705932617
2019-11-11,57.09413528442383
2019-11-12,57.05641555786133
2019-11-13,56.87724304199219
2019-11-14,57.12242126464844
2019-11-15,57.226158142089844
2019-11-18,57.424190521240234
2019-11-19,56.79237747192383
2019-11-20,56.66035079956055
2019-11-21,56.3397216796875
2019-11-22,56.72636795043945
2019-11-25,57.226158142089844
2019-11-26,57.617496490478516
2019-11-27,58.11258316040039
2019-11-29,57.735382080078125
2019-12-02,57.25916290283203
2019-12-03,56.68393325805664
2019-12-04,56.99982833862305
2019-12-05,56.94325637817383
2019-12-06,57.400611877441406
2019-12-09,57.47132873535156
2019-12-10,57.372318267822266
2019-12-11,57.518497467041016
2019-12-12,58.02299880981445
2019-12-13,58.074859619140625
2019-12-16,58.32947540283203
2019-12-17,58.58877944946289
2019-12-18,58.6453742980957
2019-12-19,58.82925796508789
2019-12-20,58.91913986206055
2019-12-23,58.781951904296875
2019-12-24,58.914405822753906
2019-12-26,59.63344955444336
2019-12-27,59.62872314453125
2019-12-30,59.245548248291016
2019-12-31,59.33070373535156
2020-01-02,60.035552978515625
2020-01-03,59.524662017822266
2020-01-06,59.69023513793945
2020-01-07,59.595603942871094
2020-01-08,59.7753791809082
2020-01-09,60.09231948852539
2020-01-10,59.76591491699219
2020-01-13,59.95513153076172
2020-01-14,59.936214447021484
2020-01-15,59.79902648925781
2020-01-16,60.33357620239258
2020-01-17,60.54644775390625
2020-01-21,60.361961364746094
2020-01-22,60.33357620239258
2020-01-23,60.4234619140625
2020-01-24,59.581424713134766
2020-01-27,58.69207000732422
2020-01-28,59.26447677612305
2020-01-29,59.23135757446289
2020-01-30,59.13201904296875
2020-01-31,59.28339385986328
2020-02-03,59.70441818237305
2020-02-04,60.79244613647461
2020-02-05,61.09992218017578
2020-02-06,60.962745666503906
2020-02-07,60.69782638549805
2020-02-10,61.383766174316406
2020-02-11,61.86627197265625
2020-02-12,62.50017166137695
2020-02-13,62.3913688659668
2020-02-14,62.296783447265625
2020-02-18,62.29203414916992
2020-02-19,62.57115173339844
2020-02-20,62.594791412353516
2020-02-21,61.63920211791992
2020-02-24,59.519927978515625
2020-02-25,57.930450439453125
2020-02-26,57.47159194946289
2020-02-27,55.148887634277344
2020-02-28,54.7940788269043
2020-03-02,56.67686080932617
2020-03-03,55.304988861083984
2020-03-04,57.21614074707031
2020-03-05,55.08266067504883
2020-03-06,54.23588180541992
2020-03-09,50.820411682128906
2020-03-10,53.630374908447266
2020-03-11,50.69742965698242
2020-03-12,45.57422637939453
2020-03-13,48.39365005493164
2020-03-16,42.26283645629883
2020-03-17,43.89014434814453
2020-03-18,41.368751525878906
2020-03-19,42.81157684326172
2020-03-20,41.539066314697266
2020-03-23,41.60750198364258
2020-03-24,45.51015090942383
2020-03-25,46.30873489379883
2020-03-26,48.22441101074219
2020-03-27,46.60821533203125
2020-03-30,47.582664489746094
2020-03-31,46.62246322631836
2020-04-01,44.54043197631836
2020-04-02,44.70681381225586
2020-04-03,43.92723083496094
2020-04-06,47.582664489746094
2020-04-07,48.290958404541016
2020-04-08,49.81208038330078
2020-04-09,50.71049499511719
2020-04-13,50.69623947143555
2020-04-14,52.67844009399414
2020-04-15,51.52334976196289
2020-04-16,52.14130401611328
2020-04-17,53.681434631347656
2020-04-20,52.74500274658203
2020-04-21,51.375980377197266
2020-04-22,52.48355484008789
2020-04-23,52.469303131103516
2020-04-24,53.358192443847656
2020-04-27,54.3564453125
2020-04-28,54.570350646972656
2020-04-29,55.772987365722656
2020-04-30,55.42597579956055
2020-05-01,53.353450775146484
2020-05-04,53.643409729003906
2020-05-05,53.83830261230469
2020-05-06,53.828792572021484
2020-05-07,54.6749153137207
2020-05-08,55.73971939086914
2020-05-11,55.616119384765625
2020-05-12,54.39922332763672
2020-05-13,53.46278762817383
2020-05-14,54.261375427246094
2020-05-15,54.893585205078125
2020-05-18,56.97087478637695
2020-05-19,56.7664680480957
2020-05-20,57.50801086425781
2020-05-21,57.7124137878418
2020-05-22,57.62685775756836
2020-05-26,58.539520263671875
2020-05-27,59.54253005981445
2020-05-28,58.819984436035156
2020-05-29,59.03390121459961
2020-06-01,59.59481430053711
2020-06-02,60.10343933105469
2020-06-03,61.239532470703125
2020-06-04,60.9305419921875
2020-06-05,62.389896392822266
2020-06-08,63.340599060058594
2020-06-09,62.846214294433594
2020-06-10,62.25678253173828
2020-06-11,58.99586486816406
2020-06-12,59.580543518066406
2020-06-15,60.14622497558594
2020-06-16,61.410640716552734
2020-06-17,61.2490348815918
2020-06-18,61.0256233215332
2020-06-19,60.55027389526367
2020-06-22,61.17251968383789
2020-06-23,61.65373229980469
2020-06-24,60.29583740234375
2020-06-25,60.3768310546875
2020-06-26,58.96174240112305
2020-06-29,60.0814323425293
2020-06-30,60.84852981567383
2020-07-01,61.463157653808594
2020-07-02,61.706153869628906
2020-07-06,63.168880462646484
2020-07-07,62.177852630615234
2020-07-08,62.84013366699219
2020-07-09,62.76866149902344
2020-07-10,63.516700744628906
2020-07-13,62.71147537231445
2020-07-14,63.33563995361328
2020-07-15,64.24092102050781
2020-07-16,64.06939697265625
2020-07-17,63.76921844482422
2020-07-20,64.7888412475586
2020-07-21,64.88890838623047
2020-07-22,65.44636535644531
2020-07-23,64.46485137939453
2020-07-24,64.5792007446289
2020-07-27,64.97943878173828
2020-07-28,64.33623504638672
2020-07-29,64.98894500732422
2020-07-30,64.93653106689453
2020-07-31,65.27483367919922
2020-08-03,65.13665771484375
2020-08-04,65.66075897216797
2020-08-05,66.46122741699219
2020-08-06,66.7851791381836
2020-08-07,66.88526916503906
2020-08-10,67.68572235107422
2020-08-11,67.55229949951172
2020-08-12,68.44805908203125
2020-08-13,68.41946411132812
2020-08-14,68.41470336914062
2020-08-17,69.29613494873047
2020-08-18,69.72493743896484
2020-08-19,69.39618682861328
2020-08-20,69.2913818359375
2020-08-21,69.64871215820312
2020-08-24,70.7064437866211
2020-08-25,70.9399185180664
2020-08-26,71.64030456542969
2020-08-27,71.25438690185547
2020-08-28,71.72132110595703
2020-08-31,71.51166534423828
2020-09-01,72.25971221923828
2020-09-02,73.26029205322266
2020-09-03,70.93517303466797
2020-09-04,70.11564636230469
2020-09-08,69.19608306884766
2020-09-09,70.50157928466797
2020-09-10,69.49150085449219
2020-09-11,69.59630584716797
2020-09-14,70.33482360839844
2020-09-15,70.91133117675781
2020-09-16,70.51588439941406
2020-09-17,69.52482604980469
2020-09-18,68.55764770507812
2020-09-21,67.56733703613281
2020-09-22,68.99498748779297
2020-09-23,67.86338806152344
2020-09-24,67.83474731445312
2020-09-25,68.71806335449219
2020-09-28,70.1552505493164
2020-09-29,69.6109390258789
2020-09-30,70.17912292480469
2020-10-01,71.09587860107422
2020-10-02,70.79505157470703
2020-10-05,71.73091125488281
2020-10-06,70.4035415649414
2020-10-07,72.01264190673828
2020-10-08,72.48533630371094
2020-10-09,73.23973846435547
2020-10-12,74.21378326416016
2020-10-13,74.199462890625
2020-10-14,73.37820434570312
2020-10-15,73.65036010742188
2020-10-16,72.9819107055664
2020-10-19,72.08426666259766
2020-10-20,72.66200256347656
2020-10-21,72.26570129394531
2020-10-22,72.41370391845703
2020-10-23,73.04875183105469
2020-10-26,71.64496612548828
2020-10-27,71.611572265625
2020-10-28,69.34832000732422
2020-10-29,69.78760528564453
2020-10-30,68.26446533203125
2020-11-02,68.75149536132812
2020-11-03,70.26506805419922
2020-11-04,71.75958251953125
2020-11-05,73.15857696533203
2020-11-06,72.93893432617188
2020-11-09,72.7001953125
2020-11-10,72.4423599243164
2020-11-11,73.077392578125
2020-11-12,72.09858703613281
2020-11-13,73.26839447021484
2020-11-16,74.22811126708984
2020-11-17,73.91297149658203
2020-11-18,73.40686798095703
2020-11-19,73.76972198486328
2020-11-20,73.3829574584961
2020-11-23,74.18991088867188
2020-11-24,75.29287719726562
2020-11-25,75.38361358642578
2020-11-27,75.54594421386719
2020-11-30,75.08758544921875
2020-12-01,75.64620971679688
2020-12-02,75.17350769042969
2020-12-03,75.38361358642578
2020-12-04,75.45523071289062
2020-12-07,75.28331756591797
2020-12-08,75.12577819824219
2020-12-09,75.05414581298828
2020-12-10,74.9873046875
2020-12-11,74.62919616699219
2020-12-14,74.739013671875
2020-12-15,75.74649047851562
2020-12-16,76.24303436279297
2020-12-17,76.76351165771484
2020-12-18,76.39107513427734
2020-12-21,75.52812194824219
2020-12-22,75.20283508300781
2020-12-23,75.36547088623047
2020-12-24,75.52333068847656
2020-12-28,76.38436889648438
2020-12-29,76.40827941894531
2020-12-30,76.8675308227539
2020-12-31,76.91056060791016
2021-01-04,76.26001739501953
2021-01-05,76.82926177978516
2021-01-06,77.61376190185547
2021-01-07,79.11100769042969
2021-01-08,80.74221801757812
2021-01-11,79.23540496826172
2021-01-12,80.44562530517578
2021-01-13,80.44085693359375
2021-01-14,79.92900848388672
2021-01-15,79.31192016601562
2021-01-19,79.76158142089844
2021-01-20,81.26841735839844
2021-01-21,81.64633178710938
2021-01-22,81.3688735961914
2021-01-25,81.67025756835938
2021-01-26,81.61761474609375
2021-01-27,79.10145568847656
2021-01-28,79.35020446777344
2021-01-29,77.49894714355469
2021-02-01,79.51282501220703
2021-02-02,81.2014389038086
2021-02-03,80.74700164794922
2021-02-04,81.6080551147461
2021-02-05,82.38777923583984
2021-02-08,82.8565902709961
2021-02-09,82.3973388671875
2021-02-10,81.58412170410156
2021-02-11,81.35932159423828
2021-02-12,81.47410583496094
2021-02-16,81.12013244628906
2021-02-17,81.58890533447266
2021-02-18,81.61285400390625
2021-02-19,81.13925170898438
2021-02-22,79.42675018310547
2021-02-23,78.90531921386719
2021-02-24,79.7328872680664
2021-02-25,76.76707458496094
2021-02-26,77.08756256103516
2021-03-01,78.895751953125
2021-03-02,77.98688507080078
2021-03-03,76.15475463867188
2021-03-04,74.54269409179688
2021-03-05,75.01628112792969
2021-03-08,75.1071548461914
2021-03-09,77.94381713867188
2021-03-10,78.34086608886719
2021-03-11,79.54154205322266
2021-03-12,79.77593994140625
2021-03-15,80.84747314453125
2021-03-16,80.01033020019531
2021-03-17,81.13447570800781
2021-03-18,79.14928436279297
2021-03-19,79.62286376953125
2021-03-22,80.14704132080078
2021-03-23,79.3947982788086
2021-03-24,78.2209701538086
2021-03-25,78.90612030029297
2021-03-26,79.56248474121094
2021-03-29,79.12650299072266
2021-03-30,79.90267181396484
2021-03-31,80.5255355834961
2021-04-01,81.1723403930664
2021-04-05,83.0169448852539
2021-04-06,83.37627410888672
2021-04-07,83.12714385986328
2021-04-08,83.52001953125
2021-04-09,84.31536865234375
2021-04-12,84.85675811767578
2021-04-13,85.7527084350586
2021-04-14,84.9094467163086
2021-04-15,85.51793670654297
2021-04-16,86.17915344238281
2021-04-19,85.21131896972656
2021-04-20,84.13807678222656
2021-04-21,85.25922393798828
2021-04-22,84.31536865234375
2021-04-23,85.19695281982422
2021-04-26,85.57066345214844
2021-04-27,85.47004699707031
2021-04-28,85.36940002441406
2021-04-29,85.39337158203125
2021-04-30,85.72396850585938
2021-05-03,85.31671905517578
2021-05-04,84.42555236816406
2021-05-05,84.16204071044922
2021-05-06,84.3440933227539
2021-05-07,85.10111999511719
2021-05-10,83.58708190917969
2021-05-11,82.64324188232422
2021-05-12,79.84518432617188
2021-05-13,80.41053009033203
2021-05-14,81.80477142333984
2021-05-17,81.65623474121094
2021-05-18,81.0190200805664
2021-05-19,80.33866882324219
2021-05-20,81.16276550292969
2021-05-21,80.75550842285156
2021-05-24,81.5556411743164
2021-05-25,81.81436920166016
2021-05-26,82.5953140258789
2021-05-27,82.9259033203125
2021-05-28,82.81092071533203
2021-06-01,82.65280151367188
2021-06-02,82.26952362060547
2021-06-03,81.2921142578125
2021-06-04,81.94371032714844
2021-06-07,81.94371032714844
2021-06-08,82.60491943359375
2021-06-09,82.14973449707031
2021-06-10,82.53781127929688
2021-06-11,82.98821258544922
2021-06-14,83.01216125488281
2021-06-15,82.57137298583984
2021-06-16,82.60969543457031
2021-06-17,82.92113494873047
2021-06-18,82.48512268066406
2021-06-21,83.12089538574219
2021-06-22,83.90300750732422
2021-06-23,84.55079650878906
2021-06-24,84.83869934082031
2021-06-25,85.3760986328125
2021-06-28,85.39530181884766
2021-06-29,85.60641479492188
2021-06-30,85.67359161376953
2021-07-01,86.1582260131836
2021-07-02,86.91637420654297
2021-07-06,87.01712036132812
2021-07-07,86.9691162109375
2021-07-08,86.75320434570312
2021-07-09,87.56412506103516
2021-07-12,88.16390991210938
2021-07-13,87.10828399658203
2021-07-14,86.94994354248047
2021-07-15,86.47972106933594
2021-07-16,85.41448974609375
2021-07-19,84.43562316894531
2021-07-20,85.99507904052734
2021-07-21,86.78678894042969
2021-07-22,87.16104888916016
2021-07-23,87.93840026855469
2021-07-26,88.59095764160156
2021-07-27,87.69367218017578
2021-07-28,87.41056823730469
2021-07-29,88.39421844482422
2021-07-30,86.57566833496094
2021-08-02,86.82516479492188
2021-08-03,87.46815490722656
2021-08-04,86.61884307861328
2021-08-05,87.4489517211914
2021-08-06,86.85396575927734
2021-08-09,86.7340087890625
2021-08-10,87.0746841430664
2021-08-11,87.3290023803711
2021-08-12,87.36738586425781
2021-08-13,87.11788177490234
2021-08-16,86.71481323242188
2021-08-17,84.65636444091797
2021-08-18,84.9586410522461
2021-08-19,84.41645050048828
2021-08-20,85.22737121582031
2021-08-23,86.32615661621094
2021-08-24,86.935546875
2021-08-25,87.27142333984375
2021-08-26,86.46530151367188
2021-08-27,87.2522201538086
2021-08-30,87.90959167480469
2021-08-31,88.12071990966797
2021-09-01,88.11592102050781
2021-09-02,88.11112976074219
2021-09-03,88.05833435058594
2021-09-07,88.31745147705078
2021-09-08,88.418212890625
2021-09-09,88.30305480957031
2021-09-10,87.76083374023438
2021-09-13,87.9767837524414
2021-09-14,87.68406677246094
2021-09-15,88.2502670288086
2021-09-16,88.6533203125
2021-09-17,88.34144592285156
2021-09-20,86.32555389404297
2021-09-21,86.4552993774414
2021-09-22,87.63264465332031
2021-09-23,88.52165222167969
2021-09-24,88.85323333740234
2021-09-27,89.3289566040039
2021-09-28,87.60859680175781
2021-09-29,87.69511413574219
2021-09-30,86.23423767089844
2021-10-01,86.88298797607422
2021-10-04,86.19581604003906
2021-10-05,86.54179382324219
2021-10-06,86.81568908691406
2021-10-07,88.16605377197266
2021-10-08,87.76238250732422
2021-10-11,87.40677642822266
2021-10-12,88.09878540039062
2021-10-13,88.53126525878906
2021-10-14,89.4587173461914
2021-10-15,90.8282699584961
2021-10-18,91.9383544921875
2021-10-19,91.67884826660156
2021-10-20,91.611572265625
2021-10-21,92.95709228515625
2021-10-22,92.62554168701172
2021-10-25,94.92253875732422
2021-10-26,94.93696594238281
2021-10-27,95.14839935302734
2021-10-28,96.41223907470703
2021-10-29,96.66211700439453
2021-11-01,98.43533325195312
2021-11-02,97.7721939086914
2021-11-03,99.53099822998047
2021-11-04,100.8717041015625
2021-11-05,101.52046203613281
2021-11-08,100.0836181640625
2021-11-09,98.2335205078125
2021-11-10,97.86831665039062
2021-11-11,97.60399627685547
2021-11-12,97.9307632446289
2021-11-15,97.84906005859375
2021-11-16,99.3916244506836
2021-11-17,100.02595520019531
2021-11-18,101.16004180908203
2021-11-19,101.59735870361328
2021-11-22,101.34264373779297
2021-11-23,100.607421875
2021-11-24,100.81404113769531
2021-11-26,98.06532287597656
2021-11-29,99.58865356445312
2021-11-30,98.24313354492188
2021-12-01,96.46992492675781
2021-12-02,97.84426879882812
2021-12-03,95.9413070678711
2021-12-06,97.03695678710938
2021-12-07,99.3003158569336
2021-12-08,99.55020904541016
2021-12-09,97.8250503540039
2021-12-10,98.5074234008789
2021-12-13,95.97014617919922
2021-12-14,95.4126968383789
2021-12-15,96.6236801147461
2021-12-16,94.49005889892578
2021-12-17,93.84610748291016
2021-12-20,92.33108520507812
2021-12-21,94.72298431396484
2021-12-22,96.45072937011719
2021-12-23,97.7886734008789
2021-12-27,98.7415771484375
2021-12-28,98.78487396240234
2021-12-29,98.98220825195312
2021-12-30,98.62605285644531
2021-12-31,98.39025115966797
2022-01-03,101.21527862548828
2022-01-04,100.59925079345703
2022-01-05,97.88491821289062
2022-01-06,97.62984466552734
2022-01-07,96.00316619873047
2022-01-10,95.4159927368164
2022-01-11,96.3352279663086
2022-01-12,96.97050476074219
2022-01-13,95.02136993408203
2022-01-14,94.57860565185547
2022-01-18,92.78829956054688
2022-01-19,91.1135025024414
2022-01-20,89.45310974121094
2022-01-21,86.83019256591797
2022-01-24,87.87455749511719
2022-01-25,86.387451171875
2022-01-26,85.96874237060547
2022-01-27,83.88485717773438
2022-01-28,85.71366882324219
2022-01-31,89.01034545898438
2022-02-01,89.54936218261719
2022-02-02,89.01515197753906
2022-02-03,86.29119110107422
2022-02-04,88.74565124511719
2022-02-07,88.56278228759766
2022-02-08,89.80926513671875
2022-02-09,90.99797058105469
2022-02-10,89.42906188964844
2022-02-11,86.85908508300781
2022-02-14,87.35478973388672
2022-02-15,89.3087387084961
2022-02-16,89.56379699707031
2022-02-17,87.1670913696289
2022-02-18,86.62808227539062
2022-02-22,84.10142517089844
2022-02-23,81.29083251953125
2022-02-24,83.14851379394531
2022-02-25,84.79444122314453
2022-02-28,85.3912124633789
2022-03-01,84.09661865234375
2022-03-02,85.86286163330078
2022-03-03,83.91854858398438
2022-03-04,82.58544158935547
2022-03-07,78.5379638671875
2022-03-08,78.70161437988281
2022-03-09,81.23307037353516
2022-03-10,81.81059265136719
2022-03-11,80.23685455322266
2022-03-14,78.89892578125
2022-03-15,81.54109191894531
2022-03-16,84.32281494140625
2022-03-17,85.7281265258789
2022-03-18,87.53285217285156
2022-03-21,86.79974365234375
2022-03-22,88.95429229736328
2022-03-23,87.85050201416016
2022-03-24,88.53495025634766
2022-03-25,88.38069915771484
2022-03-28,90.73772430419922
2022-03-29,92.31871032714844
2022-03-30,90.91606903076172
2022-03-31,89.17120361328125
2022-04-01,89.28205871582031
2022-04-04,91.28721618652344
2022-04-05,89.1470947265625
2022-04-06,86.87201690673828
2022-04-07,87.31546783447266
2022-04-08,86.51051330566406
2022-04-11,84.90542602539062
2022-04-12,85.09341430664062
2022-04-13,87.20941162109375
2022-04-14,85.98997497558594
2022-04-18,86.25022888183594
2022-04-19,88.75184631347656
2022-04-20,87.6094970703125
2022-04-21,86.76117706298828
2022-04-22,84.74637603759766
2022-04-25,85.35852813720703
2022-04-26,81.03974914550781
2022-04-27,81.04938507080078
2022-04-28,82.7123031616211
2022-04-29,78.50920867919922
2022-05-02,79.65638732910156
2022-05-03,79.45877075195312
2022-05-04,81.79168701171875
2022-05-05,77.20779418945312
2022-05-06,76.22932434082031
2022-05-09,72.9805908203125
2022-05-10,72.76371002197266
2022-05-11,70.15603637695312
2022-05-12,70.6380615234375
2022-05-13,73.41922760009766
2022-05-16,71.83341979980469
2022-05-17,73.64575958251953
2022-05-18,68.83053588867188
2022-05-19,68.87871551513672
2022-05-20,67.67853546142578
2022-05-23,68.18464660644531
2022-05-24,66.43013763427734
2022-05-25,68.30513000488281
2022-05-26,71.65507507324219
2022-05-27,74.11331939697266
2022-05-31,74.48929595947266
2022-06-01,73.71324157714844
2022-06-02,75.96905517578125
2022-06-03,73.74700164794922
2022-06-06,74.48444366455078
2022-06-07,74.30130004882812
2022-06-08,73.86266326904297
2022-06-09,72.52751159667969
2022-06-10,69.63548278808594
2022-06-13,66.42050170898438
2022-06-14,66.36746978759766
2022-06-15,68.23283386230469
2022-06-16,64.89254760742188
2022-06-17,65.6010971069336
2022-06-21,67.4775390625
2022-06-22,67.34707641601562
2022-06-23,68.40511322021484
2022-06-24,71.01398468017578
2022-06-27,70.26996612548828
2022-06-28,67.46305084228516
2022-06-29,67.4098892211914
2022-06-30,66.41947937011719
2022-07-01,67.64178466796875
2022-07-05,69.1539535522461
2022-07-06,68.92688751220703
2022-07-07,70.70476531982422
2022-07-08,70.71444702148438
2022-07-11,68.77711486816406
2022-07-12,68.36162567138672
2022-07-13,68.92205047607422
2022-07-14,68.86407470703125
2022-07-15,69.97525024414062
2022-07-18,70.17816162109375
2022-07-19,72.32806396484375
2022-07-20,73.51655578613281
2022-07-21,75.19780731201172
2022-07-22,74.76297760009766
2022-07-25,74.12043762207031
2022-07-26,71.73382568359375
2022-07-27,74.44894409179688
2022-07-28,75.72923278808594
2022-07-29,78.66661071777344
2022-08-01,79.05792999267578
2022-08-02,78.516845703125
2022-08-03,80.43001556396484
2022-08-04,80.75853729248047
2022-08-05,79.38162994384766
2022-08-08,79.73914337158203
2022-08-09,78.4685287475586
2022-08-10,80.68123626708984
2022-08-11,80.27056884765625
2022-08-12,82.08710479736328
2022-08-15,82.6523666381836
2022-08-16,83.5654525756836
2022-08-17,82.66683959960938
2022-08-18,82.64268493652344
2022-08-19,80.93727111816406
2022-08-22,78.69076538085938
2022-08-23,78.91299438476562
2022-08-24,79.25119018554688
2022-08-25,80.19810485839844
2022-08-26,77.14476776123047
2022-08-29,76.734130859375
2022-08-30,75.8790054321289
2022-08-31,75.13015747070312
2022-09-01,75.81616973876953
2022-09-02,75.12049865722656
2022-09-06,74.96588897705078
2022-09-07,77.26555633544922
2022-09-08,77.98541259765625
2022-09-09,79.4637680053711
2022-09-12,80.48797607421875
2022-09-13,76.33794403076172
2022-09-14,77.31869506835938
2022-09-15,76.92255401611328
2022-09-16,76.30414581298828
2022-09-19,77.38375091552734
2022-09-20,76.07177734375
2022-09-21,74.27078247070312
2022-09-22,72.55695343017578
2022-09-23,70.88670349121094
2022-09-26,70.7269515991211
2022-09-27,70.94965362548828
2022-09-28,72.86677551269531
2022-09-29,70.34931182861328
2022-09-30,68.96469116210938
2022-10-03,69.032470703125
2022-10-04,71.44346618652344
2022-10-05,71.02227020263672
2022-10-06,70.51876068115234
2022-10-07,68.09324645996094
2022-10-10,67.67206573486328
2022-10-11,67.1201400756836
2022-10-12,67.29443359375
2022-10-13,68.03031158447266
2022-10-14,65.48860168457031
2022-10-17,68.14649200439453
2022-10-18,69.08574676513672
2022-10-19,68.31112670898438
2022-10-20,66.98942565917969
2022-10-21,68.94048309326172
2022-10-24,69.22614288330078
2022-10-25,70.95931243896484
2022-10-26,70.38804626464844
2022-10-27,70.1169204711914
2022-10-28,70.17987823486328
2022-10-31,69.72962188720703
2022-11-01,69.02278137207031
2022-11-02,66.4133071899414
2022-11-03,66.01631164550781
2022-11-04,66.56822204589844
2022-11-07,66.10345458984375
2022-11-08,65.93887329101562
2022-11-09,63.92488479614258
2022-11-10,68.59674835205078
2022-11-11,70.24280548095703
2022-11-14,69.1292953491211
2022-11-15,70.0733642578125
2022-11-16,69.00342559814453
2022-11-17,68.16587829589844
2022-11-18,68.25786590576172
2022-11-21,67.27022552490234
2022-11-22,68.03031158447266
2022-11-23,69.01311492919922
2022-11-25,69.05184936523438
2022-11-28,68.62582397460938
2022-11-29,68.40794372558594
2022-11-30,70.76566314697266
2022-12-01,70.7559814453125
2022-12-02,70.66400146484375
2022-12-05,68.62582397460938
2022-12-06,67.55586242675781
2022-12-07,67.14917755126953
2022-12-08,67.7979507446289
2022-12-09,67.50259399414062
2022-12-12,67.67206573486328
2022-12-13,67.67206573486328
2022-12-14,67.16856384277344
2022-12-15,66.06474304199219
2022-12-16,64.8302001953125
2022-12-19,63.78937911987305
2022-12-20,63.04662322998047
2022-12-21,64.051513671875
2022-12-22,62.405818939208984
2022-12-23,62.83301544189453
2022-12-27,61.81355667114258
2022-12-28,61.29410934448242
2022-12-29,62.871849060058594
2022-12-30,62.70193862915039
2023-01-03,62.3281364440918
2023-01-04,63.23110580444336
2023-01-05,62.6436882019043
2023-01-06,64.11463165283203
2023-01-09,64.50300598144531
2023-01-10,65.313720703125
2023-01-11,67.07594299316406
2023-01-12,67.18757629394531
2023-01-13,67.81867980957031
2023-01-17,67.86722564697266
2023-01-18,66.98369598388672
2023-01-19,65.87198638916016
2023-01-20,67.46914672851562
2023-01-23,68.52261352539062
2023-01-24,68.4449234008789
2023-01-25,68.79444885253906
2023-01-26,70.20230102539062
2023-01-27,71.79460144042969
2023-01-30,70.57124328613281
2023-01-31,72.18780517578125
2023-02-01,73.55680847167969
2023-02-02,75.8093490600586
2023-02-03,73.47430419921875
2023-02-06,73.36750030517578
2023-02-07,73.53740692138672
2023-02-08,72.91116333007812
2023-02-09,72.77523040771484
2023-02-10,71.92082214355469
2023-02-13,72.97427368164062
2023-02-14,73.84809112548828
2023-02-15,74.71220397949219
2023-02-16,73.08106994628906
2023-02-17,73.09564208984375
2023-02-21,70.65377044677734
2023-02-22,71.01300811767578
2023-02-23,70.95476531982422
2023-02-24,69.83820343017578
2023-02-27,70.70231628417969
2023-02-28,70.65377044677734
2023-03-01,69.7654037475586
2023-03-02,69.53235626220703
2023-03-03,71.02755737304688
2023-03-06,70.50811767578125
2023-03-07,69.54691314697266
2023-03-08,69.42070007324219
2023-03-09,67.7652816772461
2023-03-10,67.09048461914062
2023-03-13,67.23128509521484
2023-03-14,68.37210083007812
2023-03-15,68.27017211914062
2023-03-16,69.50323486328125
2023-03-17,68.6148452758789
2023-03-20,68.91187286376953
2023-03-21,70.8157958984375
2023-03-22,69.23814392089844
2023-03-23,69.16507720947266
2023-03-24,68.94110107421875
2023-03-27,69.0822982788086
2023-03-28,68.99951934814453
2023-03-29,70.30940246582031
2023-03-30,70.92293548583984
2023-03-31,72.81712341308594
2023-04-03,72.1500244140625
2023-04-04,72.0331802368164
2023-04-05,70.55772399902344
2023-04-06,70.57233428955078
2023-04-10,70.88398742675781
2023-04-11,70.99598693847656
2023-04-12,69.89549255371094
2023-04-13,71.43910217285156
2023-04-14,71.53163146972656
2023-04-17,72.03802490234375
2023-04-18,72.1549072265625
2023-04-19,72.08672332763672
2023-04-20,70.97649383544922
2023-04-21,71.76048278808594
2023-04-24,71.75074005126953
2023-04-25,70.32886505126953
2023-04-26,69.9685287475586
2023-04-27,71.81403350830078
2023-04-28,71.99909210205078
2023-05-01,71.28813171386719
2023-05-02,71.36119842529297
2023-05-03,70.79632568359375
2023-05-04,70.2509536743164
2023-05-05,71.67283630371094
2023-05-08,71.91629791259766
2023-05-09,71.89681243896484
2023-05-10,72.26202392578125
2023-05-11,72.59801483154297
2023-05-12,71.9844741821289
2023-05-15,72.07698822021484
2023-05-16,71.78482818603516
2023-05-17,73.27973175048828
2023-05-18,74.4191665649414
2023-05-19,73.7958984375
2023-05-22,73.5670394897461
2023-05-23,72.89505004882812
2023-05-24,72.62723541259766
2023-05-25,72.30097961425781
2023-05-26,74.00040435791016
2023-05-30,74.49711608886719
2023-05-31,73.8250961303711
2023-06-01,74.69671630859375
2023-06-02,76.4497299194336
2023-06-05,76.6785659790039
2023-06-06,77.47715759277344
2023-06-07,76.95125579833984
2023-06-08,78.09070587158203
2023-06-09,78.49485778808594
2023-06-12,79.84368896484375
2023-06-13,80.67150115966797
2023-06-14,80.61306762695312
2023-06-15,81.13896179199219
2023-06-16,81.01722717285156
2023-06-20,81.62418365478516
2023-06-21,80.64347076416016
2023-06-22,81.67298889160156
2023-06-23,80.72642517089844
2023-06-26,79.69202423095703
2023-06-27,81.40462493896484
2023-06-28,81.7266616821289
2023-06-29,81.8144760131836
2023-06-30,82.853759765625
2023-07-03,83.8539810180664
2023-07-05,83.88813781738281
2023-07-06,82.53660583496094
2023-07-07,82.6390609741211
2023-07-10,82.89278411865234
2023-07-11,83.58563995361328
2023-07-12,84.3370361328125
2023-07-13,85.1274642944336
2023-07-14,85.3470230102539
2023-07-17,85.6934585571289
2023-07-18,86.04476165771484
2023-07-19,86.3472900390625
2023-07-20,83.40509796142578
2023-07-21,83.42462158203125
2023-07-24,83.9710922241211
2023-07-25,83.77593994140625
2023-07-26,83.75640869140625
2023-07-27,82.88790893554688
2023-07-28,84.2931137084961
2023-07-31,84.77128601074219
2023-08-01,83.8100814819336
2023-08-02,82.30728149414062
2023-08-03,82.50245666503906
2023-08-04,83.70274353027344
2023-08-07,84.56148529052734
2023-08-08,83.88813781738281
2023-08-09,82.89278411865234
2023-08-10,83.09283447265625
2023-08-11,82.80984497070312
2023-08-14,83.06356811523438
2023-08-15,81.93157196044922
2023-08-16,80.9167251586914
2023-08-17,79.54566955566406
2023-08-18,79.36511993408203
2023-08-21,80.27753448486328
2023-08-22,80.3946304321289
2023-08-23,81.03868865966797
2023-08-24,79.45295715332031
2023-08-25,80.3409652709961
2023-08-28,80.66297912597656
2023-08-29,82.67809295654297
2023-08-30,83.0342788696289
2023-08-31,83.29288482666016
2023-09-01,82.78544616699219
2023-09-05,82.843994140625
2023-09-06,82.10723114013672
2023-09-07,82.33656311035156
2023-09-08,82.33656311035156
2023-09-11,84.55170440673828
2023-09-12,83.78567504882812
2023-09-13,84.44925689697266
2023-09-14,85.27871704101562
2023-09-15,83.81982421875
2023-09-18,82.90824890136719
2023-09-19,82.49278259277344
2023-09-20,81.6716079711914
2023-09-21,79.4427261352539
2023-09-22,78.6606674194336
2023-09-25,79.14456939697266
2023-09-26,77.7026596069336
2023-09-27,77.40447998046875
2023-09-28,78.2696533203125
2023-09-29,78.68511962890625
2023-10-02,78.74866485595703
2023-10-03,76.83260345458984
2023-10-04,78.34785461425781
2023-10-05,77.95684051513672
2023-10-06,78.50425720214844
2023-10-09,78.58736419677734
2023-10-10,79.44761657714844
2023-10-11,79.73110961914062
2023-10-12,78.86109161376953
2023-10-13,77.7026596069336
2023-10-16,78.95885467529297
2023-10-17,79.14456939697266
2023-10-18,77.28717803955078
2023-10-19,75.31248474121094
2023-10-20,74.14427185058594
2023-10-23,74.23226165771484
2023-10-24,75.02409362792969
2023-10-25,73.50885772705078
2023-10-26,72.36019897460938
2023-10-27,73.1178207397461
2023-10-30,73.7874755859375
2023-10-31,74.34468078613281
2023-11-01,75.26359558105469
2023-11-02,77.22854614257812
2023-11-03,78.31363677978516
2023-11-06,78.41139221191406
2023-11-07,79.28632354736328
2023-11-08,79.0761489868164
2023-11-09,77.60001373291016
2023-11-10,78.89041137695312
2023-11-13,79.22767639160156
2023-11-14,81.8964614868164
2023-11-15,81.99421691894531
2023-11-16,81.15348815917969
2023-11-17,81.696044921875
2023-11-20,82.11641693115234
2023-11-21,81.90623474121094
2023-11-22,82.15552520751953
2023-11-24,82.23371887207031
2023-11-27,82.3656997680664
2023-11-28,82.83981323242188
2023-11-29,82.61498260498047
2023-11-30,82.49765014648438
2023-12-01,83.62676239013672
2023-12-04,83.3090591430664
2023-12-05,83.45569610595703
2023-12-06,83.57788848876953
2023-12-07,84.2670669555664
2023-12-08,84.65322875976562
2023-12-11,84.87806701660156
2023-12-12,85.14202117919922
2023-12-13,86.25643920898438
2023-12-14,87.41487884521484
2023-12-15,87.5957260131836
2023-12-18,88.13925170898438
2023-12-19,88.8296890258789
2023-12-20,87.20890045166016
2023-12-21,88.53587341308594
2023-12-22,87.88463592529297
2023-12-26,88.25678253173828
2023-12-27,88.56037139892578
2023-12-28,88.10008239746094
2023-12-29,87.55655670166016
2024-01-02,86.74369812011719
2024-01-03,84.99073791503906
2024-01-04,84.39334106445312
2024-01-05,84.52552795410156
2024-01-08,85.96515655517578
2024-01-09,85.64688110351562
2024-01-10,86.3323974609375
2024-01-11,86.21977996826172
2024-01-12,85.18169403076172
2024-01-16,85.08374786376953
2024-01-17,84.3394775390625
2024-01-18,84.81935119628906
2024-01-19,85.63706970214844
2024-01-22,85.2600326538086
2024-01-23,85.05438995361328
2024-01-24,84.73118591308594
2024-01-25,83.68331909179688
2024-01-26,84.06526947021484
2024-01-29,85.29432678222656
2024-01-30,85.24534606933594
2024-01-31,83.693115234375
2024-02-01,85.30410766601562
2024-02-02,86.82696533203125
2024-02-05,85.6028060913086
2024-02-06,86.12185668945312
2024-02-07,87.08648681640625
2024-02-08,87.46842193603516
2024-02-09,88.09028625488281
2024-02-12,88.016845703125
2024-02-13,86.26384735107422
2024-02-14,87.17462158203125
2024-02-15,88.1833267211914
2024-02-16,87.65939331054688
2024-02-20,86.83185577392578
2024-02-21,87.47331237792969
2024-02-22,89.17244720458984
2024-02-23,88.77092742919922
2024-02-26,89.04512023925781
2024-02-27,89.33892822265625
2024-02-28,89.69149017333984
2024-02-29,90.29866790771484
2024-03-01,90.59735870361328
2024-03-04,89.37320709228516
2024-03-05,88.26166534423828
2024-03-06,87.94828033447266
2024-03-07,88.6191177368164
2024-03-08,88.29105377197266
2024-03-11,88.0511245727539
2024-03-12,88.81009674072266
2024-03-13,88.62401580810547
2024-03-14,88.06089782714844
2024-03-15,87.18441772460938
2024-03-18,87.850341796875
2024-03-19,88.61096954345703
2024-03-20,89.93102264404297
2024-03-21,90.45610809326172
2024-03-22,89.66603088378906
2024-03-25,89.37158966064453
2024-03-26,89.48448181152344
2024-03-27,90.51990509033203
2024-03-28,90.24019622802734
2024-04-01,89.56788635253906
2024-04-02,88.24781799316406
2024-04-03,88.31161499023438
2024-04-04,87.27618408203125
2024-04-05,87.76199340820312
2024-04-08,88.59623718261719
2024-04-09,89.01335906982422
2024-04-10,87.63931274414062
2024-04-11,88.3459701538086
2024-04-12,86.91304016113281
2024-04-15,85.46538543701172
2024-04-16,84.97957611083984
2024-04-17,84.56735229492188
2024-04-18,84.0422592163086
2024-04-19,83.30618286132812
2024-04-22,83.67420959472656
2024-04-23,84.67041015625
2024-04-24,85.48011016845703
2024-04-25,85.55372619628906
2024-04-26,86.32417297363281
2024-04-29,88.33124542236328
2024-04-30,86.18184661865234
2024-05-01,85.64205169677734
2024-05-02,86.72164916992188
2024-05-03,87.30561065673828
2024-05-06,88.23800659179688
2024-05-07,87.60496520996094
2024-05-08,87.27618408203125
2024-05-09,87.86996459960938
2024-05-10,87.39886474609375
2024-05-13,87.2859878540039
2024-05-14,87.68347930908203
2024-05-15,87.81598663330078
2024-05-16,87.24673461914062
2024-05-17,87.69329833984375
2024-05-20,87.04063415527344
2024-05-21,87.60005950927734
2024-05-22,86.68730163574219
2024-05-23,85.28382873535156
2024-05-24,86.14259338378906
2024-05-28,85.93157958984375
2024-05-29,85.36724853515625
2024-05-30,85.87268829345703
2024-05-31,86.35360717773438
2024-06-03,86.31433868408203
2024-06-04,86.40267944335938
2024-06-05,86.90812683105469
2024-06-06,87.54116821289062
2024-06-07,87.18295288085938
2024-06-10,87.462646484375
2024-06-11,87.23200988769531
2024-06-12,88.13986206054688
2024-06-13,88.20857238769531
2024-06-14,87.51172637939453
2024-06-17,89.04771423339844
2024-06-18,88.74835968017578
2024-06-20,88.8612289428711
2024-06-21,89.61205291748047
2024-06-24,89.22944641113281
2024-06-25,88.87044525146484
2024-06-26,90.15890502929688
2024-06-27,90.70970916748047
2024-06-28,89.70154571533203
2024-07-01,90.0064697265625
2024-07-02,91.75720977783203
2024-07-03,92.34243774414062
2024-07-05,93.09486389160156
2024-07-08,93.1391372680664
2024-07-09,93.44896697998047
2024-07-10,94.15221405029297
2024-07-11,92.95716857910156
2024-07-12,94.17186737060547
2024-07-15,94.06369018554688
2024-07-16,95.7505111694336
2024-07-17,94.15221405029297
2024-07-18,93.1932373046875
2024-07-19,92.36210632324219
2024-07-22,93.38011169433594
2024-07-23,92.96208953857422
2024-07-24,89.16058349609375
2024-07-25,88.81141662597656
2024-07-26,89.80482482910156
2024-07-29,91.30477142333984
2024-07-30,90.79822540283203
2024-07-31,92.20474243164062
2024-08-01,89.9425277709961
2024-08-02,86.63280487060547
2024-08-05,84.1837158203125
2024-08-06,85.11321258544922
2024-08-07,83.62802124023438
2024-08-08,85.45252227783203
2024-08-09,85.7377700805664
2024-08-12,85.3984375
2024-08-13,87.5376968383789
2024-08-14,87.07049560546875
2024-08-15,89.84909057617188
2024-08-16,90.06055450439453
2024-08-19,91.1670913696289
2024-08-20,91.08348083496094
2024-08-21,92.23426055908203
2024-08-22,90.64086151123047
2024-08-23,92.39161682128906
2024-08-26,91.6736068725586
2024-08-27,91.4326400756836
2024-08-28,90.54743957519531
2024-08-29,90.65560913085938
2024-08-30,92.02277374267578
2024-09-03,90.7588882446289
2024-09-04,90.99494934082031
2024-09-05,92.02770233154297
2024-09-06,89.70154571533203
2024-09-09,91.00969696044922
2024-09-10,92.05228424072266
2024-09-11,92.971923828125
2024-09-12,94.01942443847656
2024-09-13,94.65874481201172
2024-09-16,94.4964599609375
2024-09-17,94.97840118408203
2024-09-18,94.7915267944336
2024-09-19,96.95046997070312
2024-09-20,96.72915649414062
2024-09-23,97.90449523925781
2024-09-24,98.761962890625
2024-09-25,98.40714263916016
2024-09-26,98.8260269165039
2024-09-27,98.97386169433594
2024-09-30,98.74224090576172
2024-10-01,98.34307861328125
2024-10-02,97.51024627685547
2024-10-03,96.38174438476562
2024-10-04,97.65808868408203
2024-10-07,96.14026641845703
2024-10-08,97.07659149169922
2024-10-09,97.77142333984375
2024-10-10,97.28849792480469
2024-10-11,96.8745346069336
2024-10-14,97.29834747314453
2024-10-15,97.51024627685547
2024-10-16,98.02276611328125
2024-10-17,97.93405151367188
2024-10-18,98.31844329833984
2024-10-21,97.55460357666016
2024-10-22,97.16036987304688
2024-10-23,95.63268280029297
2024-10-24,98.64862060546875
2024-10-25,98.95909118652344
2024-10-28,99.19068908691406
2024-10-29,98.67324829101562
2024-10-30,98.53527069091797
2024-10-31,97.0273208618164
2024-11-01,98.60425567626953
2024-11-04,98.26422119140625
2024-11-05,100.0038070678711
2024-11-06,103.20208740234375
2024-11-07,104.52772521972656
2024-11-08,106.01103973388672
2024-11-11,108.1498031616211
2024-11-12,106.70587921142578
2024-11-13,107.61758422851562
2024-11-14,106.08988952636719
2024-11-15,105.18314361572266
2024-11-18,106.15396118164062
2024-11-19,106.23280334472656
2024-11-20,105.76464080810547
2024-11-21,105.95191955566406
2024-11-22,107.47958374023438
2024-11-25,108.57852935791016
2024-11-26,108.97277069091797
2024-11-27,108.43561553955078
2024-11-29,109.54934692382812
2024-12-02,110.50538635253906
2024-12-03,110.42160034179688
2024-12-04,111.44661712646484
2024-12-05,112.35830688476562
2024-12-06,114.72373962402344
2024-12-09,114.35906982421875
2024-12-10,114.54633331298828
2024-12-11,116.55695343017578
2024-12-12,115.591064453125
2024-12-13,116.04937744140625
2024-12-16,117.62139892578125
2024-12-17,117.99099731445312
2024-12-18,112.67369079589844
2024-12-19,112.52091979980469
2024-12-20,112.80674743652344
2024-12-23,113.1489028930664
2024-12-24,115.76569366455078
2024-12-26,115.3361587524414
2024-12-27,113.43033599853516
2024-12-30,111.60845184326172
2024-12-31,110.76911163330078
2025-01-02,109.3125991821289
2025-01-03,111.5245132446289
2025-01-06,111.96394348144531
2025-01-07,109.79644775390625
2025-01-08,110.10750579833984
2025-01-10,109.02622985839844
2025-01-13,109.64339447021484
2025-01-14,109.43109130859375
2025-01-15,112.21575164794922
2025-01-16,111.60845184326172
2025-01-17,113.17359924316406
2025-01-21,114.0030517578125
2025-01-22,113.5735092163086
2025-01-23,114.25980377197266
2025-01-24,113.56363677978516
2025-01-27,114.2104263305664
2025-01-28,114.34867858886719
2025-01-29,114.02281188964844
2025-01-30,115.1386489868164
2025-01-31,114.6301040649414
2025-02-03,113.11434173583984
2025-02-04,114.44742584228516
2025-02-05,113.1489028930664
2025-02-06,113.59819793701172
2025-02-07,111.37639617919922
2025-02-10,111.7565689086914
2025-02-11,110.4876708984375
2025-02-12,110.46793365478516
2025-02-13,112.12688446044922
2025-02-14,112.07749938964844
2025-02-18,111.7664566040039
2025-02-19,111.70227813720703
2025-02-20,110.73948669433594
2025-02-21,107.82645416259766
2025-02-24,107.42160034179688
2025-02-25,106.85873413085938
2025-02-26,106.41931915283203
2025-02-27,104.88380432128906
2025-02-28,106.6266860961914
2025-03-03,104.66162109375
2025-03-04,102.8150634765625
2025-03-05,104.38019561767578
2025-03-06,101.73377990722656
2025-03-07,101.54617309570312
2025-03-10,97.92216491699219
2025-03-11,96.96431732177734
2025-03-12,97.52716827392578
2025-03-13,95.09307098388672
2025-03-14,97.11738586425781
2025-03-17,97.27043914794922
2025-03-18,95.53742980957031
2025-03-19,97.36918640136719
2025-03-20,97.13713073730469
2025-03-21,97.48767852783203
2025-03-24,101.14244079589844
2025-03-25,101.94945526123047
2025-03-26,100.61764526367188
2025-03-27,100.6820068359375
2025-03-28,97.55302429199219
2025-03-31,97.7609634399414
2025-04-01,98.78085327148438
2025-04-02,100.65725708007812
2025-04-03,94.57752990722656
2025-04-04,90.4979476928711
2025-04-07,89.42855834960938
2025-04-08,87.30461883544922
2025-04-09,96.81038665771484
2025-04-10,93.02788543701172
2025-04-11,93.92894744873047
2025-04-14,94.20125579833984
2025-04-15,93.52296447753906
2025-04-16,91.2158432006836
2025-04-17,91.79014587402344
2025-04-21,89.33943939208984
2025-04-22,92.16641998291016
2025-04-23,94.22600555419922
2025-04-24,96.10240173339844
2025-04-25,97.83028411865234
2025-04-28,97.86493682861328
2025-04-29,98.55807495117188
2025-04-30,97.66194152832031
2025-05-01,98.20159912109375
2025-05-02,99.72648620605469
2025-05-05,98.66698455810547
2025-05-06,97.80552673339844
2025-05-07,98.5679702758789
2025-05-08,99.73143005371094
2025-05-09,100.21167755126953
2025-05-12,105.19230651855469
2025-05-13,106.58351135253906
2025-05-14,106.99443817138672
2025-05-15,106.75679779052734
2025-05-16,107.76679229736328
2025-05-19,107.51429748535156
2025-05-20,106.95484161376953
2025-05-21,104.78633117675781
2025-05-22,105.23686218261719
2025-05-23,104.29122924804688
2025-05-27,107.3707046508789
2025-05-28,106.38548278808594
2025-05-29,106.4300308227539
2025-05-30,105.85076904296875
2025-06-02,106.09832763671875
2025-06-03,106.66272735595703
2025-06-04,106.38052368164062
2025-06-05,103.6971206665039
2025-06-06,105.04376983642578
2025-06-09,105.88542175292969
2025-06-10,107.15287017822266
2025-06-11,106.30625915527344
2025-06-12,105.80622863769531
2025-06-13,104.83088684082031
2025-06-16,105.95970153808594
2025-06-17,104.13282012939453
2025-06-18,104.18231964111328
2025-06-20,104.30607604980469
2025-06-23,106.37351989746094
2025-06-24,106.96393585205078
2025-06-25,105.70372772216797
2025-06-26,106.6761703491211
2025-06-27,108.4523696899414
2025-06-30,107.82723236083984
2025-07-01,108.28864288330078
2025-07-02,109.15689849853516
2025-07-03,109.75227355957031
2025-07-07,108.35810852050781
2025-07-08,107.99095916748047
2025-07-09,108.63097381591797
2025-07-10,109.83164978027344
2025-07-11,109.86141967773438
2025-07-14,110.26825714111328
2025-07-15,108.6905288696289
2025-07-16,108.88897705078125
2025-07-17,109.2610855102539
2025-07-18,110.22857666015625
2025-07-21,110.74952697753906
2025-07-22,111.87080383300781
2025-07-23,112.40168762207031
2025-07-24,110.5411376953125
2025-07-25,111.56816101074219
2025-07-28,112.2181167602539
2025-07-29,111.44412994384766
2025-07-30,110.73960876464844
2025-07-31,109.86141967773438
2025-08-01,107.21200561523438
2025-08-04,108.47222137451172
2025-08-05,108.61115264892578
2025-08-06,110.86860656738281
2025-08-07,110.83386993408203
2025-08-08,111.02735900878906
2025-08-11,111.31513214111328
2025-08-12,112.49595642089844
2025-08-13,114.0389633178711
2025-08-14,113.90996551513672
2025-08-15,113.6370849609375
2025-08-18,114.09355163574219
2025-08-19,114.0389633178711
2025-08-20,112.9127197265625
2025-08-21,112.24291229248047
2025-08-22,115.65144348144531
2025-08-25,115.41825103759766
2025-08-26,115.9491195678711
2025-08-27,115.97393035888672
2025-08-28,116.17239379882812
2025-08-29,114.97667694091797
2025-09-02,114.11833953857422
2025-09-03,114.57977294921875
2025-09-04,116.67350769042969
2025-09-05,116.648681640625
2025-09-08,117.10018157958984
2025-09-09,116.93645477294922
2025-09-10,115.53732299804688
2025-09-11,117.78485870361328
2025-09-12,118.3951187133789
2025-09-15,119.42213439941406
2025-09-16,120.15644073486328
2025-09-17,119.85379028320312
2025-09-18,119.31299591064453
2025-09-19,119.76448822021484
2025-09-22,119.37432861328125
2025-09-23,118.25106048583984
2025-09-24,119.08605194091797
2025-09-25,117.4061279296875
2025-09-26,119.14073181152344
2025-09-29,119.66259002685547
2025-09-30,119.1059341430664
2025-10-01,119.8514633178711
2025-10-02,118.98664855957031
2025-10-03,118.22123718261719
2025-10-06,119.23515319824219
2025-10-07,117.14766693115234
2025-10-08,117.4955825805664
2025-10-09,116.90911102294922
2025-10-10,113.6933822631836
2025-10-13,116.23316192626953
2025-10-14,116.47669982910156
2025-10-15,116.64568328857422
2025-10-16,115.51744079589844
2025-10-17,116.51148223876953
2025-10-20,117.43594360351562
2025-10-21,118.8723373413086
2025-10-22,117.94290161132812
2025-10-23,118.4747085571289
2025-10-24,118.12183380126953
2025-10-27,119.82164764404297
2025-10-28,119.8514633178711
2025-10-29,118.86238861083984
2025-10-30,116.17848205566406
2025-10-31,119.25006103515625
2025-11-03,120.36836242675781
2025-11-04,118.37034606933594
2025-11-05,119.81169891357422
2025-11-06,117.04330444335938
2025-11-07,117.22720336914062
2025-11-10,118.76795959472656
2025-11-11,119.06120300292969
2025-11-12,118.26100158691406
2025-11-13,115.30870056152344
2025-11-14,114.75700378417969
2025-11-17,113.678466796875
2025-11-18,111.58104705810547
2025-11-19,111.58601379394531
2025-11-20,109.92100524902344
2025-11-21,112.07806396484375
2025-11-24,113.5740966796875
2025-11-25,116.00452423095703
2025-11-26,116.79975891113281
2025-11-28,117.5254135131836
2025-12-01,117.5949935913086
2025-12-02,117.51546478271484
2025-12-03,118.78287506103516
2025-12-04,118.36040496826172
2025-12-05,119.01647186279297
2025-12-08,117.28683471679688
2025-12-09,117.27690887451172
2025-12-10,118.99658966064453
2025-12-11,119.46378326416016
2025-12-12,119.98068237304688
2025-12-15,121.00454711914062
2025-12-16,121.20336151123047
2025-12-17,119.8017578125
2025-12-18,121.61090850830078
2025-12-19,121.12383270263672
2025-12-22,121.85191345214844
2025-12-23,121.68260192871094
2025-12-24,122.10092163085938
2025-12-26,121.56307983398438
2025-12-29,120.36786651611328
2025-12-30,119.87981414794922
2025-12-31,118.9336166381836
