Date,IWM
2015-01-02,102.54312133789062
2015-01-05,101.17221069335938
2015-01-06,99.42191314697266
2015-01-07,100.64627075195312
2015-01-08,102.35343170166016
2015-01-09,101.37049865722656
2015-01-12,101.03426361083984
2015-01-13,101.11183166503906
2015-01-14,100.70661163330078
2015-01-15,99.00804901123047
2015-01-16,100.620361328125
2015-01-20,100.19792175292969
2015-01-21,99.87889099121094
2015-01-22,101.91371154785156
2015-01-23,101.84474182128906
2015-01-26,102.82766723632812
2015-01-27,102.33618927001953
2015-01-28,100.61177062988281
2015-01-29,101.99993133544922
2015-01-30,99.7581787109375
2015-02-02,100.67211151123047
2015-02-03,102.47412872314453
2015-02-04,102.09477996826172
2015-02-05,103.4139633178711
2015-02-06,103.30186462402344
2015-02-09,102.48278045654297
2015-02-10,103.13805389404297
2015-02-11,102.99148559570312
2015-02-12,104.16407775878906
2015-02-13,104.78488159179688
2015-02-17,105.11250305175781
2015-02-18,105.22462463378906
2015-02-19,105.23323059082031
2015-02-20,105.51775360107422
2015-02-23,105.62126159667969
2015-02-24,105.75917053222656
2015-02-25,105.87989044189453
2015-02-26,106.26788330078125
2015-02-27,105.69024658203125
2015-03-02,106.45758056640625
2015-03-03,105.82817840576172
2015-03-04,105.50051879882812
2015-03-05,105.81094360351562
2015-03-06,104.4744873046875
2015-03-09,104.93146514892578
2015-03-10,103.72437286376953
2015-03-11,104.3624038696289
2015-03-12,106.09545135498047
2015-03-13,105.71609497070312
2015-03-16,106.33689880371094
2015-03-17,106.62142181396484
2015-03-18,107.4749984741211
2015-03-19,107.68193054199219
2015-03-20,108.6303482055664
2015-03-23,108.53551483154297
2015-03-24,108.50965881347656
2015-03-25,105.91768646240234
2015-03-26,105.78797912597656
2015-03-27,106.46257781982422
2015-03-30,107.90686798095703
2015-03-31,107.56090545654297
2015-04-01,107.60415649414062
2015-04-02,107.80307006835938
2015-04-06,108.27873229980469
2015-04-07,107.58684539794922
2015-04-08,108.51222229003906
2015-04-09,108.12308502197266
2015-04-10,108.64196014404297
2015-04-13,108.71116638183594
2015-04-14,108.68521118164062
2015-04-15,109.44627380371094
2015-04-16,109.38573455810547
2015-04-17,107.6128158569336
2015-04-20,108.66792297363281
2015-04-21,108.55548858642578
2015-04-22,108.71979522705078
2015-04-23,109.2127914428711
2015-04-24,108.84952545166016
2015-04-27,107.64737701416016
2015-04-28,108.24414825439453
2015-04-29,107.06793212890625
2015-04-30,104.80206298828125
2015-05-01,105.48529815673828
2015-05-04,105.8658218383789
2015-05-05,104.51663208007812
2015-05-06,104.87989807128906
2015-05-07,105.27772521972656
2015-05-08,106.06473541259766
2015-05-11,106.1252670288086
2015-05-12,105.93498992919922
2015-05-13,105.93498992919922
2015-05-14,107.05929565429688
2015-05-15,106.93822479248047
2015-05-18,108.14899444580078
2015-05-19,108.00196838378906
2015-05-20,108.20089721679688
2015-05-21,108.079833984375
2015-05-22,107.6128158569336
2015-05-26,106.5836410522461
2015-05-27,107.88957214355469
2015-05-28,107.79441833496094
2015-05-29,107.14580535888672
2015-06-01,107.48311614990234
2015-06-02,107.69062042236328
2015-06-03,108.7630386352539
2015-06-04,107.67334747314453
2015-06-05,108.45169067382812
2015-06-08,107.95008850097656
2015-06-09,107.62145233154297
2015-06-10,108.96194458007812
2015-06-11,109.23873138427734
2015-06-12,108.91006469726562
2015-06-15,108.56411743164062
2015-06-16,109.33382415771484
2015-06-17,109.16950988769531
2015-06-18,110.63113403320312
2015-06-19,110.57923126220703
2015-06-22,111.34030151367188
2015-06-23,111.57379913330078
2015-06-24,110.63113403320312
2015-06-25,110.57057189941406
2015-06-26,110.26786804199219
2015-06-29,107.48311614990234
2015-06-30,107.98470306396484
2015-07-01,108.30467987060547
2015-07-02,107.50479125976562
2015-07-06,107.47001647949219
2015-07-07,107.59164428710938
2015-07-08,105.95013427734375
2015-07-09,106.33229064941406
2015-07-10,107.80876159667969
2015-07-13,109.02468872070312
2015-07-14,109.63262176513672
2015-07-15,109.05073547363281
2015-07-16,109.7021255493164
2015-07-17,109.22442626953125
2015-07-20,108.63384246826172
2015-07-21,108.12142944335938
2015-07-22,108.52093505859375
2015-07-23,107.32239532470703
2015-07-24,105.59402465820312
2015-07-27,104.71682739257812
2015-07-28,105.61140441894531
2015-07-29,105.90673065185547
2015-07-30,106.21070861816406
2015-07-31,106.79258728027344
2015-08-03,106.26280212402344
2015-08-04,106.01093292236328
2015-08-05,106.25411224365234
2015-08-06,104.82108306884766
2015-08-07,104.11759948730469
2015-08-10,105.31613159179688
2015-08-11,104.4128646850586
2015-08-12,104.2131118774414
2015-08-13,103.86568450927734
2015-08-14,104.53447723388672
2015-08-17,105.63745880126953
2015-08-18,104.79499816894531
2015-08-19,103.70935821533203
2015-08-20,101.08642578125
2015-08-21,99.90525817871094
2015-08-24,96.00565338134766
2015-08-25,95.26740264892578
2015-08-26,97.69053649902344
2015-08-27,99.43627166748047
2015-08-28,100.41769409179688
2015-08-31,100.05290985107422
2015-09-01,97.18682098388672
2015-09-02,98.93253326416016
2015-09-03,98.77620697021484
2015-09-04,98.02925872802734
2015-09-08,100.27005767822266
2015-09-09,99.11493682861328
2015-09-10,99.56654357910156
2015-09-11,100.03556823730469
2015-09-14,99.57523345947266
2015-09-15,100.69562530517578
2015-09-16,101.56410217285156
2015-09-17,101.91153717041016
2015-09-18,100.50455474853516
2015-09-21,100.32212829589844
2015-09-22,98.8022689819336
2015-09-23,98.5069580078125
2015-09-24,98.34196472167969
2015-09-25,97.04763793945312
2015-09-28,94.33007049560547
2015-09-29,93.65943908691406
2015-09-30,95.11396026611328
2015-10-01,94.948486328125
2015-10-02,96.35952758789062
2015-10-05,98.65900421142578
2015-10-06,97.9796142578125
2015-10-07,99.71293640136719
2015-10-08,100.61004638671875
2015-10-09,100.81037902832031
2015-10-12,100.66229248046875
2015-10-13,99.2861099243164
2015-10-14,98.31057739257812
2015-10-15,100.66229248046875
2015-10-16,100.53165435791016
2015-10-19,100.72327423095703
2015-10-20,100.58393096923828
2015-10-21,99.05094909667969
2015-10-22,99.92196655273438
2015-10-23,100.90618133544922
2015-10-26,100.21809387207031
2015-10-27,99.12059020996094
2015-10-28,102.01235961914062
2015-10-29,100.92362976074219
2015-10-30,100.46197509765625
2015-11-02,102.5523910522461
2015-11-03,103.08370971679688
2015-11-04,103.03146362304688
2015-11-05,103.1098403930664
2015-11-06,103.84149169921875
2015-11-09,102.62205505371094
2015-11-10,102.92693328857422
2015-11-11,102.02978515625
2015-11-12,100.07870483398438
2015-11-13,99.35580444335938
2015-11-16,100.20940399169922
2015-11-17,99.8261489868164
2015-11-18,101.51591491699219
2015-11-19,101.08910369873047
2015-11-20,101.74235534667969
2015-11-23,102.2475357055664
2015-11-24,102.99662780761719
2015-11-25,103.79792022705078
2015-11-27,104.18989562988281
2015-11-30,103.73696899414062
2015-12-01,104.42505645751953
2015-12-02,103.30146026611328
2015-12-03,101.55945587158203
2015-12-04,102.58723449707031
2015-12-07,101.0455322265625
2015-12-08,100.48810577392578
2015-12-09,99.36449432373047
2015-12-10,99.6954574584961
2015-12-11,97.47443389892578
2015-12-14,96.77763366699219
2015-12-15,98.17124938964844
2015-12-16,99.66934204101562
2015-12-17,98.60672760009766
2015-12-18,97.09989166259766
2015-12-21,97.83152770996094
2015-12-22,98.72866821289062
2015-12-23,99.97418975830078
2015-12-24,100.16316223144531
2015-12-28,99.69953918457031
2015-12-29,100.77552795410156
2015-12-30,99.76078033447266
2015-12-31,98.51856231689453
2016-01-04,96.2353515625
2016-01-05,96.4453125
2016-01-06,94.97567749023438
2016-01-07,92.43878173828125
2016-01-08,90.84668731689453
2016-01-11,90.45304870605469
2016-01-12,90.72422790527344
2016-01-13,87.81116485595703
2016-01-14,89.02710723876953
2016-01-15,87.58375549316406
2016-01-19,86.40276336669922
2016-01-20,86.76144409179688
2016-01-21,86.56021881103516
2016-01-22,88.67720031738281
2016-01-25,86.70893859863281
2016-01-26,88.4410171508789
2016-01-27,87.22505950927734
2016-01-28,87.20758056640625
2016-01-29,90.06813049316406
2016-02-01,89.65697479248047
2016-02-02,87.72369384765625
2016-02-03,87.83744049072266
2016-02-04,88.1785888671875
2016-02-05,85.76416015625
2016-02-08,84.35577392578125
2016-02-09,83.78717041015625
2016-02-10,83.83091735839844
2016-02-11,82.92112731933594
2016-02-12,84.49571990966797
2016-02-16,86.49900817871094
2016-02-17,87.85490417480469
2016-02-18,87.43501281738281
2016-02-19,87.87242126464844
2016-02-22,88.85216522216797
2016-02-23,88.03863525390625
2016-02-24,88.88716125488281
2016-02-25,89.7007064819336
2016-02-26,90.26934051513672
2016-02-29,89.86692810058594
2016-03-01,91.80020141601562
2016-03-02,92.74494934082031
2016-03-03,93.7159652709961
2016-03-04,94.23209381103516
2016-03-07,95.25562286376953
2016-03-08,92.95491790771484
2016-03-09,93.42733001708984
2016-03-10,92.6662368774414
2016-03-11,94.6520004272461
2016-03-14,94.40705871582031
2016-03-15,92.93743896484375
2016-03-16,93.59353637695312
2016-03-17,95.0281753540039
2016-03-18,95.88548278808594
2016-03-21,95.65804290771484
2016-03-22,95.54429626464844
2016-03-23,93.77806854248047
2016-03-24,94.05880737304688
2016-03-28,94.17288970947266
2016-03-29,96.78755950927734
2016-03-30,96.79637908935547
2016-03-31,97.06836700439453
2016-04-01,97.49830627441406
2016-04-04,96.68228912353516
2016-04-05,95.58551788330078
2016-04-06,96.66473388671875
2016-04-07,95.35740661621094
2016-04-08,95.73470306396484
2016-04-11,95.4363784790039
2016-04-12,96.46293640136719
2016-04-13,98.54241180419922
2016-04-14,98.41958618164062
2016-04-15,98.66523742675781
2016-04-18,99.41105651855469
2016-04-19,99.49002838134766
2016-04-20,99.63917541503906
2016-04-21,99.13905334472656
2016-04-22,100.12177276611328
2016-04-25,99.41105651855469
2016-04-26,100.38497924804688
2016-04-27,100.73595428466797
2016-04-28,99.58654022216797
2016-04-29,98.69157409667969
2016-05-02,99.56898498535156
2016-05-03,97.93701171875
2016-05-04,97.12977600097656
2016-05-05,96.74369812011719
2016-05-06,97.31404113769531
2016-05-09,97.59481811523438
2016-05-10,98.5775146484375
2016-05-11,97.35790252685547
2016-05-12,96.8402328491211
2016-05-13,96.19972229003906
2016-05-16,97.41931915283203
2016-05-17,95.8750991821289
2016-05-18,96.37521362304688
2016-05-19,95.60308074951172
2016-05-20,97.20877075195312
2016-05-23,97.09469604492188
2016-05-24,99.09516906738281
2016-05-25,99.67427062988281
2016-05-26,99.56021118164062
2016-05-27,100.55168914794922
2016-05-31,100.90267181396484
2016-06-01,101.58705139160156
2016-06-02,102.36795043945312
2016-06-03,101.75373077392578
2016-06-06,102.85053253173828
2016-06-07,103.14884185791016
2016-06-08,103.91218566894531
2016-06-09,103.24535369873047
2016-06-10,101.84152221679688
2016-06-13,100.73595428466797
2016-06-14,100.44640350341797
2016-06-15,100.51657104492188
2016-06-16,100.50784301757812
2016-06-17,100.0779037475586
2016-06-20,101.16590118408203
2016-06-21,100.97285461425781
2016-06-22,100.57801818847656
2016-06-23,102.49954223632812
2016-06-24,98.60383605957031
2016-06-27,95.36616516113281
2016-06-28,96.8402328491211
2016-06-29,99.04253387451172
2016-06-30,100.88512420654297
2016-07-01,101.2448501586914
2016-07-05,99.75325012207031
2016-07-06,100.47756958007812
2016-07-07,100.6893081665039
2016-07-08,103.03604888916016
2016-07-11,104.22705078125
2016-07-12,105.6209945678711
2016-07-13,105.20635986328125
2016-07-14,105.31222534179688
2016-07-15,105.60335540771484
2016-07-18,105.77979278564453
2016-07-19,105.25044250488281
2016-07-20,105.9385986328125
2016-07-21,105.43571472167969
2016-07-22,106.22088623046875
2016-07-25,106.06212615966797
2016-07-26,106.57381439208984
2016-07-27,106.8737564086914
2016-07-28,106.60025787353516
2016-07-29,106.81199645996094
2016-08-01,106.90023040771484
2016-08-02,105.40925598144531
2016-08-03,106.2650146484375
2016-08-04,106.3620376586914
2016-08-05,107.89714813232422
2016-08-08,107.84420776367188
2016-08-09,107.95890808105469
2016-08-10,107.18256378173828
2016-08-11,107.69424438476562
2016-08-12,107.80010223388672
2016-08-15,108.86759185791016
2016-08-16,107.98538970947266
2016-08-17,107.66779327392578
2016-08-18,108.46178436279297
2016-08-19,108.46178436279297
2016-08-22,108.70880126953125
2016-08-23,109.46754455566406
2016-08-24,108.57646179199219
2016-08-25,108.78820037841797
2016-08-26,108.5676498413086
2016-08-29,109.13227844238281
2016-08-30,109.33518981933594
2016-08-31,108.71759796142578
2016-09-01,108.79703521728516
2016-09-02,109.84689331054688
2016-09-06,109.95274353027344
2016-09-07,110.64088439941406
2016-09-08,110.42031860351562
2016-09-09,106.97079467773438
2016-09-12,108.46178436279297
2016-09-13,106.37970733642578
2016-09-14,106.39734649658203
2016-09-15,107.66779327392578
2016-09-16,107.50897216796875
2016-09-19,108.22354888916016
2016-09-20,107.76482391357422
2016-09-21,109.32635498046875
2016-09-22,110.89673614501953
2016-09-23,110.1115493774414
2016-09-26,109.0180892944336
2016-09-27,109.46044921875
2016-09-28,110.30088806152344
2016-09-29,108.69076538085938
2016-09-30,109.88505554199219
2016-10-03,109.54004669189453
2016-10-04,109.00041961669922
2016-10-05,109.65506744384766
2016-10-06,109.54004669189453
2016-10-07,108.66423034667969
2016-10-10,109.96468353271484
2016-10-11,107.95649719238281
2016-10-12,107.86800384521484
2016-10-13,106.9745101928711
2016-10-14,106.54100036621094
2016-10-17,106.41716766357422
2016-10-18,107.02759552001953
2016-10-19,107.47879028320312
2016-10-20,107.16029357910156
2016-10-21,107.10719299316406
2016-10-24,107.78840637207031
2016-10-25,106.98334503173828
2016-10-26,105.9217529296875
2016-10-27,104.7097396850586
2016-10-28,104.41779327392578
2016-10-31,104.83361053466797
2016-11-01,103.55082702636719
2016-11-02,102.23268127441406
2016-11-03,101.73726654052734
2016-11-04,102.39191436767578
2016-11-07,104.89549255371094
2016-11-08,105.16976928710938
2016-11-09,108.40766143798828
2016-11-10,110.1416244506836
2016-11-11,112.67179107666016
2016-11-14,114.2553482055664
2016-11-15,114.60923767089844
2016-11-16,114.60035705566406
2016-11-17,115.27271270751953
2016-11-18,115.8831558227539
2016-11-21,116.42280578613281
2016-11-22,117.48442077636719
2016-11-23,118.21869659423828
2016-11-25,118.60794830322266
2016-11-28,117.0686264038086
2016-11-29,117.00666046142578
2016-11-30,116.43167877197266
2016-12-01,115.86547088623047
2016-12-02,115.80352020263672
2016-12-05,117.79401397705078
2016-12-06,119.06796264648438
2016-12-07,120.22686767578125
2016-12-08,122.12007141113281
2016-12-09,122.35892486572266
2016-12-12,121.06736755371094
2016-12-13,121.07616424560547
2016-12-14,119.5633544921875
2016-12-15,120.4569091796875
2016-12-16,120.2357406616211
2016-12-19,121.02310180664062
2016-12-20,122.04932403564453
2016-12-21,121.25314331054688
2016-12-22,120.20758819580078
2016-12-23,120.84709930419922
2016-12-27,121.38898468017578
2016-12-28,120.14534759521484
2016-12-29,120.25202178955078
2016-12-30,119.79007720947266
2017-01-03,120.38521575927734
2017-01-04,122.39282989501953
2017-01-05,120.98038482666016
2017-01-06,120.53618621826172
2017-01-09,119.74567413330078
2017-01-10,120.89155578613281
2017-01-11,121.10477447509766
2017-01-12,120.17204284667969
2017-01-13,121.04255676269531
2017-01-17,119.39915466308594
2017-01-18,119.79007720947266
2017-01-19,118.8128890991211
2017-01-20,119.42589569091797
2017-01-23,118.92838287353516
2017-01-24,120.74945068359375
2017-01-25,121.88650512695312
2017-01-26,121.39791870117188
2017-01-27,120.98038482666016
2017-01-30,119.2925796508789
2017-01-31,120.12759399414062
2017-02-01,120.05652618408203
2017-02-02,119.75450897216797
2017-02-03,121.58445739746094
2017-02-06,120.66944122314453
2017-02-07,120.13646697998047
2017-02-08,119.92328643798828
2017-02-09,121.61112976074219
2017-02-10,122.53495788574219
2017-02-13,122.8547592163086
2017-02-14,123.26336669921875
2017-02-15,124.00069427490234
2017-02-16,123.65421295166016
2017-02-17,123.57430267333984
2017-02-21,124.54259490966797
2017-02-22,123.9918212890625
2017-02-23,123.25452423095703
2017-02-24,123.16565704345703
2017-02-27,124.36489868164062
2017-02-28,122.4461441040039
2017-03-01,124.6847152709961
2017-03-02,123.25452423095703
2017-03-03,123.16565704345703
2017-03-06,122.32172393798828
2017-03-07,121.52227783203125
2017-03-08,120.7227554321289
2017-03-09,120.24308776855469
2017-03-10,120.7761001586914
2017-03-13,121.06033325195312
2017-03-14,120.48294830322266
2017-03-15,122.34839630126953
2017-03-16,122.50831604003906
2017-03-17,122.99689483642578
2017-03-20,122.4638900756836
2017-03-21,119.00835418701172
2017-03-22,119.03497314453125
2017-03-23,119.72785949707031
2017-03-24,119.81428527832031
2017-03-27,120.03700256347656
2017-03-28,120.972412109375
2017-03-29,121.36441802978516
2017-03-30,122.28202056884766
2017-03-31,122.47798919677734
2017-04-03,121.18620300292969
2017-04-04,121.04367065429688
2017-04-05,119.67176055908203
2017-04-06,120.78536987304688
2017-04-07,120.73186492919922
2017-04-10,120.99915313720703
2017-04-11,121.9613265991211
2017-04-12,120.30424499511719
2017-04-13,119.1283187866211
2017-04-17,120.52694702148438
2017-04-18,120.55374145507812
2017-04-19,120.972412109375
2017-04-20,122.51366424560547
2017-04-21,122.23748779296875
2017-04-24,123.76091766357422
2017-04-25,124.96353149414062
2017-04-26,125.60501098632812
2017-04-27,125.56935119628906
2017-04-28,123.88558197021484
2017-05-01,124.59827423095703
2017-05-02,123.96573638916016
2017-05-03,123.19956970214844
2017-05-04,123.03030395507812
2017-05-05,123.8232421875
2017-05-08,123.3065185546875
2017-05-09,123.25310516357422
2017-05-10,124.01921081542969
2017-05-11,123.15507507324219
2017-05-12,122.5047378540039
2017-05-15,123.4580078125
2017-05-16,123.50251770019531
2017-05-17,120.17063903808594
2017-05-18,120.607177734375
2017-05-19,121.18620300292969
2017-05-22,122.00582885742188
2017-05-23,122.40672302246094
2017-05-24,122.48689270019531
2017-05-25,122.56708526611328
2017-05-26,122.53144836425781
2017-05-30,121.56930541992188
2017-05-31,121.44459533691406
2017-06-01,123.78759002685547
2017-06-02,124.58942413330078
2017-06-05,123.81431579589844
2017-06-06,123.69854736328125
2017-06-07,123.81431579589844
2017-06-08,125.5069351196289
2017-06-09,126.15731048583984
2017-06-12,125.95245361328125
2017-06-13,126.59391021728516
2017-06-14,125.84549713134766
2017-06-15,125.20408630371094
2017-06-16,124.89229583740234
2017-06-19,125.81880187988281
2017-06-20,124.54483795166016
2017-06-21,124.23302459716797
2017-06-22,124.70519256591797
2017-06-23,125.53373718261719
2017-06-26,125.68513488769531
2017-06-27,124.58050537109375
2017-06-28,126.4869384765625
2017-06-29,125.73861694335938
2017-06-30,125.54257202148438
2017-07-03,126.59391021728516
2017-07-05,126.1395034790039
2017-07-06,124.49231719970703
2017-07-07,125.70018768310547
2017-07-10,125.15442657470703
2017-07-11,125.52128601074219
2017-07-12,126.48754119873047
2017-07-13,126.59495544433594
2017-07-14,126.80966186523438
2017-07-17,127.10494232177734
2017-07-18,126.77387237548828
2017-07-19,128.03541564941406
2017-07-20,128.1248779296875
2017-07-21,127.54335021972656
2017-07-24,127.72225189208984
2017-07-25,128.8854217529297
2017-07-26,128.1696319580078
2017-07-27,127.35543823242188
2017-07-28,127.0154800415039
2017-07-31,126.61282348632812
2017-08-01,126.85440826416016
2017-08-02,125.46759033203125
2017-08-03,124.84126281738281
2017-08-04,125.44970703125
2017-08-07,125.65547943115234
2017-08-08,125.26181030273438
2017-08-09,124.17916870117188
2017-08-10,121.92444610595703
2017-08-11,122.1034164428711
2017-08-14,123.95547485351562
2017-08-15,122.93548583984375
2017-08-16,122.97128295898438
2017-08-17,120.72551727294922
2017-08-18,120.7165756225586
2017-08-21,120.6360855102539
2017-08-22,121.94234466552734
2017-08-23,121.74549865722656
2017-08-24,122.1213150024414
2017-08-25,122.47020721435547
2017-08-28,122.98919677734375
2017-08-29,123.0159912109375
2017-08-30,123.80340576171875
2017-08-31,125.02023315429688
2017-09-01,125.72703552246094
2017-09-05,124.51915740966797
2017-09-06,124.7786636352539
2017-09-07,124.46549987792969
2017-09-08,124.5638656616211
2017-09-11,125.87019348144531
2017-09-12,126.63969421386719
2017-09-13,127.0154800415039
2017-09-14,126.8991470336914
2017-09-15,127.41808319091797
2017-09-18,128.28598022460938
2017-09-19,128.28598022460938
2017-09-20,128.69752502441406
2017-09-21,128.56333923339844
2017-09-22,129.10911560058594
2017-09-25,129.2880401611328
2017-09-26,129.69972229003906
2017-09-27,132.23794555664062
2017-09-28,132.58773803710938
2017-09-29,132.9016571044922
2017-10-02,134.5339813232422
2017-10-03,134.82994079589844
2017-10-04,134.39947509765625
2017-10-05,134.7672119140625
2017-10-06,134.57884216308594
2017-10-09,134.022705078125
2017-10-10,134.40846252441406
2017-10-11,134.3097686767578
2017-10-12,134.21112060546875
2017-10-13,133.96896362304688
2017-10-16,133.8523406982422
2017-10-17,133.46669006347656
2017-10-18,134.1034698486328
2017-10-19,133.89718627929688
2017-10-20,134.51605224609375
2017-10-23,133.5115203857422
2017-10-24,133.78958129882812
2017-10-25,133.14381408691406
2017-10-26,133.42184448242188
2017-10-27,134.3456268310547
2017-10-30,132.92855834960938
2017-10-31,133.8702850341797
2017-11-01,132.9823760986328
2017-11-02,133.37701416015625
2017-11-03,133.2872772216797
2017-11-06,133.43978881835938
2017-11-07,131.8433380126953
2017-11-08,132.02276611328125
2017-11-09,131.5563201904297
2017-11-10,131.45767211914062
2017-11-13,131.49349975585938
2017-11-14,131.13478088378906
2017-11-15,130.61459350585938
2017-11-16,132.53395080566406
2017-11-17,133.14381408691406
2017-11-20,134.1124267578125
2017-11-21,135.51156616210938
2017-11-22,135.33224487304688
2017-11-24,135.38609313964844
2017-11-27,134.97348022460938
2017-11-28,137.0990753173828
2017-11-29,137.5565643310547
2017-11-30,137.8076171875
2017-12-01,137.2425994873047
2017-12-04,136.73133850097656
2017-12-05,135.3680877685547
2017-12-06,134.73135375976562
2017-12-07,135.6730194091797
2017-12-08,135.7986297607422
2017-12-11,135.7448272705078
2017-12-12,135.3232879638672
2017-12-13,136.13047790527344
2017-12-14,134.62368774414062
2017-12-15,136.54302978515625
2017-12-18,138.39068603515625
2017-12-19,137.2964630126953
2017-12-20,137.56546020507812
2017-12-21,138.16778564453125
2017-12-22,137.91566467285156
2017-12-26,137.99671936035156
2017-12-27,137.86166381835938
2017-12-28,138.40185546875
2017-12-29,137.2584686279297
2018-01-02,138.5548858642578
2018-01-03,138.6989288330078
2018-01-04,139.06808471679688
2018-01-05,139.3561248779297
2018-01-08,139.5722198486328
2018-01-09,139.38316345214844
2018-01-10,139.40115356445312
2018-01-11,141.79592895507812
2018-01-12,142.3901824951172
2018-01-16,140.57150268554688
2018-01-17,141.9039764404297
2018-01-18,140.9316864013672
2018-01-19,142.78628540039062
2018-01-22,143.551513671875
2018-01-23,144.0106964111328
2018-01-24,143.11936950683594
2018-01-25,143.1734161376953
2018-01-26,143.68658447265625
2018-01-29,142.87631225585938
2018-01-30,141.50779724121094
2018-01-31,140.76962280273438
2018-02-01,141.21075439453125
2018-02-02,138.49188232421875
2018-02-05,133.17112731933594
2018-02-06,134.7646484375
2018-02-07,134.8997344970703
2018-02-08,130.93846130371094
2018-02-09,132.13583374023438
2018-02-12,133.3872528076172
2018-02-13,133.67529296875
2018-02-14,136.0791473388672
2018-02-15,137.56459045410156
2018-02-16,138.05072021484375
2018-02-20,136.9164581298828
2018-02-21,137.06044006347656
2018-02-22,136.8443603515625
2018-02-23,138.626953125
2018-02-26,139.5362548828125
2018-02-27,137.52857971191406
2018-02-28,135.35888671875
2018-03-01,134.99874877929688
2018-03-02,137.15940856933594
2018-03-05,138.38385009765625
2018-03-06,139.87835693359375
2018-03-07,141.11172485351562
2018-03-08,140.8236541748047
2018-03-09,143.07437133789062
2018-03-12,143.3264617919922
2018-03-13,142.66021728515625
2018-03-14,141.98504638671875
2018-03-15,141.2738037109375
2018-03-16,142.0660400390625
2018-03-19,140.69757080078125
2018-03-20,140.66159057617188
2018-03-21,141.48081970214844
2018-03-22,138.3784942626953
2018-03-23,135.40069580078125
2018-03-26,138.36045837402344
2018-03-27,135.68040466308594
2018-03-28,135.63531494140625
2018-03-29,137.00692749023438
2018-04-02,133.66812133789062
2018-04-03,135.58116149902344
2018-04-04,137.3046417236328
2018-04-05,138.44168090820312
2018-04-06,135.68040466308594
2018-04-09,135.84278869628906
2018-04-10,138.4055938720703
2018-04-11,138.70338439941406
2018-04-12,139.65086364746094
2018-04-13,138.91993713378906
2018-04-16,140.20130920410156
2018-04-17,141.72628784179688
2018-04-18,142.1053009033203
2018-04-19,141.1217498779297
2018-04-20,140.36370849609375
2018-04-23,140.15621948242188
2018-04-24,139.3530731201172
2018-04-25,139.1455078125
2018-04-26,139.7861785888672
2018-04-27,139.5876922607422
2018-04-30,138.35147094726562
2018-05-01,139.02822875976562
2018-05-02,139.5516357421875
2018-05-03,138.79354858398438
2018-05-04,140.52615356445312
2018-05-07,141.7172393798828
2018-05-08,142.42115783691406
2018-05-09,143.1881561279297
2018-05-10,143.9551544189453
2018-05-11,144.2349395751953
2018-05-14,143.68446350097656
2018-05-15,143.71151733398438
2018-05-16,145.2094268798828
2018-05-17,145.87722778320312
2018-05-18,146.066650390625
2018-05-21,147.0322723388672
2018-05-22,145.96746826171875
2018-05-23,146.1569366455078
2018-05-24,146.21107482910156
2018-05-25,145.94940185546875
2018-05-29,145.75091552734375
2018-05-30,148.06094360351562
2018-05-31,146.87884521484375
2018-06-01,147.84434509277344
2018-06-04,148.62940979003906
2018-06-05,149.54983520507812
2018-06-06,150.63267517089844
2018-06-07,149.8115234375
2018-06-08,150.26271057128906
2018-06-11,150.48831176757812
2018-06-12,151.17413330078125
2018-06-13,150.5785675048828
2018-06-14,151.38160705566406
2018-06-15,151.42672729492188
2018-06-18,152.13966369628906
2018-06-19,152.1487274169922
2018-06-20,153.37591552734375
2018-06-21,151.9411163330078
2018-06-22,151.43580627441406
2018-06-25,148.96331787109375
2018-06-26,149.82957458496094
2018-06-27,147.42930603027344
2018-06-28,147.8804473876953
2018-06-29,147.78125
2018-07-02,148.80087280273438
2018-07-03,149.39407348632812
2018-07-05,151.09664916992188
2018-07-06,152.3736114501953
2018-07-09,153.3336181640625
2018-07-10,152.63621520996094
2018-07-11,151.34120178222656
2018-07-12,152.0747528076172
2018-07-13,151.62197875976562
2018-07-16,151.03326416015625
2018-07-17,151.70347595214844
2018-07-18,152.12911987304688
2018-07-19,153.20681762695312
2018-07-20,152.58192443847656
2018-07-23,152.7721405029297
2018-07-24,151.1419677734375
2018-07-25,151.6943817138672
2018-07-26,152.50950622558594
2018-07-27,149.66574096679688
2018-07-30,148.7057647705078
2018-07-31,150.2182159423828
2018-08-01,150.1185760498047
2018-08-02,151.2144012451172
2018-08-03,150.68911743164062
2018-08-06,151.5314178466797
2018-08-07,151.89364624023438
2018-08-08,151.7578125
2018-08-09,152.14724731445312
2018-08-10,151.72157287597656
2018-08-13,150.8340606689453
2018-08-14,152.32835388183594
2018-08-15,150.41744995117188
2018-08-16,151.8121337890625
2018-08-17,152.46421813964844
2018-08-20,152.88986206054688
2018-08-21,154.6467742919922
2018-08-22,155.02716064453125
2018-08-23,154.5561981201172
2018-08-24,155.39845275878906
2018-08-27,155.62486267089844
2018-08-28,155.76976013183594
2018-08-29,156.2226104736328
2018-08-30,156.09579467773438
2018-08-31,156.69349670410156
2018-09-04,155.9961700439453
2018-09-05,155.57960510253906
2018-09-06,154.529052734375
2018-09-07,154.44754028320312
2018-09-10,154.63771057128906
2018-09-11,154.89126586914062
2018-09-12,154.52000427246094
2018-09-13,154.5561981201172
2018-09-14,155.2082977294922
2018-09-17,153.56002807617188
2018-09-18,154.20303344726562
2018-09-19,153.6415252685547
2018-09-20,155.0633544921875
2018-09-21,154.32073974609375
2018-09-24,153.750244140625
2018-09-25,153.98565673828125
2018-09-26,152.57823181152344
2018-09-27,152.58724975585938
2018-09-28,153.0504150390625
2018-10-01,151.0345001220703
2018-10-02,149.4000244140625
2018-10-03,150.70762634277344
2018-10-04,148.5918731689453
2018-10-05,147.24798583984375
2018-10-08,146.93923950195312
2018-10-09,146.3671875
2018-10-10,142.16293334960938
2018-10-11,139.4479522705078
2018-10-12,139.4751739501953
2018-10-15,139.99273681640625
2018-10-16,144.0516815185547
2018-10-17,143.43426513671875
2018-10-18,140.74642944335938
2018-10-19,139.25726318359375
2018-10-22,138.95755004882812
2018-10-23,137.71351623535156
2018-10-24,132.5286865234375
2018-10-25,135.39804077148438
2018-10-26,133.91793823242188
2018-10-29,133.1824493408203
2018-10-30,135.96104431152344
2018-10-31,136.23342895507812
2018-11-01,139.37527465820312
2018-11-02,139.83837890625
2018-11-05,139.72935485839844
2018-11-06,140.4195098876953
2018-11-07,142.934814453125
2018-11-08,142.553466796875
2018-11-09,139.9110107421875
2018-11-12,137.1414794921875
2018-11-13,136.7056427001953
2018-11-14,135.7067413330078
2018-11-15,137.6409149169922
2018-11-16,137.96783447265625
2018-11-19,135.17105102539062
2018-11-20,132.56497192382812
2018-11-21,134.41737365722656
2018-11-23,134.29026794433594
2018-11-26,136.03367614746094
2018-11-27,134.90777587890625
2018-11-28,138.24021911621094
2018-11-29,137.86793518066406
2018-11-30,138.5852813720703
2018-12-03,139.9110107421875
2018-12-04,133.9542694091797
2018-12-06,133.66371154785156
2018-12-07,130.776123046875
2018-12-10,130.39474487304688
2018-12-11,130.25852966308594
2018-12-12,131.50250244140625
2018-12-13,129.64105224609375
2018-12-14,127.67969512939453
2018-12-17,124.836181640625
2018-12-18,124.6813735961914
2018-12-19,122.08479309082031
2018-12-20,120.07125854492188
2018-12-21,116.95538330078125
2018-12-24,114.686767578125
2018-12-26,120.19879913330078
2018-12-27,120.6999282836914
2018-12-28,121.04609680175781
2018-12-31,121.9936294555664
2019-01-02,122.68607330322266
2019-01-03,120.49037170410156
2019-01-04,124.9911117553711
2019-01-07,127.17770385742188
2019-01-08,129.12742614746094
2019-01-09,130.193359375
2019-01-10,130.86756896972656
2019-01-11,130.90402221679688
2019-01-14,129.60116577148438
2019-01-15,130.69447326660156
2019-01-16,131.66932678222656
2019-01-17,132.86285400390625
2019-01-18,134.22947692871094
2019-01-22,132.1066131591797
2019-01-23,131.7421875
2019-01-24,132.53482055664062
2019-01-25,134.2385711669922
2019-01-28,133.51878356933594
2019-01-29,133.19993591308594
2019-01-30,134.65765380859375
2019-01-31,135.80563354492188
2019-02-01,135.9149169921875
2019-02-04,137.53671264648438
2019-02-05,137.68246459960938
2019-02-06,137.5093231201172
2019-02-07,136.3795928955078
2019-02-08,136.52536010742188
2019-02-11,137.6642303466797
2019-02-12,139.3861846923828
2019-02-13,139.7779083251953
2019-02-14,140.0968017578125
2019-02-15,142.3289337158203
2019-02-19,142.72071838378906
2019-02-20,143.3949432373047
2019-02-21,142.8482666015625
2019-02-22,144.08731079101562
2019-02-25,144.12387084960938
2019-02-26,143.13070678710938
2019-02-27,143.33111572265625
2019-02-28,142.8391876220703
2019-03-01,144.16934204101562
2019-03-04,142.86648559570312
2019-03-05,142.2013702392578
2019-03-06,139.4134979248047
2019-03-07,138.19264221191406
2019-03-08,138.15621948242188
2019-03-11,140.570556640625
2019-03-12,140.6434326171875
2019-03-13,141.19918823242188
2019-03-14,140.62521362304688
2019-03-15,140.998779296875
2019-03-18,141.90078735351562
2019-03-19,141.18099975585938
2019-03-20,140.00440979003906
2019-03-21,141.84056091308594
2019-03-22,136.67921447753906
2019-03-25,137.28211975097656
2019-03-26,138.72547912597656
2019-03-27,138.18653869628906
2019-03-28,139.4197540283203
2019-03-29,139.84910583496094
2019-04-01,141.3746795654297
2019-04-02,141.00926208496094
2019-04-03,141.74008178710938
2019-04-04,142.43431091308594
2019-04-05,143.76806640625
2019-04-08,143.53054809570312
2019-04-09,141.776611328125
2019-04-10,143.70408630371094
2019-04-11,143.5214080810547
2019-04-12,144.04209899902344
2019-04-15,143.57623291015625
2019-04-16,143.91419982910156
2019-04-17,142.59877014160156
2019-04-18,142.1785430908203
2019-04-22,141.80401611328125
2019-04-23,143.94158935546875
2019-04-24,144.38922119140625
2019-04-25,143.1925811767578
2019-04-26,144.58108520507812
2019-04-29,145.27532958984375
2019-04-30,144.59934997558594
2019-05-01,143.2290496826172
2019-05-02,143.8959503173828
2019-05-03,146.64564514160156
2019-05-06,146.81005859375
2019-05-07,143.90504455566406
2019-05-08,143.20166015625
2019-05-09,142.68099975585938
2019-05-10,143.0737762451172
2019-05-13,138.51539611816406
2019-05-14,140.26016235351562
2019-05-15,140.7169647216797
2019-05-16,141.5939178466797
2019-05-17,139.6206817626953
2019-05-20,138.65240478515625
2019-05-21,140.51596069335938
2019-05-22,139.33753967285156
2019-05-23,136.4691162109375
2019-05-24,137.748046875
2019-05-28,136.65179443359375
2019-05-29,135.50994873046875
2019-05-30,135.13540649414062
2019-05-31,133.24440002441406
2019-06-03,133.71034240722656
2019-06-04,137.17250061035156
2019-06-05,137.1999053955078
2019-06-06,136.8436737060547
2019-06-07,137.81201171875
2019-06-10,138.6249542236328
2019-06-11,138.2139129638672
2019-06-12,138.36923217773438
2019-06-13,139.83082580566406
2019-06-14,138.60675048828125
2019-06-17,139.56288146972656
2019-06-18,141.18548583984375
2019-06-19,141.6896514892578
2019-06-20,142.35890197753906
2019-06-21,141.13046264648438
2019-06-24,139.4162139892578
2019-06-25,138.56365966796875
2019-06-26,138.24276733398438
2019-06-27,140.83712768554688
2019-06-28,142.55137634277344
2019-07-01,143.10142517089844
2019-07-02,142.2305450439453
2019-07-03,143.24813842773438
2019-07-05,143.63314819335938
2019-07-08,142.26724243164062
2019-07-09,142.45973205566406
2019-07-10,142.70724487304688
2019-07-11,142.01055908203125
2019-07-12,143.11065673828125
2019-07-15,142.35890197753906
2019-07-16,142.31304931640625
2019-07-17,141.2954864501953
2019-07-18,141.8272247314453
2019-07-19,141.0113067626953
2019-07-22,140.8829345703125
2019-07-23,141.81800842285156
2019-07-24,144.1648712158203
2019-07-25,142.42306518554688
2019-07-26,144.10980224609375
2019-07-29,143.14727783203125
2019-07-30,144.6965789794922
2019-07-31,143.52313232421875
2019-08-01,141.442138671875
2019-08-02,139.8745574951172
2019-08-05,135.67593383789062
2019-08-06,136.92271423339844
2019-08-07,136.8860321044922
2019-08-08,139.83790588378906
2019-08-09,138.07774353027344
2019-08-12,136.29017639160156
2019-08-13,137.7569122314453
2019-08-14,133.9066619873047
2019-08-15,133.37493896484375
2019-08-16,136.2534942626953
2019-08-19,137.62855529785156
2019-08-20,136.73019409179688
2019-08-21,137.8577423095703
2019-08-22,137.53689575195312
2019-08-23,133.31993103027344
2019-08-26,134.7866973876953
2019-08-27,132.78822326660156
2019-08-28,134.33750915527344
2019-08-29,136.69349670410156
2019-08-30,136.44601440429688
2019-09-03,134.44754028320312
2019-09-04,135.52928161621094
2019-09-05,138.05030822753906
2019-09-06,137.41770935058594
2019-09-09,139.2603759765625
2019-09-10,141.038818359375
2019-09-11,143.92652893066406
2019-09-12,143.96319580078125
2019-09-13,144.210693359375
2019-09-16,144.75155639648438
2019-09-17,144.375732421875
2019-09-18,143.48648071289062
2019-09-19,142.78976440429688
2019-09-20,142.48721313476562
2019-09-23,142.37722778320312
2019-09-24,140.2282257080078
2019-09-25,141.7645263671875
2019-09-26,140.18218994140625
2019-09-27,139.05990600585938
2019-09-30,139.22543334960938
2019-10-01,136.4932403564453
2019-10-02,135.4628448486328
2019-10-03,135.91368103027344
2019-10-04,137.20156860351562
2019-10-07,136.9623565673828
2019-10-08,134.736083984375
2019-10-09,135.3524932861328
2019-10-10,135.895263671875
2019-10-11,138.19512939453125
2019-10-14,137.6891632080078
2019-10-15,139.27145385742188
2019-10-16,139.41868591308594
2019-10-17,141.0653533935547
2019-10-18,140.39381408691406
2019-10-21,141.70933532714844
2019-10-22,141.86578369140625
2019-10-23,142.04051208496094
2019-10-24,141.83815002441406
2019-10-25,142.59249877929688
2019-10-28,143.82522583007812
2019-10-29,144.29440307617188
2019-10-30,143.8160400390625
2019-10-31,143.0064697265625
2019-11-01,145.4443359375
2019-11-04,146.22630310058594
2019-11-05,146.41030883789062
2019-11-06,145.56394958496094
2019-11-07,145.95030212402344
2019-11-08,146.34591674804688
2019-11-11,146.06991577148438
2019-11-12,146.115966796875
2019-11-13,145.4903564453125
2019-11-14,145.4443359375
2019-11-15,146.19871520996094
2019-11-18,145.83074951171875
2019-11-19,146.3734588623047
2019-11-20,145.821533203125
2019-11-21,145.10397338867188
2019-11-22,145.5547332763672
2019-11-25,148.64578247070312
2019-11-26,148.7469940185547
2019-11-27,149.7957305908203
2019-11-29,148.8206024169922
2019-12-02,147.36705017089844
2019-12-03,146.89784240722656
2019-12-04,147.90985107421875
2019-12-05,148.0570068359375
2019-12-06,149.7865447998047
2019-12-09,149.50132751464844
2019-12-10,149.59332275390625
2019-12-11,149.54733276367188
2019-12-12,150.8352508544922
2019-12-13,150.2557373046875
2019-12-16,151.31475830078125
2019-12-17,152.07183837890625
2019-12-18,152.36734008789062
2019-12-19,153.02291870117188
2019-12-20,153.24447631835938
2019-12-23,153.54920959472656
2019-12-24,153.90005493164062
2019-12-26,153.90005493164062
2019-12-27,153.14291381835938
2019-12-30,152.75511169433594
2019-12-31,152.967529296875
2020-01-02,153.069091796875
2020-01-03,152.46888732910156
2020-01-06,152.67205810546875
2020-01-07,152.16421508789062
2020-01-08,152.63510131835938
2020-01-09,152.81980895996094
2020-01-10,152.24734497070312
2020-01-13,153.23526000976562
2020-01-14,153.7985076904297
2020-01-15,154.5371856689453
2020-01-16,156.5315704345703
2020-01-17,156.10682678222656
2020-01-21,154.8141632080078
2020-01-22,154.71258544921875
2020-01-23,154.6110382080078
2020-01-24,152.70899963378906
2020-01-27,150.97312927246094
2020-01-28,152.22886657714844
2020-01-29,151.36093139648438
2020-01-30,151.36093139648438
2020-01-31,148.22164916992188
2020-02-03,149.8744354248047
2020-02-04,152.1365203857422
2020-02-05,154.48175048828125
2020-02-06,154.1309051513672
2020-02-07,152.23809814453125
2020-02-10,153.0968017578125
2020-02-11,154.15859985351562
2020-02-12,155.22044372558594
2020-02-13,155.626708984375
2020-02-14,155.0265350341797
2020-02-18,154.69412231445312
2020-02-19,155.4882049560547
2020-02-20,155.86672973632812
2020-02-21,154.28785705566406
2020-02-24,149.64352416992188
2020-02-25,144.3251953125
2020-02-26,142.65394592285156
2020-02-27,137.63108825683594
2020-02-28,135.11038208007812
2020-03-02,139.449951171875
2020-03-03,136.60614013671875
2020-03-04,140.49334716796875
2020-03-05,136.0244598388672
2020-03-06,133.32830810546875
2020-03-09,120.36485290527344
2020-03-10,124.12278747558594
2020-03-11,116.22833251953125
2020-03-12,103.3848648071289
2020-03-13,110.309814453125
2020-03-16,95.67510223388672
2020-03-17,100.0608901977539
2020-03-18,92.30496215820312
2020-03-19,95.90594482421875
2020-03-20,93.62532806396484
2020-03-23,92.24034118652344
2020-03-24,100.67953491210938
2020-03-25,101.93082427978516
2020-03-26,108.27079010009766
2020-03-27,104.33148193359375
2020-03-30,106.63021087646484
2020-03-31,106.09259033203125
2020-04-01,98.8628158569336
2020-04-02,99.7989730834961
2020-04-03,96.9719467163086
2020-04-06,104.39636993408203
2020-04-07,104.66519165039062
2020-04-08,109.43869018554688
2020-04-09,114.6756591796875
2020-04-13,111.5705795288086
2020-04-14,113.83220672607422
2020-04-15,109.18843078613281
2020-04-16,108.36351013183594
2020-04-17,113.13700103759766
2020-04-20,111.80229949951172
2020-04-21,109.13284301757812
2020-04-22,110.45825958251953
2020-04-23,111.54273223876953
2020-04-24,113.46144104003906
2020-04-27,117.95687866210938
2020-04-28,119.6716537475586
2020-04-29,125.55741882324219
2020-04-30,120.78390502929688
2020-05-01,115.99185943603516
2020-05-04,116.49237823486328
2020-05-05,117.39147186279297
2020-05-06,116.52946472167969
2020-05-07,118.12371826171875
2020-05-08,122.68404388427734
2020-05-11,122.07228088378906
2020-05-12,117.68806457519531
2020-05-13,113.74876403808594
2020-05-14,114.11953735351562
2020-05-15,115.93624114990234
2020-05-18,122.98065948486328
2020-05-19,120.55220794677734
2020-05-20,124.20418548583984
2020-05-21,124.4266128540039
2020-05-22,125.02909851074219
2020-05-26,128.63475036621094
2020-05-27,132.6296844482422
2020-05-28,129.4874725341797
2020-05-29,128.7459716796875
2020-06-01,129.978759765625
2020-06-02,131.053955078125
2020-06-03,134.2146453857422
2020-06-04,134.01998901367188
2020-06-05,139.20135498046875
2020-06-08,141.8986358642578
2020-06-09,139.27549743652344
2020-06-10,135.4937286376953
2020-06-11,125.15887451171875
2020-06-12,128.16200256347656
2020-06-15,131.12510681152344
2020-06-16,134.27789306640625
2020-06-17,131.8505096435547
2020-06-18,131.8040008544922
2020-06-19,131.12510681152344
2020-06-22,132.43641662597656
2020-06-23,132.9944610595703
2020-06-24,128.6791229248047
2020-06-25,130.6228485107422
2020-06-26,127.10734558105469
2020-06-29,131.26458740234375
2020-06-30,133.161865234375
2020-07-01,131.8970184326172
2020-07-02,132.43641662597656
2020-07-06,133.39437866210938
2020-07-07,131.03208923339844
2020-07-08,132.0086212158203
2020-07-09,129.33944702148438
2020-07-10,131.42271423339844
2020-07-13,129.75799560546875
2020-07-14,131.90635681152344
2020-07-15,136.74246215820312
2020-07-16,135.9333953857422
2020-07-17,136.33328247070312
2020-07-20,135.74734497070312
2020-07-21,137.67250061035156
2020-07-22,137.74691772460938
2020-07-23,137.8864288330078
2020-07-24,135.85891723632812
2020-07-27,137.27259826660156
2020-07-28,135.90542602539062
2020-07-29,138.90016174316406
2020-07-30,138.35140991210938
2020-07-31,137.0493927001953
2020-08-03,139.28143310546875
2020-08-04,140.2394256591797
2020-08-05,143.02951049804688
2020-08-06,142.97369384765625
2020-08-07,145.242919921875
2020-08-10,146.74960327148438
2020-08-11,145.90333557128906
2020-08-12,146.49851989746094
2020-08-13,146.19158935546875
2020-08-14,146.09860229492188
2020-08-17,146.85194396972656
2020-08-18,145.4475555419922
2020-08-19,145.45681762695312
2020-08-20,144.8616180419922
2020-08-21,143.7920684814453
2020-08-24,145.2987823486328
2020-08-25,145.45681762695312
2020-08-26,144.5454559326172
2020-08-27,144.8988800048828
2020-08-28,146.12649536132812
2020-08-31,144.5547332763672
2020-09-01,146.21018981933594
2020-09-02,147.3727569580078
2020-09-03,143.02020263671875
2020-09-04,142.1087646484375
2020-09-08,139.37445068359375
2020-09-09,141.48565673828125
2020-09-10,139.64418029785156
2020-09-11,138.714111328125
2020-09-14,142.36920166015625
2020-09-15,142.63888549804688
2020-09-16,143.9874267578125
2020-09-17,142.93650817871094
2020-09-18,142.56446838378906
2020-09-21,137.57022094726562
2020-09-22,138.6304168701172
2020-09-23,134.5002899169922
2020-09-24,134.5002899169922
2020-09-25,136.6848602294922
2020-09-28,140.0550994873047
2020-09-29,139.42019653320312
2020-09-30,139.84036254882812
2020-10-01,142.07164001464844
2020-10-02,142.69712829589844
2020-10-05,146.6367950439453
2020-10-06,146.21664428710938
2020-10-07,149.40951538085938
2020-10-08,151.10858154296875
2020-10-09,151.89279174804688
2020-10-12,152.91041564941406
2020-10-13,151.89279174804688
2020-10-14,150.3897705078125
2020-10-15,151.93946838378906
2020-10-16,151.5660858154297
2020-10-19,149.75497436523438
2020-10-20,150.0816650390625
2020-10-21,148.79335021972656
2020-10-22,151.36070251464844
2020-10-23,152.2382354736328
2020-10-26,148.9520721435547
2020-10-27,147.6730194091797
2020-10-28,143.12655639648438
2020-10-29,144.8349609375
2020-10-30,142.92115783691406
2020-11-02,145.4698486328125
2020-11-03,149.59622192382812
2020-11-04,149.7642822265625
2020-11-05,153.95606994628906
2020-11-06,152.75172424316406
2020-11-09,158.28781127929688
2020-11-10,161.22857666015625
2020-11-11,161.16322326660156
2020-11-12,158.6892547607422
2020-11-13,161.97547912597656
2020-11-16,165.83111572265625
2020-11-17,166.60598754882812
2020-11-18,164.27206420898438
2020-11-19,165.53236389160156
2020-11-20,165.70974731445312
2020-11-23,168.80921936035156
2020-11-24,171.98338317871094
2020-11-25,171.39523315429688
2020-11-27,172.1234130859375
2020-11-30,168.99591064453125
2020-12-01,170.5643310546875
2020-12-02,170.74176025390625
2020-12-03,171.7032928466797
2020-12-04,175.69903564453125
2020-12-07,175.86708068847656
2020-12-08,178.1262969970703
2020-12-09,176.82864379882812
2020-12-10,178.53707885742188
2020-12-11,177.6595916748047
2020-12-14,177.867431640625
2020-12-15,182.31578063964844
2020-12-16,181.66021728515625
2020-12-17,183.823486328125
2020-12-18,182.93382263183594
2020-12-21,182.8402099609375
2020-12-22,184.91917419433594
2020-12-23,186.4924774169922
2020-12-24,186.37074279785156
2020-12-28,185.67774963378906
2020-12-29,182.0816192626953
2020-12-30,183.93589782714844
2020-12-31,183.60809326171875
2021-01-04,181.21067810058594
2021-01-05,184.01077270507812
2021-01-06,191.54019165039062
2021-01-07,194.94898986816406
2021-01-08,194.52757263183594
2021-01-11,194.35903930664062
2021-01-12,197.8427276611328
2021-01-13,196.42868041992188
2021-01-14,200.3525390625
2021-01-15,197.3651580810547
2021-01-19,199.8936309814453
2021-01-20,200.77395629882812
2021-01-21,199.0321044921875
2021-01-22,201.34519958496094
2021-01-25,201.14854431152344
2021-01-26,199.75315856933594
2021-01-27,196.09149169921875
2021-01-28,195.4640350341797
2021-01-29,192.50474548339844
2021-02-01,197.23402404785156
2021-02-02,200.0435028076172
2021-02-03,200.642822265625
2021-02-04,204.7353057861328
2021-02-05,207.57284545898438
2021-02-08,212.87339782714844
2021-02-09,213.87542724609375
2021-02-10,212.470703125
2021-02-11,212.22720336914062
2021-02-12,212.82656860351562
2021-02-16,211.4873504638672
2021-02-17,209.82980346679688
2021-02-18,206.5802001953125
2021-02-19,210.88803100585938
2021-02-22,209.520751953125
2021-02-23,207.6759033203125
2021-02-24,212.58306884765625
2021-02-25,204.7259063720703
2021-02-26,204.4449920654297
2021-03-01,211.71217346191406
2021-03-02,207.63841247558594
2021-03-03,205.39085388183594
2021-03-04,199.65017700195312
2021-03-05,203.8831024169922
2021-03-08,204.84767150878906
2021-03-09,209.155517578125
2021-03-10,212.7891082763672
2021-03-11,217.47158813476562
2021-03-12,218.75454711914062
2021-03-15,219.53179931640625
2021-03-16,215.86077880859375
2021-03-17,217.55581665039062
2021-03-18,210.93487548828125
2021-03-19,212.5269317626953
2021-03-22,210.92547607421875
2021-03-23,203.27435302734375
2021-03-24,198.57318115234375
2021-03-25,203.28138732910156
2021-03-26,206.98739624023438
2021-03-29,201.16087341308594
2021-03-30,204.54798889160156
2021-03-31,207.2970428466797
2021-04-01,209.92416381835938
2021-04-05,211.07818603515625
2021-04-06,210.45896911621094
2021-04-07,207.06251525878906
2021-04-08,208.81703186035156
2021-04-09,208.8451690673828
2021-04-12,208.0288848876953
2021-04-13,207.4846954345703
2021-04-14,209.53012084960938
2021-04-15,210.440185546875
2021-04-16,210.77793884277344
2021-04-19,208.03829956054688
2021-04-20,203.7786407470703
2021-04-21,208.76072692871094
2021-04-22,207.89752197265625
2021-04-23,211.81942749023438
2021-04-26,214.02432250976562
2021-04-27,214.3433380126953
2021-04-28,214.70924377441406
2021-04-29,213.91171264648438
2021-04-30,211.00314331054688
2021-05-03,212.0352325439453
2021-05-04,209.5019073486328
2021-05-05,208.66690063476562
2021-05-06,208.8451690673828
2021-05-07,211.47227478027344
2021-05-10,206.09613037109375
2021-05-11,205.43934631347656
2021-05-12,198.76837158203125
2021-05-13,202.4275665283203
2021-05-14,207.3721160888672
2021-05-17,207.65359497070312
2021-05-18,206.0773162841797
2021-05-19,204.49169921875
2021-05-20,205.85215759277344
2021-05-21,206.386962890625
2021-05-24,207.7286376953125
2021-05-25,205.7208251953125
2021-05-26,209.55825805664062
2021-05-27,211.7162322998047
2021-05-28,211.57546997070312
2021-06-01,213.97740173339844
2021-06-02,214.23072814941406
2021-06-03,212.43869018554688
2021-06-04,213.35813903808594
2021-06-07,216.2198028564453
2021-06-08,218.50917053222656
2021-06-09,217.05484008789062
2021-06-10,215.44522094726562
2021-06-11,217.71920776367188
2021-06-14,217.0802459716797
2021-06-15,216.46009826660156
2021-06-16,215.99961853027344
2021-06-17,213.57530212402344
2021-06-18,208.72666931152344
2021-06-21,213.1900177001953
2021-06-22,214.15789794921875
2021-06-23,214.86265563964844
2021-06-24,217.897705078125
2021-06-25,218.26419067382812
2021-06-28,216.5352020263672
2021-06-29,215.5015869140625
2021-06-30,215.52978515625
2021-07-01,217.42788696289062
2021-07-02,215.3606719970703
2021-07-06,212.2315673828125
2021-07-07,210.25830078125
2021-07-08,208.32261657714844
2021-07-09,212.72024536132812
2021-07-12,212.8987274169922
2021-07-13,208.88641357421875
2021-07-14,205.66334533691406
2021-07-15,204.4982452392578
2021-07-16,201.97987365722656
2021-07-19,198.95419311523438
2021-07-20,205.1277618408203
2021-07-21,208.66087341308594
2021-07-22,205.34388732910156
2021-07-23,206.30233764648438
2021-07-26,206.90371704101562
2021-07-27,204.48878479003906
2021-07-28,207.49571228027344
2021-07-29,209.0931396484375
2021-07-30,207.7118377685547
2021-08-02,206.67823791503906
2021-08-03,207.53335571289062
2021-08-04,204.94921875
2021-08-05,208.6326904296875
2021-08-06,209.91062927246094
2021-08-09,208.75485229492188
2021-08-10,209.16831970214844
2021-08-11,210.19248962402344
2021-08-12,209.6945343017578
2021-08-13,207.78697204589844
2021-08-16,205.85133361816406
2021-08-17,203.34237670898438
2021-08-18,201.5664520263672
2021-08-19,199.15150451660156
2021-08-20,202.51553344726562
2021-08-23,206.3680877685547
2021-08-24,208.39776611328125
2021-08-25,209.1306915283203
2021-08-26,206.9130859375
2021-08-27,212.7484130859375
2021-08-30,211.87451171875
2021-08-31,212.28797912597656
2021-09-01,213.7162628173828
2021-09-02,215.20089721679688
2021-09-03,214.20486450195312
2021-09-07,212.72959899902344
2021-09-08,210.40869140625
2021-09-09,210.30531311035156
2021-09-10,208.24742126464844
2021-09-13,209.43142700195312
2021-09-14,206.76272583007812
2021-09-15,208.6326904296875
2021-09-16,208.78305053710938
2021-09-17,209.0555419921875
2021-09-20,204.084716796875
2021-09-21,204.3948211669922
2021-09-22,207.57089233398438
2021-09-23,211.24490356445312
2021-09-24,210.22607421875
2021-09-27,213.42120361328125
2021-09-28,208.56727600097656
2021-09-29,208.12429809570312
2021-09-30,206.17333984375
2021-10-01,209.50035095214844
2021-10-04,207.5964813232422
2021-10-05,208.31283569335938
2021-10-06,207.2289276123047
2021-10-07,210.4240264892578
2021-10-08,208.8406219482422
2021-10-11,207.6436309814453
2021-10-12,208.7840576171875
2021-10-13,209.77371215820312
2021-10-14,212.8839569091797
2021-10-15,212.21481323242188
2021-10-18,212.09225463867188
2021-10-19,212.8839569091797
2021-10-20,214.29771423339844
2021-10-21,214.8443603515625
2021-10-22,214.33543395996094
2021-10-25,216.37127685546875
2021-10-26,214.74073791503906
2021-10-27,210.7915802001953
2021-10-28,214.9951934814453
2021-10-29,214.93865966796875
2021-11-01,220.5088348388672
2021-11-02,220.97068786621094
2021-11-03,224.91983032226562
2021-11-04,224.83493041992188
2021-11-05,227.90753173828125
2021-11-08,228.6143798828125
2021-11-09,227.28546142578125
2021-11-10,223.70394897460938
2021-11-11,225.50411987304688
2021-11-12,225.7303466796875
2021-11-15,224.83493041992188
2021-11-16,225.24964904785156
2021-11-17,222.29959106445312
2021-11-18,221.35707092285156
2021-11-19,219.34011840820312
2021-11-22,218.40704345703125
2021-11-23,218.03004455566406
2021-11-24,218.2657012939453
2021-11-26,210.03761291503906
2021-11-29,209.9056854248047
2021-11-30,205.62667846679688
2021-12-01,200.99893188476562
2021-12-02,206.6068878173828
2021-12-03,202.36558532714844
2021-12-06,206.4278106689453
2021-12-07,211.2157440185547
2021-12-08,212.65777587890625
2021-12-09,207.84153747558594
2021-12-10,207.26661682128906
2021-12-13,204.23765563964844
2021-12-14,202.47927856445312
2021-12-15,205.69354248046875
2021-12-16,201.5338897705078
2021-12-17,203.38681030273438
2021-12-20,200.5318145751953
2021-12-21,206.2607421875
2021-12-22,208.24598693847656
2021-12-23,209.9098663330078
2021-12-27,211.87628173828125
2021-12-28,210.58108520507812
2021-12-29,210.80801391601562
2021-12-30,210.75125122070312
2021-12-31,210.29750061035156
2022-01-03,213.0106964111328
2022-01-04,212.6892852783203
2022-01-05,205.48553466796875
2022-01-06,206.65782165527344
2022-01-07,204.26605224609375
2022-01-10,203.5570068359375
2022-01-11,205.72186279296875
2022-01-12,204.1904296875
2022-01-13,202.31858825683594
2022-01-14,202.60220336914062
2022-01-18,196.47618103027344
2022-01-19,193.2808380126953
2022-01-20,189.782958984375
2022-01-21,186.2283935546875
2022-01-24,190.52035522460938
2022-01-25,187.97731018066406
2022-01-26,185.26406860351562
2022-01-27,181.05722045898438
2022-01-28,184.58343505859375
2022-01-31,190.24620056152344
2022-02-01,192.25038146972656
2022-02-02,190.34072875976562
2022-02-03,186.73887634277344
2022-02-04,187.54246520996094
2022-02-07,188.4688720703125
2022-02-08,191.6831512451172
2022-02-09,195.3228302001953
2022-02-10,192.32601928710938
2022-02-11,190.3785400390625
2022-02-14,189.7167510986328
2022-02-15,194.80288696289062
2022-02-16,195.2093963623047
2022-02-17,190.20835876464844
2022-02-18,188.57290649414062
2022-02-22,185.91641235351562
2022-02-23,182.4374542236328
2022-02-24,187.2209930419922
2022-02-25,191.4373779296875
2022-02-28,192.21253967285156
2022-03-01,188.591796875
2022-03-02,193.0823211669922
2022-03-03,190.7945098876953
2022-03-04,187.80714416503906
2022-03-07,183.13702392578125
2022-03-08,184.14854431152344
2022-03-09,189.3386688232422
2022-03-10,188.99830627441406
2022-03-11,185.9825897216797
2022-03-14,182.1822052001953
2022-03-15,185.08448791503906
2022-03-16,190.90792846679688
2022-03-17,193.90475463867188
2022-03-18,195.94679260253906
2022-03-21,194.21673583984375
2022-03-22,196.16421508789062
2022-03-23,192.76087951660156
2022-03-24,194.97740173339844
2022-03-25,195.24261474609375
2022-03-28,195.30892944335938
2022-03-29,200.53762817382812
2022-03-30,196.51193237304688
2022-03-31,194.43748474121094
2022-04-01,196.61610412597656
2022-04-04,196.93817138671875
2022-04-05,192.27780151367188
2022-04-06,189.5497589111328
2022-04-07,188.93411254882812
2022-04-08,187.427978515625
2022-04-11,186.1681671142578
2022-04-12,186.7554473876953
2022-04-13,190.30758666992188
2022-04-14,188.46046447753906
2022-04-18,187.191162109375
2022-04-19,190.9232635498047
2022-04-20,191.65264892578125
2022-04-21,187.3616943359375
2022-04-22,182.5118865966797
2022-04-25,183.6201171875
2022-04-26,177.83258056640625
2022-04-27,177.09371948242188
2022-04-28,180.39956665039062
2022-04-29,175.18980407714844
2022-05-02,177.0274200439453
2022-05-03,178.5430145263672
2022-05-04,183.30755615234375
2022-05-05,175.87184143066406
2022-05-06,172.9448699951172
2022-05-09,165.670166015625
2022-05-10,165.717529296875
2022-05-11,161.59706115722656
2022-05-12,163.4915313720703
2022-05-13,168.67288208007812
2022-05-16,167.86773681640625
2022-05-17,173.00172424316406
2022-05-18,166.939453125
2022-05-19,167.2141876220703
2022-05-20,166.78787231445312
2022-05-23,168.80548095703125
2022-05-24,166.30484008789062
2022-05-25,169.2980499267578
2022-05-26,173.0775146484375
2022-05-27,177.7378387451172
2022-05-31,175.53077697753906
2022-06-01,174.5362091064453
2022-06-02,178.79872131347656
2022-06-03,177.18846130371094
2022-06-06,177.95571899414062
2022-06-07,180.8258056640625
2022-06-08,178.03150939941406
2022-06-09,174.34085083007812
2022-06-10,169.61119079589844
2022-06-13,161.64305114746094
2022-06-14,160.8643035888672
2022-06-15,163.21958923339844
2022-06-16,155.65977478027344
2022-06-17,156.87542724609375
2022-06-21,159.68663024902344
2022-06-22,159.38272094726562
2022-06-23,161.29161071777344
2022-06-24,166.28721618652344
2022-06-27,166.90452575683594
2022-06-28,163.7704315185547
2022-06-29,162.1084442138672
2022-06-30,160.84527587890625
2022-07-01,162.792236328125
2022-07-05,164.14083862304688
2022-07-06,162.92518615722656
2022-07-07,166.78106689453125
2022-07-08,166.7620391845703
2022-07-11,163.4095458984375
2022-07-12,162.84918212890625
2022-07-13,162.70672607421875
2022-07-14,161.03524780273438
2022-07-15,164.38775634765625
2022-07-18,163.92237854003906
2022-07-19,169.7061767578125
2022-07-20,172.36541748046875
2022-07-21,173.24867248535156
2022-07-22,170.4849853515625
2022-07-25,171.36825561523438
2022-07-26,170.31402587890625
2022-07-27,174.18890380859375
2022-07-28,176.5821990966797
2022-07-29,177.83584594726562
2022-08-01,177.76937866210938
2022-08-02,177.598388671875
2022-08-03,180.21014404296875
2022-08-04,179.8302764892578
2022-08-05,181.20736694335938
2022-08-08,183.12582397460938
2022-08-09,180.62802124023438
2022-08-10,185.78504943847656
2022-08-11,186.4783477783203
2022-08-12,190.2867431640625
2022-08-15,190.9610137939453
2022-08-16,190.8850555419922
2022-08-17,187.67503356933594
2022-08-18,188.91912841796875
2022-08-19,184.86378479003906
2022-08-22,181.055419921875
2022-08-23,181.34982299804688
2022-08-24,182.73643493652344
2022-08-25,185.5760955810547
2022-08-26,179.47885131835938
2022-08-29,177.82632446289062
2022-08-30,175.33810424804688
2022-08-31,174.27442932128906
2022-09-01,172.3749542236328
2022-09-02,171.03582763671875
2022-09-06,169.34532165527344
2022-09-07,173.03024291992188
2022-09-08,174.47386169433594
2022-09-09,177.97828674316406
2022-09-12,180.13417053222656
2022-09-13,173.0872344970703
2022-09-14,173.76153564453125
2022-09-15,172.49842834472656
2022-09-16,169.9911346435547
2022-09-19,171.44419860839844
2022-09-20,169.10787963867188
2022-09-21,166.52462768554688
2022-09-22,162.773193359375
2022-09-23,158.89834594726562
2022-09-26,156.72271728515625
2022-09-27,157.25730895996094
2022-09-28,162.23098754882812
2022-09-29,158.5937957763672
2022-09-30,157.43870544433594
2022-10-03,161.61045837402344
2022-10-04,168.01608276367188
2022-10-05,166.7750244140625
2022-10-06,165.8395233154297
2022-10-07,160.9613494873047
2022-10-10,160.06396484375
2022-10-11,160.1116943359375
2022-10-12,159.6725616455078
2022-10-13,163.62474060058594
2022-10-14,159.2429656982422
2022-10-17,164.32164001464844
2022-10-18,166.26910400390625
2022-10-19,163.443359375
2022-10-20,161.36227416992188
2022-10-21,164.8657989501953
2022-10-24,165.57225036621094
2022-10-25,170.087646484375
2022-10-26,170.92774963378906
2022-10-27,170.9658966064453
2022-10-28,174.8512725830078
2022-10-31,175.01356506347656
2022-11-01,175.2522430419922
2022-11-02,169.43849182128906
2022-11-03,168.30250549316406
2022-11-04,170.5745391845703
2022-11-07,171.3477325439453
2022-11-08,171.41461181640625
2022-11-09,166.70823669433594
2022-11-10,176.9705810546875
2022-11-11,178.421630859375
2022-11-14,176.4264373779297
2022-11-15,179.0421600341797
2022-11-16,175.89183044433594
2022-11-17,174.25936889648438
2022-11-18,175.38589477539062
2022-11-21,174.46945190429688
2022-11-22,176.3309783935547
2022-11-23,176.78921508789062
2022-11-25,177.16151428222656
2022-11-28,173.5911865234375
2022-11-29,174.0971221923828
2022-11-30,178.87030029296875
2022-12-01,178.47891235351562
2022-12-02,179.5194549560547
2022-12-05,174.57443237304688
2022-12-06,171.9014434814453
2022-12-07,171.39547729492188
2022-12-08,172.63653564453125
2022-12-09,170.51724243164062
2022-12-12,172.52195739746094
2022-12-13,173.95095825195312
2022-12-14,172.8096923828125
2022-12-15,168.4844207763672
2022-12-16,167.22805786132812
2022-12-19,164.96470642089844
2022-12-20,165.83746337890625
2022-12-21,168.69537353515625
2022-12-22,166.48960876464844
2022-12-23,167.24722290039062
2022-12-27,166.12513732910156
2022-12-28,163.5453643798828
2022-12-29,167.68841552734375
2022-12-30,167.2184600830078
2023-01-03,166.29779052734375
2023-01-04,168.36932373046875
2023-01-05,166.56629943847656
2023-01-06,170.3065948486328
2023-01-09,170.59429931640625
2023-01-10,173.1165771484375
2023-01-11,175.2744140625
2023-01-12,178.2186737060547
2023-01-13,179.38870239257812
2023-01-17,179.16812133789062
2023-01-18,176.2718048095703
2023-01-19,174.58392333984375
2023-01-20,177.4610137939453
2023-01-23,179.65719604492188
2023-01-24,179.2736053466797
2023-01-25,179.77230834960938
2023-01-26,180.8368682861328
2023-01-27,181.81507873535156
2023-01-30,179.28321838378906
2023-01-31,183.6372528076172
2023-02-01,186.52398681640625
2023-02-02,190.19711303710938
2023-02-03,188.92156982421875
2023-02-06,186.1883087158203
2023-02-07,187.5693359375
2023-02-08,184.82644653320312
2023-02-09,182.15074157714844
2023-02-10,182.5151824951172
2023-02-13,184.71139526367188
2023-02-14,184.62506103515625
2023-02-15,186.49517822265625
2023-02-16,184.71139526367188
2023-02-17,185.2196807861328
2023-02-21,179.7531280517578
2023-02-22,180.24224853515625
2023-02-23,181.52737426757812
2023-02-24,179.82984924316406
2023-02-27,180.4628143310547
2023-02-28,180.47242736816406
2023-03-01,180.70260620117188
2023-03-02,181.13418579101562
2023-03-03,183.6564483642578
2023-03-06,180.9711151123047
2023-03-07,178.87083435058594
2023-03-08,178.9571533203125
2023-03-09,173.97970581054688
2023-03-10,168.96389770507812
2023-03-13,166.2114715576172
2023-03-14,169.29002380371094
2023-03-15,166.49920654296875
2023-03-16,168.77210998535156
2023-03-17,164.21665954589844
2023-03-20,166.3457489013672
2023-03-21,169.4146728515625
2023-03-22,164.60987854003906
2023-03-23,163.8792724609375
2023-03-24,165.36163330078125
2023-03-27,167.20016479492188
2023-03-28,166.9595489501953
2023-03-29,168.85580444335938
2023-03-30,168.62477111816406
2023-03-31,171.72430419921875
2023-04-03,171.80130004882812
2023-04-04,168.78842163085938
2023-04-05,167.1328125
2023-04-06,167.38307189941406
2023-04-10,169.1734619140625
2023-04-11,170.51144409179688
2023-04-12,169.26010131835938
2023-04-13,171.50291442871094
2023-04-14,169.90504455566406
2023-04-17,172.090087890625
2023-04-18,171.35853576660156
2023-04-19,171.57992553710938
2023-04-20,170.69432067871094
2023-04-21,170.91574096679688
2023-04-24,170.8002166748047
2023-04-25,166.58413696289062
2023-04-26,164.97659301757812
2023-04-27,167.18092346191406
2023-04-28,168.64402770996094
2023-05-01,168.74032592773438
2023-05-02,165.27500915527344
2023-05-03,165.8814239501953
2023-05-04,164.02369689941406
2023-05-05,167.92210388183594
2023-05-08,167.53707885742188
2023-05-09,167.03652954101562
2023-05-10,167.88360595703125
2023-05-11,166.59375
2023-05-12,166.2568359375
2023-05-15,168.2878875732422
2023-05-16,165.8332977294922
2023-05-17,169.5295867919922
2023-05-18,170.5595703125
2023-05-19,169.51998901367188
2023-05-22,171.5895538330078
2023-05-23,170.78097534179688
2023-05-24,168.97132873535156
2023-05-25,167.65260314941406
2023-05-26,169.55850219726562
2023-05-30,168.93284606933594
2023-05-31,167.267578125
2023-06-01,169.07720947265625
2023-06-02,175.2088623046875
2023-06-05,172.86016845703125
2023-06-06,177.4131622314453
2023-06-07,180.73263549804688
2023-06-08,180.05697631835938
2023-06-09,178.59942626953125
2023-06-12,179.34268188476562
2023-06-13,181.39865112304688
2023-06-14,179.4488525390625
2023-06-15,180.92568969726562
2023-06-16,179.4778289794922
2023-06-20,178.6959686279297
2023-06-21,178.2808837890625
2023-06-22,176.95851135253906
2023-06-23,174.29444885253906
2023-06-26,174.46820068359375
2023-06-27,176.98744201660156
2023-06-28,177.85618591308594
2023-06-29,179.90255737304688
2023-06-30,180.76162719726562
2023-07-03,181.12840270996094
2023-07-05,179.32339477539062
2023-07-06,176.42764282226562
2023-07-07,178.29055786132812
2023-07-10,181.3407440185547
2023-07-11,183.20367431640625
2023-07-12,185.20172119140625
2023-07-13,186.69786071777344
2023-07-14,184.87353515625
2023-07-17,186.852294921875
2023-07-18,189.1591796875
2023-07-19,189.9603729248047
2023-07-20,188.30015563964844
2023-07-21,187.70175170898438
2023-07-24,188.16502380371094
2023-07-25,188.14573669433594
2023-07-26,189.63218688964844
2023-07-27,187.1804962158203
2023-07-28,189.60324096679688
2023-07-31,191.80401611328125
2023-08-01,190.9256134033203
2023-08-02,188.3291473388672
2023-08-03,187.7982177734375
2023-08-04,187.42178344726562
2023-08-07,187.54725646972656
2023-08-08,186.36965942382812
2023-08-09,184.91220092773438
2023-08-10,184.0916748046875
2023-08-11,184.35232543945312
2023-08-14,184.03375244140625
2023-08-15,181.6013641357422
2023-08-16,179.3813018798828
2023-08-17,177.26739501953125
2023-08-18,178.23263549804688
2023-08-21,177.9720001220703
2023-08-22,177.441162109375
2023-08-23,179.3330078125
2023-08-24,176.8523712158203
2023-08-25,177.605224609375
2023-08-28,179.18826293945312
2023-08-29,181.688232421875
2023-08-30,182.37356567382812
2023-08-31,182.0550537109375
2023-09-01,184.21719360351562
2023-09-05,180.3368682861328
2023-09-06,179.66123962402344
2023-09-07,177.92379760742188
2023-09-08,177.5279998779297
2023-09-11,177.9527130126953
2023-09-12,177.77896118164062
2023-09-13,176.6110382080078
2023-09-14,179.10140991210938
2023-09-15,177.22882080078125
2023-09-18,176.0511932373047
2023-09-19,175.36585998535156
2023-09-20,173.609130859375
2023-09-21,170.91610717773438
2023-09-22,170.52996826171875
2023-09-25,171.29254150390625
2023-09-26,169.09014892578125
2023-09-27,170.6708984375
2023-09-28,172.2128448486328
2023-09-29,171.39825439453125
2023-10-02,168.80892944335938
2023-10-03,165.96749877929688
2023-10-04,166.0450439453125
2023-10-05,166.17115783691406
2023-10-06,167.771240234375
2023-10-09,168.7410430908203
2023-10-10,170.6514892578125
2023-10-11,170.36056518554688
2023-10-12,166.51058959960938
2023-10-13,165.12379455566406
2023-10-16,167.79066467285156
2023-10-17,169.66233825683594
2023-10-18,166.17115783691406
2023-10-19,163.52365112304688
2023-10-20,161.4095458984375
2023-10-23,160.0421600341797
2023-10-24,161.43862915039062
2023-10-25,158.77174377441406
2023-10-26,159.17906188964844
2023-10-27,157.30740356445312
2023-10-30,158.18019104003906
2023-10-31,159.5475616455078
2023-11-01,160.4591522216797
2023-11-02,164.73587036132812
2023-11-03,169.2162322998047
2023-11-06,167.1021270751953
2023-11-07,166.51058959960938
2023-11-08,164.73587036132812
2023-11-09,162.1853485107422
2023-11-10,163.99884033203125
2023-11-13,164.05703735351562
2023-11-14,173.0662384033203
2023-11-15,173.36688232421875
2023-11-16,170.56423950195312
2023-11-17,172.90139770507812
2023-11-20,173.9099578857422
2023-11-21,171.66976928710938
2023-11-22,172.74623107910156
2023-11-24,173.9099578857422
2023-11-27,173.32810974121094
2023-11-28,172.65892028808594
2023-11-29,173.57054138183594
2023-11-30,174.22998046875
2023-12-01,179.32131958007812
2023-12-04,181.241455078125
2023-12-05,178.81703186035156
2023-12-06,178.49700927734375
2023-12-07,179.78680419921875
2023-12-08,181.1541748046875
2023-12-11,181.53236389160156
2023-12-12,181.34812927246094
2023-12-13,187.48681640625
2023-12-14,192.7042236328125
2023-12-15,191.08465576171875
2023-12-18,191.15257263183594
2023-12-19,194.85711669921875
2023-12-20,191.04556274414062
2023-12-21,194.2964630126953
2023-12-22,196.10687255859375
2023-12-26,198.65701293945312
2023-12-27,199.3577880859375
2023-12-28,198.5985870361328
2023-12-29,195.35740661621094
2024-01-02,194.1991424560547
2024-01-03,189.02101135253906
2024-01-04,188.65115356445312
2024-01-05,188.09632873535156
2024-01-08,191.48353576660156
2024-01-09,189.77049255371094
2024-01-10,189.87753295898438
2024-01-11,188.3883514404297
2024-01-12,188.07688903808594
2024-01-16,185.7506103515625
2024-01-17,184.42689514160156
2024-01-18,185.51702880859375
2024-01-19,187.29823303222656
2024-01-22,191.29861450195312
2024-01-23,190.74378967285156
2024-01-24,189.17672729492188
2024-01-25,190.74378967285156
2024-01-26,190.7535400390625
2024-01-29,194.09210205078125
2024-01-30,192.43740844726562
2024-01-31,187.73623657226562
2024-02-01,190.2279815673828
2024-02-02,189.22540283203125
2024-02-05,186.8212890625
2024-02-06,188.5051727294922
2024-02-07,188.06716918945312
2024-02-08,190.9189910888672
2024-02-09,194.02395629882812
2024-02-12,197.54742431640625
2024-02-13,189.42010498046875
2024-02-14,193.81954956054688
2024-02-15,198.98794555664062
2024-02-16,196.2820587158203
2024-02-20,193.5762176513672
2024-02-21,192.66128540039062
2024-02-22,194.1212615966797
2024-02-23,194.55926513671875
2024-02-26,195.78567504882812
2024-02-27,198.55967712402344
2024-02-28,196.92445373535156
2024-02-29,198.296875
2024-03-01,200.3992919921875
2024-03-04,200.21434020996094
2024-03-05,198.296875
2024-03-06,199.7763214111328
2024-03-07,201.44073486328125
2024-03-08,201.314208984375
2024-03-11,199.71792602539062
2024-03-12,199.44541931152344
2024-03-13,200.22406005859375
2024-03-14,196.64219665527344
2024-03-15,197.01206970214844
2024-03-18,195.8830108642578
2024-03-19,196.7103271484375
2024-03-20,200.60366821289062
2024-03-21,202.90850830078125
2024-03-22,200.1079559326172
2024-03-25,200.5665740966797
2024-03-26,200.20553588867188
2024-03-27,204.5673828125
2024-03-28,205.21144104003906
2024-04-01,203.27935791015625
2024-04-02,199.5419921875
2024-04-03,200.84957885742188
2024-04-04,198.83944702148438
2024-04-05,199.50296020507812
2024-04-08,200.5958709716797
2024-04-09,201.3862762451172
2024-04-10,196.06814575195312
2024-04-11,197.3952178955078
2024-04-12,193.88233947753906
2024-04-15,191.04273986816406
2024-04-16,190.3401641845703
2024-04-17,188.33004760742188
2024-04-18,188.17388916015625
2024-04-19,188.46661376953125
2024-04-22,190.57437133789062
2024-04-23,193.7652587890625
2024-04-24,192.89675903320312
2024-04-25,191.72581481933594
2024-04-26,193.56033325195312
2024-04-29,195.12161254882812
2024-04-30,191.15985107421875
2024-05-01,191.55992126464844
2024-05-02,195.08258056640625
2024-05-03,197.01466369628906
2024-05-06,199.56149291992188
2024-05-07,200.01039123535156
2024-05-08,198.8491668701172
2024-05-09,200.87884521484375
2024-05-10,199.36636352539062
2024-05-13,199.7859649658203
2024-05-14,201.8546600341797
2024-05-15,204.3722381591797
2024-05-16,202.89877319335938
2024-05-17,203.04515075683594
2024-05-20,203.4939727783203
2024-05-21,203.298828125
2024-05-22,201.5814208984375
2024-05-23,198.27346801757812
2024-05-24,200.4690399169922
2024-05-28,200.19580078125
2024-05-29,197.23910522460938
2024-05-30,199.11268615722656
2024-05-31,200.79104614257812
2024-06-03,199.65911865234375
2024-06-04,197.08299255371094
2024-06-05,200.0981903076172
2024-06-06,198.6637725830078
2024-06-07,196.33160400390625
2024-06-10,197.0049285888672
2024-06-11,196.33169555664062
2024-06-12,199.34555053710938
2024-06-13,197.60379028320312
2024-06-14,194.4626922607422
2024-06-17,196.09681701660156
2024-06-18,196.43931579589844
2024-06-20,195.60757446289062
2024-06-21,196.04791259765625
2024-06-24,196.8992462158203
2024-06-25,196.25340270996094
2024-06-26,195.7347869873047
2024-06-27,197.72120666503906
2024-06-28,198.53338623046875
2024-07-01,196.869873046875
2024-07-02,197.54507446289062
2024-07-03,197.49615478515625
2024-07-05,196.55673217773438
2024-07-08,197.93646240234375
2024-07-09,197.0753631591797
2024-07-10,199.0030517578125
2024-07-11,206.15606689453125
2024-07-12,208.56326293945312
2024-07-15,212.5263214111328
2024-07-16,219.77719116210938
2024-07-17,217.47767639160156
2024-07-18,213.26998901367188
2024-07-19,212.18380737304688
2024-07-22,215.5597381591797
2024-07-23,217.84947204589844
2024-07-24,213.17214965820312
2024-07-25,215.83375549316406
2024-07-26,219.4053497314453
2024-07-29,216.96884155273438
2024-07-30,217.79080200195312
2024-07-31,219.05307006835938
2024-08-01,211.9293975830078
2024-08-02,204.43389892578125
2024-08-05,197.85816955566406
2024-08-06,200.01097106933594
2024-08-07,197.6428985595703
2024-08-08,202.44747924804688
2024-08-09,202.0267333984375
2024-08-12,200.2066650390625
2024-08-13,203.50430297851562
2024-08-14,202.24200439453125
2024-08-15,207.4868927001953
2024-08-16,208.03489685058594
2024-08-19,210.5790252685547
2024-08-20,208.12290954589844
2024-08-21,210.83346557617188
2024-08-22,208.97427368164062
2024-08-23,215.64781188964844
2024-08-26,215.71630859375
2024-08-27,214.0430145263672
2024-08-28,212.59483337402344
2024-08-29,214.11151123046875
2024-08-30,215.35426330566406
2024-09-03,208.76878356933594
2024-09-04,208.41650390625
2024-09-05,207.37925720214844
2024-09-06,203.43577575683594
2024-09-09,204.00332641601562
2024-09-10,203.8369903564453
2024-09-11,204.43389892578125
2024-09-12,207.06613159179688
2024-09-13,212.17404174804688
2024-09-16,212.9373016357422
2024-09-17,214.69863891601562
2024-09-18,214.73776245117188
2024-09-19,219.1607208251953
2024-09-20,216.812255859375
2024-09-23,216.0196533203125
2024-09-24,216.3817138671875
2024-09-25,213.74246215820312
2024-09-26,214.88140869140625
2024-09-27,216.3345947265625
2024-09-30,216.88442993164062
2024-10-01,213.93881225585938
2024-10-02,213.64427185058594
2024-10-03,212.2107391357422
2024-10-04,215.1759796142578
2024-10-07,213.48716735839844
2024-10-08,213.63446044921875
2024-10-09,214.1057586669922
2024-10-10,212.91770935058594
2024-10-11,217.2477264404297
2024-10-14,218.84814453125
2024-10-15,219.02491760253906
2024-10-16,222.62835693359375
2024-10-17,222.0196075439453
2024-10-18,221.55809020996094
2024-10-21,218.072509765625
2024-10-22,217.2477264404297
2024-10-23,215.2643585205078
2024-10-24,215.73562622070312
2024-10-25,214.92068481445312
2024-10-28,218.4259490966797
2024-10-29,217.71902465820312
2024-10-30,217.42445373535156
2024-10-31,213.81118774414062
2024-11-01,215.00904846191406
2024-11-04,216.0989532470703
2024-11-05,220.1638641357422
2024-11-06,232.91831970214844
2024-11-07,232.09353637695312
2024-11-08,233.80197143554688
2024-11-11,237.3170623779297
2024-11-12,233.1539764404297
2024-11-13,230.84657287597656
2024-11-14,227.7340545654297
2024-11-15,224.3367919921875
2024-11-18,224.7786407470703
2024-11-19,226.44781494140625
2024-11-20,226.74237060546875
2024-11-21,230.188720703125
2024-11-22,234.44021606445312
2024-11-25,238.00436401367188
2024-11-26,236.2566375732422
2024-11-27,236.58067321777344
2024-11-29,237.4839630126953
2024-12-02,237.3661651611328
2024-12-03,235.67735290527344
2024-12-04,236.52175903320312
2024-12-05,233.76272583007812
2024-12-06,234.5972900390625
2024-12-09,233.41903686523438
2024-12-10,232.40771484375
2024-12-11,233.45834350585938
2024-12-12,230.4243621826172
2024-12-13,228.84356689453125
2024-12-16,230.188720703125
2024-12-17,227.55345153808594
2024-12-18,217.47914123535156
2024-12-19,216.5140380859375
2024-12-20,218.54270935058594
2024-12-23,218.0404815673828
2024-12-24,219.99032592773438
2024-12-26,222.24546813964844
2024-12-27,219.00555419921875
2024-12-30,217.32156372070312
2024-12-31,217.59732055664062
2025-01-02,217.77455139160156
2025-01-03,221.0144805908203
2025-01-06,221.10311889648438
2025-01-07,219.3305206298828
2025-01-08,218.3358917236328
2025-01-10,213.53016662597656
2025-01-13,213.94375610351562
2025-01-14,216.3761749267578
2025-01-15,220.6304168701172
2025-01-16,221.07359313964844
2025-01-17,222.02882385253906
2025-01-21,226.2929229736328
2025-01-22,224.81573486328125
2025-01-23,225.8399200439453
2025-01-24,225.2096710205078
2025-01-27,223.05299377441406
2025-01-28,223.29917907714844
2025-01-29,222.787109375
2025-01-30,225.05209350585938
2025-01-31,223.03329467773438
2025-02-03,220.4236297607422
2025-02-04,223.47647094726562
2025-02-05,225.9088592529297
2025-02-06,225.17027282714844
2025-02-07,222.5606231689453
2025-02-10,223.56507873535156
2025-02-11,222.26515197753906
2025-02-12,220.21681213378906
2025-02-13,222.69847106933594
2025-02-14,222.5310516357422
2025-02-18,223.75218200683594
2025-02-19,222.9840545654297
2025-02-20,220.84706115722656
2025-02-21,214.4853973388672
2025-02-24,212.93927001953125
2025-02-25,212.13177490234375
2025-02-26,212.39764404296875
2025-02-27,209.15769958496094
2025-02-28,211.38331604003906
2025-03-03,205.60267639160156
2025-03-04,203.27859497070312
2025-03-05,205.29739379882812
2025-03-06,202.1559295654297
2025-03-07,202.81573486328125
2025-03-10,197.71456909179688
2025-03-11,197.6948699951172
2025-03-12,198.03955078125
2025-03-13,195.08518981933594
2025-03-14,199.8022918701172
2025-03-17,202.32333374023438
2025-03-18,200.56649780273438
2025-03-19,203.68539428710938
2025-03-20,202.39244079589844
2025-03-21,201.13894653320312
2025-03-24,206.14300537109375
2025-03-25,204.9980926513672
2025-03-26,202.91555786132812
2025-03-27,201.9482879638672
2025-03-28,197.84239196777344
2025-03-31,196.89491271972656
2025-04-01,196.9146270751953
2025-04-02,200.02365112304688
2025-04-03,187.18289184570312
2025-04-04,178.8329620361328
2025-04-07,177.21429443359375
2025-04-08,172.54580688476562
2025-04-09,187.21249389648438
2025-04-10,179.34620666503906
2025-04-11,181.96173095703125
2025-04-14,184.1034698486328
2025-04-15,184.3304901123047
2025-04-16,182.56378173828125
2025-04-17,184.0541229248047
2025-04-21,180.36280822753906
2025-04-22,185.03125
2025-04-23,187.7751007080078
2025-04-24,191.5355224609375
2025-04-25,191.59474182128906
2025-04-28,192.40406799316406
2025-04-29,193.53912353515625
2025-04-30,192.32513427734375
2025-05-01,193.51939392089844
2025-05-02,197.87200927734375
2025-05-05,196.35203552246094
2025-05-06,194.2102813720703
2025-05-07,194.85182189941406
2025-05-08,198.56289672851562
2025-05-09,198.19772338867188
2025-05-12,205.16587829589844
2025-05-13,205.91600036621094
2025-05-14,204.09007263183594
2025-05-15,205.4224853515625
2025-05-16,207.12013244628906
2025-05-19,206.25155639648438
2025-05-20,206.36012268066406
2025-05-21,200.56649780273438
2025-05-22,200.55662536621094
2025-05-23,199.92495727539062
2025-05-27,204.9980926513672
2025-05-28,202.83657836914062
2025-05-29,203.4386444091797
2025-05-30,202.40231323242188
2025-06-02,203.0339813232422
2025-06-03,206.31077575683594
2025-06-04,205.72845458984375
2025-06-05,205.8173065185547
2025-06-06,209.14344787597656
2025-06-09,210.58447265625
2025-06-10,211.71949768066406
2025-06-11,210.8509521484375
2025-06-12,210.01202392578125
2025-06-13,206.172607421875
2025-06-16,208.60336303710938
2025-06-17,206.40618896484375
2025-06-18,207.494873046875
2025-06-20,207.0594024658203
2025-06-23,209.5930938720703
2025-06-24,212.26535034179688
2025-06-25,209.79103088378906
2025-06-26,213.1956787109375
2025-06-27,213.2649383544922
2025-06-30,213.57174682617188
2025-07-01,215.76893615722656
2025-07-02,218.75790405273438
2025-07-03,220.7868194580078
2025-07-07,217.47125244140625
2025-07-08,218.9756317138672
2025-07-09,221.3509521484375
2025-07-10,222.48915100097656
2025-07-11,219.42098999023438
2025-07-14,220.89569091796875
2025-07-15,216.5706329345703
2025-07-16,218.7480010986328
2025-07-17,221.61817932128906
2025-07-18,220.04454040527344
2025-07-21,219.1537628173828
2025-07-22,220.97486877441406
2025-07-23,224.3498077392578
2025-07-24,221.2519989013672
2025-07-25,222.07345581054688
2025-07-28,221.8161163330078
2025-07-29,220.4008331298828
2025-07-30,219.28244018554688
2025-07-31,217.13475036621094
2025-08-01,212.71070861816406
2025-08-04,217.47125244140625
2025-08-05,218.57974243164062
2025-08-06,218.29273986816406
2025-08-07,217.5801239013672
2025-08-08,218.05520629882812
2025-08-11,218.00570678710938
2025-08-12,224.47848510742188
2025-08-13,228.84315490722656
2025-08-14,225.89378356933594
2025-08-15,224.79519653320312
2025-08-18,225.61666870117188
2025-08-19,223.8846435546875
2025-08-20,223.09286499023438
2025-08-21,223.6471405029297
2025-08-22,232.41603088378906
2025-08-25,229.97142028808594
2025-08-26,231.87167358398438
2025-08-27,233.51463317871094
2025-08-28,233.79176330566406
2025-08-29,232.75254821777344
2025-09-02,231.49560546875
2025-09-03,231.26795959472656
2025-09-04,234.15794372558594
2025-09-05,235.32582092285156
2025-09-08,235.80088806152344
2025-09-09,234.415283203125
2025-09-10,233.9995880126953
2025-09-11,238.32467651367188
2025-09-12,235.8899383544922
2025-09-15,236.88958740234375
2025-09-16,236.49949645996094
2025-09-17,237.10494995117188
2025-09-18,243.01046752929688
2025-09-19,241.16439819335938
2025-09-22,242.5638427734375
2025-09-23,242.0179443359375
2025-09-24,239.79469299316406
2025-09-25,237.50193786621094
2025-09-26,239.53663635253906
2025-09-29,239.81454467773438
2025-09-30,240.1520233154297
2025-10-01,240.6780548095703
2025-10-02,242.1966094970703
2025-10-03,243.99310302734375
2025-10-06,244.96575927734375
2025-10-07,242.3355712890625
2025-10-08,244.87644958496094
2025-10-09,243.29832458496094
2025-10-10,236.01316833496094
2025-10-13,242.58370971679688
2025-10-14,246.047607421875
2025-10-15,248.45947265625
2025-10-16,243.2288360595703
2025-10-17,241.5911865234375
2025-10-20,246.30567932128906
2025-10-21,245.14443969726562
2025-10-22,241.52169799804688
2025-10-23,244.57867431640625
2025-10-24,247.56617736816406
2025-10-27,248.4296875
2025-10-28,247.09971618652344
2025-10-29,244.9955291748047
2025-10-30,243.02041625976562
2025-10-31,244.3900909423828
2025-11-03,243.6060028076172
2025-11-04,239.39767456054688
2025-11-05,242.85166931152344
2025-11-06,238.55404663085938
2025-11-07,239.80462646484375
2025-11-10,242.20654296875
2025-11-11,242.41497802734375
2025-11-12,241.81944274902344
2025-11-13,235.02064514160156
2025-11-14,235.7054901123047
2025-11-17,231.02073669433594
2025-11-18,231.72544860839844
2025-11-19,231.6857452392578
2025-11-20,227.3980255126953
2025-11-21,233.8395233154297
2025-11-24,238.10739135742188
2025-11-25,243.29832458496094
2025-11-26,245.45211791992188
2025-11-28,246.89126586914062
2025-12-01,243.78466796875
2025-12-02,243.3380126953125
2025-12-03,247.7646942138672
2025-12-04,249.9383544921875
2025-12-05,248.89617919921875
2025-12-08,248.9954376220703
2025-12-09,249.51153564453125
2025-12-10,252.90599060058594
2025-12-11,255.87364196777344
2025-12-12,251.9531707763672
2025-12-15,250.04750061035156
2025-12-16,248.8644256591797
2025-12-17,246.21546936035156
2025-12-18,247.6793670654297
2025-12-19,249.75074768066406
2025-12-22,252.52919006347656
2025-12-23,251.035400390625
2025-12-24,251.66281127929688
2025-12-26,250.3781280517578
2025-12-29,248.8445281982422
2025-12-30,247.00218200683594
2025-12-31,245.1399383544922
