Date,QQQ
2015-01-02,94.56114959716797
2015-01-05,93.17406463623047
2015-01-06,91.92475891113281
2015-01-07,93.10972595214844
2015-01-08,94.89188385009766
2015-01-09,94.26720428466797
2015-01-12,93.2842788696289
2015-01-13,93.25672149658203
2015-01-14,92.74231719970703
2015-01-15,91.53893280029297
2015-01-16,92.61371612548828
2015-01-20,93.34861755371094
2015-01-21,93.82627868652344
2015-01-22,95.56241607666016
2015-01-23,95.77369689941406
2015-01-26,95.66349029541016
2015-01-27,93.18323516845703
2015-01-28,92.70556640625
2015-01-29,93.59662628173828
2015-01-30,92.87091827392578
2015-02-02,93.67926025390625
2015-02-03,94.57953643798828
2015-02-04,94.49684143066406
2015-02-05,95.3144302368164
2015-02-06,94.73567199707031
2015-02-09,94.43254852294922
2015-02-10,95.90230560302734
2015-02-11,96.25138092041016
2015-02-12,97.37208557128906
2015-02-13,98.2080078125
2015-02-17,98.29987335205078
2015-02-18,98.43765258789062
2015-02-19,98.92450714111328
2015-02-20,99.58592987060547
2015-02-23,99.68695068359375
2015-02-24,99.76045227050781
2015-02-25,99.5124282836914
2015-02-26,100.0176773071289
2015-02-27,99.57670593261719
2015-03-02,100.47697448730469
2015-03-03,100.00846862792969
2015-03-04,99.62266540527344
2015-03-05,99.7972183227539
2015-03-06,98.66730499267578
2015-03-09,98.95207977294922
2015-03-10,97.1148681640625
2015-03-11,96.55451202392578
2015-03-12,97.18833923339844
2015-03-13,96.76580047607422
2015-03-16,98.01510620117188
2015-03-17,98.17129516601562
2015-03-18,99.13579559326172
2015-03-19,99.28276824951172
2015-03-20,99.9254379272461
2015-03-23,99.7320556640625
2015-03-24,99.37301635742188
2015-03-25,97.09882354736328
2015-03-26,96.76739501953125
2015-03-27,97.15406036376953
2015-03-30,98.26815032958984
2015-03-31,97.22772979736328
2015-04-01,96.7213363647461
2015-04-02,96.7857894897461
2015-04-06,97.5776138305664
2015-04-07,97.41190338134766
2015-04-08,98.1852798461914
2015-04-09,98.80219268798828
2015-04-10,99.20724487304688
2015-04-13,98.95867919921875
2015-04-14,98.67327880859375
2015-04-15,99.29012298583984
2015-04-16,99.15203094482422
2015-04-17,97.60520935058594
2015-04-20,99.06916046142578
2015-04-21,99.49269104003906
2015-04-22,100.0359115600586
2015-04-23,100.41342163085938
2015-04-24,101.77607727050781
2015-04-27,101.51826477050781
2015-04-28,101.31571960449219
2015-04-29,100.68043518066406
2015-04-30,99.0968246459961
2015-05-01,100.40422058105469
2015-05-04,100.56993865966797
2015-05-05,98.9310531616211
2015-05-06,98.24974822998047
2015-05-07,98.83897399902344
2015-05-08,100.07275390625
2015-05-11,99.68604278564453
2015-05-12,99.23490142822266
2015-05-13,99.43745422363281
2015-05-14,100.89219665527344
2015-05-15,100.89219665527344
2015-05-18,101.3341293334961
2015-05-19,101.22364807128906
2015-05-20,101.28809356689453
2015-05-21,101.81289672851562
2015-05-22,101.71160125732422
2015-05-26,100.54228973388672
2015-05-27,102.16278839111328
2015-05-28,101.93258666992188
2015-05-29,101.32492065429688
2015-06-01,101.66559600830078
2015-06-02,101.34331512451172
2015-06-03,101.64717102050781
2015-06-04,100.87377166748047
2015-06-05,100.6343765258789
2015-06-08,99.6124038696289
2015-06-09,99.44666290283203
2015-06-10,100.80933380126953
2015-06-11,100.95662689208984
2015-06-12,100.12798309326172
2015-06-15,99.63082122802734
2015-06-16,100.17402648925781
2015-06-17,100.45023345947266
2015-06-18,101.91417694091797
2015-06-19,101.41031646728516
2015-06-22,102.15780639648438
2015-06-23,102.24085998535156
2015-06-24,101.71484375
2015-06-25,101.51182556152344
2015-06-26,100.83814239501953
2015-06-29,98.457275390625
2015-06-30,98.80793762207031
2015-07-01,99.59233093261719
2015-07-02,99.62002563476562
2015-07-06,99.38929748535156
2015-07-07,99.63847351074219
2015-07-08,97.9035415649414
2015-07-09,97.84815216064453
2015-07-10,99.34317016601562
2015-07-13,101.08733367919922
2015-07-14,101.75177001953125
2015-07-15,101.86251068115234
2015-07-16,103.30213928222656
2015-07-17,104.8248062133789
2015-07-20,105.18470764160156
2015-07-21,105.12012481689453
2015-07-22,103.92967987060547
2015-07-23,103.54209899902344
2015-07-24,102.52694702148438
2015-07-27,101.67794799804688
2015-07-28,102.55464172363281
2015-07-29,102.9422378540039
2015-07-30,103.43132019042969
2015-07-31,103.31136322021484
2015-08-03,102.98837280273438
2015-08-04,102.79456329345703
2015-08-05,103.58821105957031
2015-08-06,101.92711639404297
2015-08-07,101.79790496826172
2015-08-10,102.96068572998047
2015-08-11,101.6409912109375
2015-08-12,101.99169921875
2015-08-13,101.82559204101562
2015-08-14,101.98246765136719
2015-08-17,102.83148956298828
2015-08-18,102.30545806884766
2015-08-19,101.6318130493164
2015-08-20,98.81717681884766
2015-08-21,94.49829864501953
2015-08-24,90.86231994628906
2015-08-25,90.52085876464844
2015-08-26,95.07967376708984
2015-08-27,97.48827362060547
2015-08-28,97.4698257446289
2015-08-31,96.26087188720703
2015-09-01,93.25247192382812
2015-09-02,95.8825454711914
2015-09-03,95.41188049316406
2015-09-04,94.27681732177734
2015-09-08,96.93455505371094
2015-09-09,95.84565734863281
2015-09-10,96.88843536376953
2015-09-11,97.42367553710938
2015-09-14,97.12838745117188
2015-09-15,98.27269744873047
2015-09-16,98.82637786865234
2015-09-17,98.86329650878906
2015-09-18,97.4571762084961
2015-09-21,97.76243591308594
2015-09-22,96.30083465576172
2015-09-23,96.37483215332031
2015-09-24,96.02330017089844
2015-09-25,95.209228515625
2015-09-28,92.49874877929688
2015-09-29,92.0176773071289
2015-09-30,94.1361312866211
2015-10-01,94.56167602539062
2015-10-02,96.21757507324219
2015-10-05,97.5959243774414
2015-10-06,97.13337707519531
2015-10-07,97.71619415283203
2015-10-08,98.10472869873047
2015-10-09,98.54875183105469
2015-10-12,98.789306640625
2015-10-13,98.1510009765625
2015-10-14,97.99370574951172
2015-10-15,99.60334777832031
2015-10-16,100.0196762084961
2015-10-19,100.59318542480469
2015-10-20,100.07514953613281
2015-10-21,99.4645767211914
2015-10-22,101.49051666259766
2015-10-23,104.33051300048828
2015-10-26,104.3952865600586
2015-10-27,104.60804748535156
2015-10-28,105.47760009765625
2015-10-29,105.31108856201172
2015-10-30,104.83929443359375
2015-11-02,106.02339935302734
2015-11-03,106.39344024658203
2015-11-04,106.4026870727539
2015-11-05,106.11591339111328
2015-11-06,106.18991088867188
2015-11-09,105.06132507324219
2015-11-10,104.79305267333984
2015-11-11,104.66353607177734
2015-11-12,103.6459732055664
2015-11-13,101.61078643798828
2015-11-16,103.0724105834961
2015-11-17,103.13716888427734
2015-11-18,105.11683654785156
2015-11-19,105.19084930419922
2015-11-20,105.90313720703125
2015-11-23,105.5978775024414
2015-11-24,105.50538635253906
2015-11-25,105.5978775024414
2015-11-27,105.74588012695312
2015-11-30,105.47760009765625
2015-12-01,106.53221130371094
2015-12-02,105.87540435791016
2015-12-03,104.08074188232422
2015-12-04,106.51370239257812
2015-12-07,106.03268432617188
2015-12-08,106.0418930053711
2015-12-09,104.43228912353516
2015-12-10,104.90408325195312
2015-12-11,102.4896011352539
2015-12-14,103.26667785644531
2015-12-15,103.89573669433594
2015-12-16,105.44061279296875
2015-12-17,103.90497589111328
2015-12-18,101.91184997558594
2015-12-21,103.04389953613281
2015-12-22,103.72125244140625
2015-12-23,104.49140167236328
2015-12-24,104.4728775024414
2015-12-28,104.41718292236328
2015-12-29,106.05956268310547
2015-12-30,105.10383605957031
2015-12-31,103.79546356201172
2016-01-04,101.60565185546875
2016-01-05,101.4293441772461
2016-01-06,100.4550552368164
2016-01-07,97.30944061279297
2016-01-08,96.51144409179688
2016-01-11,96.8083724975586
2016-01-12,97.93112182617188
2016-01-13,94.55355834960938
2016-01-14,96.56710815429688
2016-01-15,93.56998443603516
2016-01-19,93.77411651611328
2016-01-20,93.48645782470703
2016-01-21,93.57923126220703
2016-01-22,96.2887191772461
2016-01-25,94.85974884033203
2016-01-26,95.71343994140625
2016-01-27,93.32872009277344
2016-01-28,94.64633178710938
2016-01-29,96.62277221679688
2016-02-01,96.88261413574219
2016-02-02,94.78553771972656
2016-02-03,94.33086395263672
2016-02-04,94.32157897949219
2016-02-05,91.04605865478516
2016-02-08,89.65420532226562
2016-02-09,89.37582397460938
2016-02-10,89.71918487548828
2016-02-11,89.58924865722656
2016-02-12,90.95327758789062
2016-02-16,93.00395202636719
2016-02-17,95.11029815673828
2016-02-18,94.02464294433594
2016-02-19,94.30303192138672
2016-02-22,95.83405303955078
2016-02-23,94.25660705566406
2016-02-24,95.15670776367188
2016-02-25,96.0938720703125
2016-02-26,95.9732437133789
2016-02-29,95.11029815673828
2016-03-01,98.1631088256836
2016-03-02,98.20022583007812
2016-03-03,98.0146484375
2016-03-04,98.0517349243164
2016-03-07,97.44861602783203
2016-03-08,96.64134216308594
2016-03-09,97.2630386352539
2016-03-10,97.11458587646484
2016-03-11,98.81262969970703
2016-03-14,98.97965240478516
2016-03-15,98.94254302978516
2016-03-16,99.82404327392578
2016-03-17,99.76837921142578
2016-03-18,99.92472076416016
2016-03-21,100.31563568115234
2016-03-22,100.62272644042969
2016-03-23,99.79441833496094
2016-03-24,99.82234954833984
2016-03-28,99.68275451660156
2016-03-29,101.28349304199219
2016-03-30,101.7767333984375
2016-03-31,101.62781524658203
2016-04-01,102.7074203491211
2016-04-04,102.31652069091797
2016-04-05,101.33003234863281
2016-04-06,102.9958724975586
2016-04-07,101.51616668701172
2016-04-08,101.44168090820312
2016-04-11,101.06941986083984
2016-04-12,101.91631317138672
2016-04-13,103.21923828125
2016-04-14,103.22857666015625
2016-04-15,102.96796417236328
2016-04-18,103.51708984375
2016-04-19,102.88420867919922
2016-04-20,102.96796417236328
2016-04-21,102.97730255126953
2016-04-22,101.42310333251953
2016-04-25,101.42310333251953
2016-04-26,100.92982482910156
2016-04-27,100.12015533447266
2016-04-28,98.91030883789062
2016-04-29,98.38916778564453
2016-05-02,99.3198013305664
2016-05-03,98.39842224121094
2016-05-04,97.76561737060547
2016-05-05,97.73767852783203
2016-05-06,98.25883483886719
2016-05-09,98.53804779052734
2016-05-10,99.88749694824219
2016-05-11,98.98477172851562
2016-05-12,98.54735565185547
2016-05-13,98.18437957763672
2016-05-16,99.4128646850586
2016-05-17,98.16576385498047
2016-05-18,98.51944732666016
2016-05-19,98.00755310058594
2016-05-20,99.08712768554688
2016-05-23,98.95685577392578
2016-05-24,100.93914031982422
2016-05-25,101.66505432128906
2016-05-26,101.962890625
2016-05-27,102.49334716796875
2016-05-31,102.68878936767578
2016-06-01,102.69808959960938
2016-06-02,102.91211700439453
2016-06-03,102.4281997680664
2016-06-06,102.80044555664062
2016-06-07,102.53987884521484
2016-06-08,102.71668243408203
2016-06-09,102.5491943359375
2016-06-10,101.38584899902344
2016-06-13,100.53897094726562
2016-06-14,100.53897094726562
2016-06-15,100.25044250488281
2016-06-16,100.54827880859375
2016-06-17,99.36969757080078
2016-06-20,99.9948959350586
2016-06-21,100.31217193603516
2016-06-22,100.06957244873047
2016-06-23,101.49725341796875
2016-06-24,97.31681823730469
2016-06-27,95.3852310180664
2016-06-28,97.4754409790039
2016-06-29,99.2017593383789
2016-06-30,100.34949493408203
2016-07-01,100.85340118408203
2016-07-05,100.23754119873047
2016-07-06,101.05870056152344
2016-07-07,101.35730743408203
2016-07-08,102.92498016357422
2016-07-11,103.5128402709961
2016-07-12,104.03540802001953
2016-07-13,103.78346252441406
2016-07-14,104.4926528930664
2016-07-15,104.32466125488281
2016-07-18,105.01519775390625
2016-07-19,104.63262176513672
2016-07-20,105.85502624511719
2016-07-21,105.61238098144531
2016-07-22,106.05097198486328
2016-07-25,106.0603256225586
2016-07-26,106.18159484863281
2016-07-27,106.91878509521484
2016-07-28,107.29203796386719
2016-07-29,107.52532196044922
2016-08-01,108.09454345703125
2016-08-02,107.27339172363281
2016-08-03,107.62798309326172
2016-08-04,107.93590545654297
2016-08-05,108.97171020507812
2016-08-08,108.85041046142578
2016-08-09,109.10234832763672
2016-08-10,108.8223876953125
2016-08-11,109.28894805908203
2016-08-12,109.36358642578125
2016-08-15,109.83015441894531
2016-08-16,109.22364807128906
2016-08-17,109.41956329345703
2016-08-18,109.44756317138672
2016-08-19,109.41956329345703
2016-08-22,109.50358581542969
2016-08-23,109.69954681396484
2016-08-24,108.9903793334961
2016-08-25,108.81305694580078
2016-08-26,108.97171020507812
2016-08-29,109.12098693847656
2016-08-30,108.76638793945312
2016-08-31,108.6544189453125
2016-09-01,108.93434143066406
2016-09-02,109.28894805908203
2016-09-06,109.97015380859375
2016-09-07,110.03546142578125
2016-09-08,109.3915786743164
2016-09-09,106.63886260986328
2016-09-12,108.5517807006836
2016-09-13,107.58132934570312
2016-09-14,108.09454345703125
2016-09-15,109.7741928100586
2016-09-16,109.7218017578125
2016-09-19,109.24474334716797
2016-09-20,109.45050811767578
2016-09-21,110.52631378173828
2016-09-22,111.40564727783203
2016-09-23,110.69468688964844
2016-09-26,109.7685546875
2016-09-27,110.8537368774414
2016-09-28,111.04084014892578
2016-09-29,110.23631286621094
2016-09-30,111.05951690673828
2016-10-03,110.90052032470703
2016-10-04,110.73213958740234
2016-10-05,111.12504577636719
2016-10-06,111.06890106201172
2016-10-07,110.82566833496094
2016-10-10,111.52728271484375
2016-10-11,109.93695068359375
2016-10-12,109.84341430664062
2016-10-13,109.45050811767578
2016-10-14,109.58145141601562
2016-10-17,109.2821273803711
2016-10-18,110.25503540039062
2016-10-19,110.24567413330078
2016-10-20,110.11471557617188
2016-10-21,110.52631378173828
2016-10-24,111.85470581054688
2016-10-25,111.49922180175781
2016-10-26,110.74147033691406
2016-10-27,110.23631286621094
2016-10-28,109.54405975341797
2016-10-31,109.44114685058594
2016-11-01,108.61797332763672
2016-11-02,107.74794006347656
2016-11-03,106.69086456298828
2016-11-04,106.31664276123047
2016-11-07,108.84246826171875
2016-11-08,109.55341339111328
2016-11-09,110.05858612060547
2016-11-10,108.28119659423828
2016-11-11,108.32794189453125
2016-11-14,107.2334213256836
2016-11-15,108.7208480834961
2016-11-16,109.36632537841797
2016-11-17,110.1614990234375
2016-11-18,109.74987030029297
2016-11-21,110.89112854003906
2016-11-22,111.2279052734375
2016-11-23,110.7789077758789
2016-11-25,111.13436889648438
2016-11-28,110.88178253173828
2016-11-29,111.26535034179688
2016-11-30,109.91824340820312
2016-12-01,108.0192642211914
2016-12-02,108.23441314697266
2016-12-05,109.07634735107422
2016-12-06,109.3382339477539
2016-12-07,110.7227783203125
2016-12-08,110.919189453125
2016-12-09,111.78921508789062
2016-12-12,111.28404998779297
2016-12-13,112.687255859375
2016-12-14,112.45337677001953
2016-12-15,112.6311264038086
2016-12-16,112.21360778808594
2016-12-19,112.67333221435547
2016-12-20,113.1049575805664
2016-12-21,113.0205078125
2016-12-22,112.70149993896484
2016-12-23,112.77656555175781
2016-12-27,113.35826110839844
2016-12-28,112.47631072998047
2016-12-29,112.31681060791016
2016-12-30,111.16279602050781
2017-01-03,112.1573257446289
2017-01-04,112.7671890258789
2017-01-05,113.40516662597656
2017-01-06,114.39971923828125
2017-01-09,114.77503204345703
2017-01-10,115.02833557128906
2017-01-11,115.33795166015625
2017-01-12,115.1596908569336
2017-01-13,115.55374145507812
2017-01-17,115.20658874511719
2017-01-18,115.44115447998047
2017-01-19,115.38488006591797
2017-01-20,115.63818359375
2017-01-23,115.7320327758789
2017-01-24,116.51075744628906
2017-01-25,117.68355560302734
2017-01-26,117.8055191040039
2017-01-27,118.03070068359375
2017-01-30,117.11124420166016
2017-01-31,116.87664031982422
2017-02-01,117.68355560302734
2017-02-02,117.58033752441406
2017-02-03,117.9181137084961
2017-02-06,118.0588607788086
2017-02-07,118.49042510986328
2017-02-08,118.6874771118164
2017-02-09,119.11909484863281
2017-02-10,119.51312255859375
2017-02-13,120.18865966796875
2017-02-14,120.59210968017578
2017-02-15,121.30514526367188
2017-02-16,121.26766204833984
2017-02-17,121.79304504394531
2017-02-21,122.39351654052734
2017-02-22,122.44041442871094
2017-02-23,121.980712890625
2017-02-24,122.21524047851562
2017-02-27,122.36540222167969
2017-02-28,121.99010467529297
2017-03-01,123.3223876953125
2017-03-02,122.70315551757812
2017-03-03,122.92835998535156
2017-03-06,122.6562271118164
2017-03-07,122.44979095458984
2017-03-08,122.6656265258789
2017-03-09,122.7594223022461
2017-03-10,123.27546691894531
2017-03-13,123.48187255859375
2017-03-14,123.18164825439453
2017-03-15,123.94164276123047
2017-03-16,123.857177734375
2017-03-17,123.8139419555664
2017-03-20,123.92672729492188
2017-03-21,122.04637145996094
2017-03-22,122.87373352050781
2017-03-23,122.5634994506836
2017-03-24,122.81732940673828
2017-03-27,123.0147476196289
2017-03-28,123.76692199707031
2017-03-29,124.34046173095703
2017-03-30,124.54730224609375
2017-03-31,124.46269989013672
2017-04-03,124.3874740600586
2017-04-04,124.58490753173828
2017-04-05,124.07719421386719
2017-04-06,124.14297485351562
2017-04-07,124.07719421386719
2017-04-10,124.12423706054688
2017-04-11,123.58826446533203
2017-04-12,123.0899658203125
2017-04-13,122.60108184814453
2017-04-17,123.61650848388672
2017-04-18,123.42847442626953
2017-04-19,123.62590026855469
2017-04-20,124.66011810302734
2017-04-21,124.63190460205078
2017-04-24,126.13623809814453
2017-04-25,127.0481948852539
2017-04-26,126.86958312988281
2017-04-27,127.63109588623047
2017-04-28,127.85671997070312
2017-05-01,128.99436950683594
2017-05-02,129.21063232421875
2017-05-03,128.79696655273438
2017-05-04,128.84393310546875
2017-05-05,129.31405639648438
2017-05-08,129.5961151123047
2017-05-09,130.0474395751953
2017-05-10,130.1226043701172
2017-05-11,130.01922607421875
2017-05-12,130.31068420410156
2017-05-15,130.72434997558594
2017-05-16,131.26963806152344
2017-05-17,127.93196105957031
2017-05-18,129.05076599121094
2017-05-19,129.5961151123047
2017-05-22,130.68675231933594
2017-05-23,130.81837463378906
2017-05-24,131.4201202392578
2017-05-25,132.53895568847656
2017-05-26,132.77401733398438
2017-05-30,132.8867950439453
2017-05-31,132.83978271484375
2017-06-01,133.3568572998047
2017-06-02,134.8800048828125
2017-06-05,134.85177612304688
2017-06-06,134.31591796875
2017-06-07,134.8424072265625
2017-06-08,134.98345947265625
2017-06-09,131.60813903808594
2017-06-12,130.90293884277344
2017-06-13,131.9654083251953
2017-06-14,131.3918914794922
2017-06-15,130.80897521972656
2017-06-16,130.24143981933594
2017-06-19,132.41925048828125
2017-06-20,131.38217163085938
2017-06-21,132.68316650390625
2017-06-22,132.6455078125
2017-06-23,133.154541015625
2017-06-26,132.53231811523438
2017-06-27,130.12831115722656
2017-06-28,132.00436401367188
2017-06-29,129.71348571777344
2017-06-30,129.76063537597656
2017-07-03,128.3936309814453
2017-07-05,129.65695190429688
2017-07-06,128.48788452148438
2017-07-07,129.87371826171875
2017-07-10,130.72222900390625
2017-07-11,131.08990478515625
2017-07-12,132.6455078125
2017-07-13,132.93771362304688
2017-07-14,133.98416137695312
2017-07-17,134.05014038085938
2017-07-18,134.94577026367188
2017-07-19,135.73770141601562
2017-07-20,135.9168701171875
2017-07-21,135.86026000976562
2017-07-24,136.48245239257812
2017-07-25,136.1335906982422
2017-07-26,136.57676696777344
2017-07-27,135.71884155273438
2017-07-28,135.60565185546875
2017-07-31,135.0306396484375
2017-08-01,135.34176635742188
2017-08-02,135.70941162109375
2017-08-03,135.1814727783203
2017-08-04,135.4265899658203
2017-08-07,136.2844696044922
2017-08-08,136.04876708984375
2017-08-09,135.86964416503906
2017-08-10,132.95654296875
2017-08-11,133.96531677246094
2017-08-14,135.69052124023438
2017-08-15,135.7848663330078
2017-08-16,136.0205078125
2017-08-17,133.23936462402344
2017-08-18,133.1450958251953
2017-08-21,132.97544860839844
2017-08-22,135.00233459472656
2017-08-23,134.52151489257812
2017-08-24,134.1255645751953
2017-08-25,133.84274291992188
2017-08-28,134.25758361816406
2017-08-29,134.78549194335938
2017-08-30,136.3693389892578
2017-08-31,137.83058166503906
2017-09-01,137.64207458496094
2017-09-05,136.40704345703125
2017-09-06,136.82183837890625
2017-09-07,137.1424102783203
2017-09-08,135.9545135498047
2017-09-11,137.5194854736328
2017-09-12,137.84945678710938
2017-09-13,138.03799438476562
2017-09-14,137.2272186279297
2017-09-15,137.69863891601562
2017-09-18,137.51812744140625
2017-09-19,137.7543487548828
2017-09-20,137.3291778564453
2017-09-21,136.48831176757812
2017-09-22,136.3560028076172
2017-09-25,134.91993713378906
2017-09-26,135.26951599121094
2017-09-27,136.48831176757812
2017-09-28,136.44114685058594
2017-09-29,137.4236602783203
2017-10-02,137.54652404785156
2017-10-03,137.83938598632812
2017-10-04,137.97169494628906
2017-10-05,139.32272338867188
2017-10-06,139.51173400878906
2017-10-09,139.35110473632812
2017-10-10,139.4550323486328
2017-10-11,139.87074279785156
2017-10-12,139.6156005859375
2017-10-13,140.1542205810547
2017-10-16,140.6360321044922
2017-10-17,140.8155059814453
2017-10-18,140.64549255371094
2017-10-19,140.12582397460938
2017-10-20,140.50376892089844
2017-10-23,139.58729553222656
2017-10-24,139.82350158691406
2017-10-25,139.29441833496094
2017-10-26,138.85037231445312
2017-10-27,142.89414978027344
2017-10-30,143.2153778076172
2017-10-31,143.75393676757812
2017-11-01,143.70669555664062
2017-11-02,143.4327392578125
2017-11-03,144.81210327148438
2017-11-06,145.3034210205078
2017-11-07,145.38845825195312
2017-11-08,145.97427368164062
2017-11-09,145.20896911621094
2017-11-10,145.1995086669922
2017-11-13,145.37896728515625
2017-11-14,144.8499298095703
2017-11-15,144.16964721679688
2017-11-16,146.01206970214844
2017-11-17,145.45458984375
2017-11-20,145.34127807617188
2017-11-21,146.9191131591797
2017-11-22,147.09864807128906
2017-11-24,147.6371307373047
2017-11-27,147.57101440429688
2017-11-28,147.9489288330078
2017-11-29,145.3695526123047
2017-11-30,146.58839416503906
2017-12-01,145.96487426757812
2017-12-04,144.28306579589844
2017-12-05,144.37753295898438
2017-12-06,145.02947998046875
2017-12-07,145.52073669433594
2017-12-08,146.1632080078125
2017-12-11,147.29701232910156
2017-12-12,147.09864807128906
2017-12-13,147.38206481933594
2017-12-14,147.27813720703125
2017-12-15,148.9503936767578
2017-12-18,150.19924926757812
2017-12-19,149.3092803955078
2017-12-20,149.14828491210938
2017-12-21,149.16726684570312
2017-12-22,148.99685668945312
2017-12-26,148.1920928955078
2017-12-27,148.21102905273438
2017-12-28,148.39088439941406
2017-12-29,147.4724884033203
2018-01-02,150.05728149414062
2018-01-03,151.5152587890625
2018-01-04,151.78036499023438
2018-01-05,153.30474853515625
2018-01-08,153.9011993408203
2018-01-09,153.9106903076172
2018-01-10,153.55088806152344
2018-01-11,154.6018524169922
2018-01-12,155.73802185058594
2018-01-16,155.29299926757812
2018-01-17,156.96884155273438
2018-01-18,156.99720764160156
2018-01-19,157.48959350585938
2018-01-22,159.1748504638672
2018-01-23,160.49085998535156
2018-01-24,159.44943237304688
2018-01-25,159.3926239013672
2018-01-26,161.8353729248047
2018-01-29,161.04957580566406
2018-01-30,159.72401428222656
2018-01-31,160.38673400878906
2018-02-01,159.02330017089844
2018-02-02,155.85165405273438
2018-02-05,149.70692443847656
2018-02-06,153.67396545410156
2018-02-07,151.68568420410156
2018-02-08,145.28536987304688
2018-02-09,147.7943878173828
2018-02-12,150.4170379638672
2018-02-13,151.19338989257812
2018-02-14,154.02427673339844
2018-02-15,156.8835906982422
2018-02-16,156.18301391601562
2018-02-20,156.49542236328125
2018-02-21,156.05044555664062
2018-02-22,156.0315399169922
2018-02-23,159.22218322753906
2018-02-26,161.33351135253906
2018-02-27,159.3358154296875
2018-02-28,158.31329345703125
2018-03-01,155.7285614013672
2018-03-02,157.15817260742188
2018-03-05,158.9002227783203
2018-03-06,159.57252502441406
2018-03-07,159.9417266845703
2018-03-08,160.82223510742188
2018-03-09,163.94668579101562
2018-03-12,164.81776428222656
2018-03-13,162.5738983154297
2018-03-14,162.5454559326172
2018-03-15,162.40342712402344
2018-03-16,161.92056274414062
2018-03-19,158.46583557128906
2018-03-20,158.98739624023438
2018-03-21,158.2951202392578
2018-03-22,154.38796997070312
2018-03-23,150.31964111328125
2018-03-26,155.90528869628906
2018-03-27,150.86019897460938
2018-03-28,149.124755859375
2018-03-29,151.85592651367188
2018-04-02,147.47463989257812
2018-04-03,149.13424682617188
2018-04-04,151.48611450195312
2018-04-05,152.34906005859375
2018-04-06,148.5367889404297
2018-04-09,149.57997131347656
2018-04-10,152.88014221191406
2018-04-11,151.99822998046875
2018-04-12,153.82852172851562
2018-04-13,153.03187561035156
2018-04-16,154.19833374023438
2018-04-17,157.51748657226562
2018-04-18,157.83987426757812
2018-04-19,156.388916015625
2018-04-20,153.91384887695312
2018-04-23,153.5249786376953
2018-04-24,150.27223205566406
2018-04-25,150.45245361328125
2018-04-26,153.6198272705078
2018-04-27,153.7146453857422
2018-04-30,152.62416076660156
2018-05-01,154.36898803710938
2018-05-02,153.4586181640625
2018-05-03,153.43966674804688
2018-05-04,156.35104370117188
2018-05-07,157.65025329589844
2018-05-08,157.48902893066406
2018-05-09,159.20547485351562
2018-05-10,160.85556030273438
2018-05-11,160.70382690429688
2018-05-14,160.9788818359375
2018-05-15,159.1959991455078
2018-05-16,160.24864196777344
2018-05-17,159.63226318359375
2018-05-18,158.80722045898438
2018-05-21,159.6986541748047
2018-05-22,159.4900360107422
2018-05-23,160.8366241455078
2018-05-24,160.7892303466797
2018-05-25,160.9503936767578
2018-05-29,160.23915100097656
2018-05-30,161.3866729736328
2018-05-31,161.2823028564453
2018-06-01,163.81434631347656
2018-06-04,165.2938232421875
2018-06-05,165.8058624267578
2018-06-06,166.77316284179688
2018-06-07,165.41702270507812
2018-06-08,165.42648315429688
2018-06-11,165.8722381591797
2018-06-12,166.74465942382812
2018-06-13,166.73521423339844
2018-06-14,168.4232940673828
2018-06-15,167.83523559570312
2018-06-18,167.73831176757812
2018-06-19,167.26318359375
2018-06-20,168.4511260986328
2018-06-21,166.98756408691406
2018-06-22,166.61697387695312
2018-06-25,162.86300659179688
2018-06-26,163.52825927734375
2018-06-27,161.30441284179688
2018-06-28,162.6919403076172
2018-06-29,163.12905883789062
2018-07-02,164.2220001220703
2018-07-03,162.3212890625
2018-07-05,164.33602905273438
2018-07-06,166.89251708984375
2018-07-09,168.39410400390625
2018-07-10,168.51763916015625
2018-07-11,167.66232299804688
2018-07-12,170.55142211914062
2018-07-13,170.69398498535156
2018-07-16,170.28529357910156
2018-07-17,171.32119750976562
2018-07-18,170.99807739257812
2018-07-19,170.1427001953125
2018-07-20,170.1046905517578
2018-07-23,170.6464385986328
2018-07-24,171.3496551513672
2018-07-25,173.74465942382812
2018-07-26,171.11212158203125
2018-07-27,168.80274963378906
2018-07-30,166.4173583984375
2018-07-31,167.69078063964844
2018-08-01,168.3275604248047
2018-08-02,170.61793518066406
2018-08-03,171.140625
2018-08-06,172.1479949951172
2018-08-07,172.77528381347656
2018-08-08,172.98434448242188
2018-08-09,172.87979125976562
2018-08-10,171.5587615966797
2018-08-13,171.3687286376953
2018-08-14,172.44261169433594
2018-08-15,170.33279418945312
2018-08-16,170.89356994628906
2018-08-17,170.93154907226562
2018-08-20,170.77947998046875
2018-08-21,171.40672302246094
2018-08-22,172.07199096679688
2018-08-23,171.82489013671875
2018-08-24,173.4215087890625
2018-08-27,175.18917846679688
2018-08-28,175.44573974609375
2018-08-29,177.46998596191406
2018-08-30,177.15643310546875
2018-08-31,177.38449096679688
2018-09-04,176.62417602539062
2018-09-05,174.34332275390625
2018-09-06,172.7847900390625
2018-09-07,172.1195068359375
2018-09-10,172.69924926757812
2018-09-11,174.02972412109375
2018-09-12,173.51651000976562
2018-09-13,175.3697052001953
2018-09-14,174.85655212402344
2018-09-17,172.33804321289062
2018-09-18,173.76356506347656
2018-09-19,173.6305694580078
2018-09-20,175.55030822753906
2018-09-21,174.59043884277344
2018-09-24,175.0760040283203
2018-09-25,175.3140106201172
2018-09-26,175.43775939941406
2018-09-27,176.9230194091797
2018-09-28,176.8849639892578
2018-10-01,177.24667358398438
2018-10-02,176.8468475341797
2018-10-03,177.03726196289062
2018-10-04,173.63833618164062
2018-10-05,171.5152130126953
2018-10-08,170.46795654296875
2018-10-09,171.0201416015625
2018-10-10,163.4988250732422
2018-10-11,161.470947265625
2018-10-12,165.9647216796875
2018-10-15,163.95582580566406
2018-10-16,168.7256622314453
2018-10-17,168.79229736328125
2018-10-18,164.87933349609375
2018-10-19,164.72702026367188
2018-10-22,165.5742950439453
2018-10-23,164.9650115966797
2018-10-24,157.4151153564453
2018-10-25,162.86094665527344
2018-10-26,158.67185974121094
2018-10-29,155.40621948242188
2018-10-30,157.96726989746094
2018-10-31,161.6803741455078
2018-11-01,163.81301879882812
2018-11-02,161.26148986816406
2018-11-05,160.86158752441406
2018-11-06,162.0802459716797
2018-11-07,167.16427612304688
2018-11-08,166.09799194335938
2018-11-09,163.29891967773438
2018-11-12,158.35763549804688
2018-11-13,158.490966796875
2018-11-14,157.2818145751953
2018-11-15,160.03326416015625
2018-11-16,159.47157287597656
2018-11-19,154.29229736328125
2018-11-20,151.53135681152344
2018-11-21,152.6833038330078
2018-11-23,151.57896423339844
2018-11-26,155.08253479003906
2018-11-27,155.60618591308594
2018-11-28,160.6140594482422
2018-11-29,160.09043884277344
2018-11-30,161.251953125
2018-12-03,164.07008361816406
2018-12-04,157.7769012451172
2018-12-06,158.89083862304688
2018-12-07,153.64498901367188
2018-12-10,155.25392150878906
2018-12-11,155.76797485351562
2018-12-12,157.13900756835938
2018-12-13,157.1865997314453
2018-12-14,153.3592987060547
2018-12-17,149.8842315673828
2018-12-18,150.8268280029297
2018-12-19,147.1232147216797
2018-12-20,144.99058532714844
2018-12-21,140.49684143066406
2018-12-24,137.01280212402344
2018-12-26,145.56773376464844
2018-12-27,146.1310577392578
2018-12-28,146.0546875
2018-12-31,147.286376953125
2019-01-02,147.87835693359375
2019-01-03,143.047119140625
2019-01-04,149.16729736328125
2019-01-07,150.94322204589844
2019-01-08,152.30857849121094
2019-01-09,153.54986572265625
2019-01-10,153.98898315429688
2019-01-11,153.42564392089844
2019-01-14,152.0698699951172
2019-01-15,155.03929138183594
2019-01-16,155.0106658935547
2019-01-17,156.2327880859375
2019-01-18,157.77955627441406
2019-01-22,154.61917114257812
2019-01-23,154.81971740722656
2019-01-24,155.8222198486328
2019-01-25,157.68408203125
2019-01-28,155.73631286621094
2019-01-29,154.2659149169922
2019-01-30,158.1901092529297
2019-01-31,160.55799865722656
2019-02-01,159.8800506591797
2019-02-04,161.86607360839844
2019-02-05,163.29827880859375
2019-02-06,162.81130981445312
2019-02-07,160.6248016357422
2019-02-08,160.93991088867188
2019-02-11,160.78709411621094
2019-02-12,163.1645965576172
2019-02-13,163.27914428710938
2019-02-14,163.47964477539062
2019-02-15,164.16709899902344
2019-02-19,164.4917449951172
2019-02-20,164.463134765625
2019-02-21,163.861572265625
2019-02-22,165.07421875
2019-02-25,165.6757049560547
2019-02-26,165.8475799560547
2019-02-27,165.7425079345703
2019-02-28,165.36056518554688
2019-03-01,166.50636291503906
2019-03-04,166.53501892089844
2019-03-05,166.65907287597656
2019-03-06,165.7139129638672
2019-03-07,163.6801300048828
2019-03-08,163.43191528320312
2019-03-11,166.83096313476562
2019-03-12,167.7476348876953
2019-03-13,169.0078887939453
2019-03-14,168.72149658203125
2019-03-15,170.28733825683594
2019-03-18,170.69288635253906
2019-03-19,171.26681518554688
2019-03-20,171.94595336914062
2019-03-21,174.6338348388672
2019-03-22,170.79808044433594
2019-03-25,170.47283935546875
2019-03-26,171.26681518554688
2019-03-27,170.1667938232422
2019-03-28,170.55899047851562
2019-03-29,171.8502960205078
2019-04-01,174.12681579589844
2019-04-02,174.78683471679688
2019-04-03,175.7912139892578
2019-04-04,175.7242431640625
2019-04-05,176.63291931152344
2019-04-08,177.08250427246094
2019-04-09,176.46075439453125
2019-04-10,177.4077606201172
2019-04-11,176.9868927001953
2019-04-12,177.75209045410156
2019-04-15,177.78077697753906
2019-04-16,178.39297485351562
2019-04-17,179.01470947265625
2019-04-18,179.2443084716797
2019-04-22,179.7512664794922
2019-04-23,182.03733825683594
2019-04-24,181.46340942382812
2019-04-25,182.19996643066406
2019-04-26,182.36253356933594
2019-04-29,182.7165069580078
2019-04-30,181.30081176757812
2019-05-01,180.71731567382812
2019-05-02,179.93299865722656
2019-05-03,182.80259704589844
2019-05-06,181.68345642089844
2019-05-07,178.1442413330078
2019-05-08,177.6947021484375
2019-05-09,176.73817443847656
2019-05-10,176.95816040039062
2019-05-13,170.81719970703125
2019-05-14,172.69203186035156
2019-05-15,175.13121032714844
2019-05-16,176.89120483398438
2019-05-17,175.0833740234375
2019-05-20,172.1277313232422
2019-05-21,173.9259796142578
2019-05-22,173.1511688232422
2019-05-23,170.5015869140625
2019-05-24,170.4154815673828
2019-05-28,169.77462768554688
2019-05-29,168.3780975341797
2019-05-30,169.0859375
2019-05-31,166.3885498046875
2019-06-03,162.72496032714844
2019-06-04,167.30679321289062
2019-06-05,168.55026245117188
2019-06-06,169.88938903808594
2019-06-07,173.17030334472656
2019-06-10,175.1885986328125
2019-06-11,175.42776489257812
2019-06-12,174.413818359375
2019-06-13,175.4468536376953
2019-06-14,174.70077514648438
2019-06-17,175.7530059814453
2019-06-18,178.306884765625
2019-06-19,178.9764404296875
2019-06-20,180.64080810546875
2019-06-21,180.37303161621094
2019-06-24,180.3787384033203
2019-06-25,177.28228759765625
2019-06-26,178.10678100585938
2019-06-27,178.78738403320312
2019-06-28,179.0175018310547
2019-07-01,181.43321228027344
2019-07-02,182.1522216796875
2019-07-03,183.52305603027344
2019-07-05,183.14926147460938
2019-07-08,181.8646240234375
2019-07-09,182.77537536621094
2019-07-10,184.5967559814453
2019-07-11,184.46261596679688
2019-07-12,185.52670288085938
2019-07-15,186.12103271484375
2019-07-16,185.16236877441406
2019-07-17,184.2516326904297
2019-07-18,184.46261596679688
2019-07-19,183.1108856201172
2019-07-22,184.56802368164062
2019-07-23,185.77589416503906
2019-07-24,187.07965087890625
2019-07-25,185.30616760253906
2019-07-26,187.21385192871094
2019-07-29,186.57154846191406
2019-07-30,185.76629638671875
2019-07-31,183.19717407226562
2019-08-01,182.2864227294922
2019-08-02,179.60223388671875
2019-08-05,173.25599670410156
2019-08-06,175.68133544921875
2019-08-07,176.63043212890625
2019-08-08,180.47457885742188
2019-08-09,178.77781677246094
2019-08-12,176.72628784179688
2019-08-13,180.5991973876953
2019-08-14,175.2020721435547
2019-08-15,175.00076293945312
2019-08-16,177.80958557128906
2019-08-19,180.6375274658203
2019-08-20,179.2379913330078
2019-08-21,180.82928466796875
2019-08-22,180.24456787109375
2019-08-23,174.5406036376953
2019-08-26,177.17686462402344
2019-08-27,176.80296325683594
2019-08-28,177.43572998046875
2019-08-29,180.148681640625
2019-08-30,179.71726989746094
2019-09-03,177.9725341796875
2019-09-04,180.54173278808594
2019-09-05,183.84902954101562
2019-09-06,183.6669158935547
2019-09-09,183.28346252441406
2019-09-10,182.75616455078125
2019-09-11,184.47213745117188
2019-09-12,185.23904418945312
2019-09-13,184.5775909423828
2019-09-16,183.7531280517578
2019-09-17,184.6351318359375
2019-09-18,184.55844116210938
2019-09-19,184.865234375
2019-09-20,182.90957641601562
2019-09-23,182.99024963378906
2019-09-24,180.55996704101562
2019-09-25,182.58680725097656
2019-09-26,181.91441345214844
2019-09-27,179.6570587158203
2019-09-30,181.36685180664062
2019-10-01,179.8875732421875
2019-10-02,176.7945098876953
2019-10-03,178.73486328125
2019-10-04,181.36685180664062
2019-10-07,180.81935119628906
2019-10-08,178.11053466796875
2019-10-09,179.8491668701172
2019-10-10,181.2420196533203
2019-10-11,183.57620239257812
2019-10-14,183.55697631835938
2019-10-15,185.89126586914062
2019-10-16,185.4300994873047
2019-10-17,185.92001342773438
2019-10-18,184.1333465576172
2019-10-21,185.76629638671875
2019-10-22,184.28704833984375
2019-10-23,184.64247131347656
2019-10-24,186.43873596191406
2019-10-25,187.92764282226562
2019-10-28,189.78160095214844
2019-10-29,188.31182861328125
2019-10-30,189.2244110107422
2019-10-31,189.31085205078125
2019-11-01,191.03025817871094
2019-11-04,192.21177673339844
2019-11-05,192.31744384765625
2019-11-06,191.88519287109375
2019-11-07,192.52879333496094
2019-11-08,193.29722595214844
2019-11-11,193.0379180908203
2019-11-12,193.59503173828125
2019-11-13,193.64306640625
2019-11-14,193.48934936523438
2019-11-15,194.9110565185547
2019-11-18,195.06472778320312
2019-11-19,195.35292053222656
2019-11-20,194.1810302734375
2019-11-21,193.74868774414062
2019-11-22,193.87362670898438
2019-11-25,196.1693572998047
2019-11-26,196.54405212402344
2019-11-27,197.91766357421875
2019-11-29,197.01470947265625
2019-12-02,194.99746704101562
2019-12-03,193.4701690673828
2019-12-04,194.44998168945312
2019-12-05,194.83419799804688
2019-12-06,196.91867065429688
2019-12-09,196.02529907226562
2019-12-10,195.86199951171875
2019-12-11,196.8994140625
2019-12-12,198.36911010742188
2019-12-13,199.02232360839844
2019-12-16,201.02029418945312
2019-12-17,201.1355743408203
2019-12-18,201.28929138183594
2019-12-19,202.54766845703125
2019-12-20,203.36415100097656
2019-12-23,203.9012908935547
2019-12-24,204.00718688964844
2019-12-26,205.80735778808594
2019-12-27,205.6340789794922
2019-12-30,204.28634643554688
2019-12-31,204.6714324951172
2020-01-02,208.08885192871094
2020-01-03,206.18275451660156
2020-01-06,207.51126098632812
2020-01-07,207.48240661621094
2020-01-08,209.0418701171875
2020-01-09,210.81324768066406
2020-01-10,210.27410888671875
2020-01-13,212.70005798339844
2020-01-14,211.8625030517578
2020-01-15,211.94912719726562
2020-01-16,213.9803924560547
2020-01-17,215.03929138183594
2020-01-21,214.9430389404297
2020-01-22,215.51095581054688
2020-01-23,216.20408630371094
2020-01-24,214.3846893310547
2020-01-27,209.95645141601562
2020-01-28,213.1813507080078
2020-01-29,213.52789306640625
2020-01-30,214.2884063720703
2020-01-31,210.8902587890625
2020-02-03,214.07659912109375
2020-02-04,218.9765625
2020-02-05,219.69859313964844
2020-02-06,221.59500122070312
2020-02-07,220.64193725585938
2020-02-10,223.3085174560547
2020-02-11,223.3470916748047
2020-02-12,225.52264404296875
2020-02-13,225.23385620117188
2020-02-14,225.87881469726562
2020-02-18,225.96546936035156
2020-02-19,228.1314697265625
2020-02-20,226.01361083984375
2020-02-21,221.67205810546875
2020-02-24,213.12356567382812
2020-02-25,207.32833862304688
2020-02-26,208.39695739746094
2020-02-27,197.96163940429688
2020-02-28,198.11572265625
2020-03-02,208.33914184570312
2020-03-03,201.65829467773438
2020-03-04,210.07192993164062
2020-03-05,203.6894989013672
2020-03-06,200.25277709960938
2020-03-09,186.34231567382812
2020-03-10,196.48880004882812
2020-03-11,187.9307861328125
2020-03-12,170.6990966796875
2020-03-13,185.1582794189453
2020-03-16,162.97857666015625
2020-03-17,175.33909606933594
2020-03-18,170.0060272216797
2020-03-19,171.02638244628906
2020-03-20,164.3263397216797
2020-03-23,164.44496154785156
2020-03-24,177.1791534423828
2020-03-25,175.8671417236328
2020-03-26,185.12838745117188
2020-03-27,178.7612762451172
2020-03-30,185.2634735107422
2020-03-31,183.6813507080078
2020-04-01,175.8767547607422
2020-04-02,179.44622802734375
2020-04-03,176.89938354492188
2020-04-06,189.5467529296875
2020-04-07,189.4696044921875
2020-04-08,193.4924774169922
2020-04-09,193.77223205566406
2020-04-13,195.86563110351562
2020-04-14,204.38409423828125
2020-04-15,202.03981018066406
2020-04-16,205.72500610351562
2020-04-17,207.69302368164062
2020-04-20,205.2330322265625
2020-04-21,197.66001892089844
2020-04-22,203.52540588378906
2020-04-23,203.0913543701172
2020-04-24,206.2941436767578
2020-04-27,207.95352172851562
2020-04-28,204.03675842285156
2020-04-29,211.2720947265625
2020-04-30,211.1852569580078
2020-05-01,205.2330322265625
2020-05-04,207.62551879882812
2020-05-05,209.97938537597656
2020-05-06,211.2720947265625
2020-05-07,213.9926300048828
2020-05-08,216.92530822753906
2020-05-11,218.86441040039062
2020-05-12,214.28195190429688
2020-05-13,211.60008239746094
2020-05-14,214.0022430419922
2020-05-15,215.39141845703125
2020-05-18,219.4046173095703
2020-05-19,218.8547821044922
2020-05-20,223.22491455078125
2020-05-21,220.7938232421875
2020-05-22,221.5559539794922
2020-05-26,220.95782470703125
2020-05-27,222.16371154785156
2020-05-28,221.874267578125
2020-05-29,225.12538146972656
2020-06-01,225.8006591796875
2020-06-02,227.3152618408203
2020-06-03,228.33786010742188
2020-06-04,226.73643493652344
2020-06-05,231.23204040527344
2020-06-08,233.02638244628906
2020-06-09,234.714599609375
2020-06-10,237.53160095214844
2020-06-11,225.76210021972656
2020-06-12,227.5564727783203
2020-06-15,230.32518005371094
2020-06-16,234.280517578125
2020-06-17,235.02328491210938
2020-06-18,235.66004943847656
2020-06-19,235.62144470214844
2020-06-22,238.44715881347656
2020-06-23,240.47659301757812
2020-06-24,235.51904296875
2020-06-25,237.76101684570312
2020-06-26,232.14633178710938
2020-06-29,234.67823791503906
2020-06-30,239.2782745361328
2020-07-01,242.07113647460938
2020-07-02,243.71401977539062
2020-07-06,249.70559692382812
2020-07-07,247.98541259765625
2020-07-08,251.25177001953125
2020-07-09,253.36822509765625
2020-07-10,255.09805297851562
2020-07-13,249.85060119628906
2020-07-14,251.61911010742188
2020-07-15,252.13124084472656
2020-07-16,250.41110229492188
2020-07-17,250.70098876953125
2020-07-20,257.8135986328125
2020-07-21,255.1270751953125
2020-07-22,256.0257263183594
2020-07-23,249.33837890625
2020-07-24,246.97073364257812
2020-07-27,251.37747192382812
2020-07-28,248.17868041992188
2020-07-29,251.03919982910156
2020-07-30,252.35357666015625
2020-07-31,256.8569641113281
2020-08-03,260.326171875
2020-08-04,261.2926025390625
2020-08-05,261.94012451171875
2020-08-06,265.40948486328125
2020-08-07,262.34600830078125
2020-08-10,261.2249450683594
2020-08-11,256.277099609375
2020-08-12,262.7228698730469
2020-08-13,263.32208251953125
2020-08-14,263.0128173828125
2020-08-17,266.06658935546875
2020-08-18,268.6275329589844
2020-08-19,266.82049560546875
2020-08-20,270.521728515625
2020-08-21,272.3963623046875
2020-08-24,274.0973815917969
2020-08-25,276.25238037109375
2020-08-26,282.1473388671875
2020-08-27,281.2679138183594
2020-08-28,282.6982116699219
2020-08-31,284.96923828125
2020-09-01,289.8398132324219
2020-09-02,292.5843811035156
2020-09-03,277.7502746582031
2020-09-04,274.0489501953125
2020-09-08,260.8770751953125
2020-09-09,268.54052734375
2020-09-10,263.1867370605469
2020-09-11,261.3603210449219
2020-09-14,265.9119873046875
2020-09-15,269.6809387207031
2020-09-16,265.38055419921875
2020-09-17,261.2346496582031
2020-09-18,257.9006652832031
2020-09-21,258.5191650390625
2020-09-22,263.32208251953125
2020-09-23,255.28172302246094
2020-09-24,256.4703674316406
2020-09-25,262.4329528808594
2020-09-28,267.88348388671875
2020-09-29,266.6755065917969
2020-09-30,268.5019226074219
2020-10-01,272.76361083984375
2020-10-02,265.09051513671875
2020-10-05,270.743896484375
2020-10-06,265.9119873046875
2020-10-07,270.5119323730469
2020-10-08,271.9519348144531
2020-10-09,276.1073913574219
2020-10-12,284.6309814453125
2020-10-13,284.6213073730469
2020-10-14,282.2440185546875
2020-10-15,280.3498229980469
2020-10-16,278.81329345703125
2020-10-19,274.2616271972656
2020-10-20,274.85113525390625
2020-10-21,274.6385192871094
2020-10-22,274.6287841796875
2020-10-23,275.1700439453125
2020-10-26,271.0435791015625
2020-10-27,273.1598815917969
2020-10-28,262.5103454589844
2020-10-29,267.1007080078125
2020-10-30,260.326171875
2020-11-02,260.9061279296875
2020-11-03,265.4190979003906
2020-11-04,277.26708984375
2020-11-05,284.4956970214844
2020-11-06,284.7082214355469
2020-11-09,278.890625
2020-11-10,273.8943786621094
2020-11-11,280.0213317871094
2020-11-12,278.7069396972656
2020-11-13,281.1519775390625
2020-11-16,283.3456726074219
2020-11-17,282.4469909667969
2020-11-18,280.3595275878906
2020-11-19,282.55328369140625
2020-11-20,280.6204528808594
2020-11-23,280.6301574707031
2020-11-24,284.572998046875
2020-11-25,286.32208251953125
2020-11-27,288.96044921875
2020-11-30,289.5499572753906
2020-12-01,293.2607727050781
2020-12-02,293.6376953125
2020-12-03,294.0532531738281
2020-12-04,295.25152587890625
2020-12-07,296.9234619140625
2020-12-08,297.9284973144531
2020-12-09,291.1830749511719
2020-12-10,292.3523864746094
2020-12-11,291.70489501953125
2020-12-14,293.8214111328125
2020-12-15,296.962158203125
2020-12-16,298.5953063964844
2020-12-17,300.5473937988281
2020-12-18,299.6390075683594
2020-12-21,299.0785217285156
2020-12-22,299.8916015625
2020-12-23,298.38134765625
2020-12-24,299.69805908203125
2020-12-28,302.7186584472656
2020-12-29,302.98968505859375
2020-12-30,302.9994201660156
2020-12-31,303.7448425292969
2021-01-04,299.45611572265625
2021-01-05,301.9248046875
2021-01-06,297.742431640625
2021-01-07,304.9454345703125
2021-01-08,308.86639404296875
2021-01-11,304.4032897949219
2021-01-12,303.919189453125
2021-01-13,305.97161865234375
2021-01-14,304.3354797363281
2021-01-15,301.9248046875
2021-01-19,306.32989501953125
2021-01-20,313.455322265625
2021-01-21,315.96282958984375
2021-01-22,315.05279541015625
2021-01-25,317.6571350097656
2021-01-26,318.1217956542969
2021-01-27,309.2535705566406
2021-01-28,311.0834045410156
2021-01-29,304.538818359375
2021-02-01,312.14837646484375
2021-02-02,317.2408447265625
2021-02-03,315.9822692871094
2021-02-04,319.71923828125
2021-02-05,320.80352783203125
2021-02-08,322.95281982421875
2021-02-09,322.88507080078125
2021-02-10,322.1492919921875
2021-02-11,323.9209289550781
2021-02-12,325.7314758300781
2021-02-16,324.8503723144531
2021-02-17,323.29168701171875
2021-02-18,321.878173828125
2021-02-19,320.4743957519531
2021-02-22,312.1678466796875
2021-02-23,311.23834228515625
2021-02-24,313.80389404296875
2021-02-25,302.86395263671875
2021-02-26,304.1321105957031
2021-03-01,313.28106689453125
2021-03-02,308.2564697265625
2021-03-03,299.310791015625
2021-03-04,294.4120178222656
2021-03-05,298.8459777832031
2021-03-08,290.384521484375
2021-03-09,301.8376159667969
2021-03-10,300.97601318359375
2021-03-11,307.90789794921875
2021-03-12,305.41009521484375
2021-03-15,308.6726989746094
2021-03-16,310.3669738769531
2021-03-17,311.6449279785156
2021-03-18,302.0990295410156
2021-03-19,303.1640625
2021-03-22,308.849365234375
2021-03-23,307.5018615722656
2021-03-24,302.3158874511719
2021-03-25,301.7923278808594
2021-03-26,306.31927490234375
2021-03-29,306.23211669921875
2021-03-30,304.6907653808594
2021-03-31,309.3533630371094
2021-04-01,314.6267395019531
2021-04-05,320.9082336425781
2021-04-06,320.685302734375
2021-04-07,321.4608154296875
2021-04-08,324.8147277832031
2021-04-09,326.78253173828125
2021-04-12,326.3560791015625
2021-04-13,330.1656799316406
2021-04-14,326.2010192871094
2021-04-15,331.14471435546875
2021-04-16,331.532470703125
2021-04-19,328.49835205078125
2021-04-20,326.1040344238281
2021-04-21,328.8957824707031
2021-04-22,324.9311828613281
2021-04-23,329.0219421386719
2021-04-26,331.16412353515625
2021-04-27,329.7294006347656
2021-04-28,328.61474609375
2021-04-29,329.79730224609375
2021-04-30,327.6356201171875
2021-05-03,325.8907775878906
2021-05-04,320.0261535644531
2021-05-05,318.95013427734375
2021-05-06,321.3541564941406
2021-05-07,323.96173095703125
2021-05-10,315.7802734375
2021-05-11,315.3440856933594
2021-05-12,307.1820068359375
2021-05-13,309.5569152832031
2021-05-14,316.3910217285156
2021-05-17,314.4717102050781
2021-05-18,312.3487854003906
2021-05-19,312.7074279785156
2021-05-20,318.7562561035156
2021-05-21,316.9919128417969
2021-05-24,322.3234558105469
2021-05-25,322.76947021484375
2021-05-26,323.89385986328125
2021-05-27,322.68212890625
2021-05-28,323.699951171875
2021-06-01,322.6240539550781
2021-06-02,323.25408935546875
2021-06-03,319.89044189453125
2021-06-04,325.31884765625
2021-06-07,326.28814697265625
2021-06-08,326.44329833984375
2021-06-09,326.5209045410156
2021-06-10,329.9233703613281
2021-06-11,330.78607177734375
2021-06-14,333.9559020996094
2021-06-15,331.7747802734375
2021-06-16,330.5630798339844
2021-06-17,334.760498046875
2021-06-18,332.1335144042969
2021-06-21,334.1976623535156
2021-06-22,337.3130187988281
2021-06-23,337.4779357910156
2021-06-24,339.564453125
2021-06-25,339.1472473144531
2021-06-28,343.271728515625
2021-06-29,344.5140686035156
2021-06-30,343.970458984375
2021-07-01,344.10638427734375
2021-07-02,348.05633544921875
2021-07-06,349.5605163574219
2021-07-07,350.29815673828125
2021-07-08,348.1824645996094
2021-07-09,350.3563537597656
2021-07-12,351.7247314453125
2021-07-13,351.7247314453125
2021-07-14,352.3556213378906
2021-07-15,349.880859375
2021-07-16,347.0469970703125
2021-07-19,344.2034912109375
2021-07-20,348.2017822265625
2021-07-21,350.89013671875
2021-07-22,353.20965576171875
2021-07-23,357.33416748046875
2021-07-26,357.61553955078125
2021-07-27,353.6754150390625
2021-07-28,355.0341796875
2021-07-29,355.6649475097656
2021-07-30,353.811279296875
2021-08-02,353.8403015136719
2021-08-03,355.9851989746094
2021-08-04,356.49957275390625
2021-08-05,358.76080322265625
2021-08-06,357.1885681152344
2021-08-09,357.8485107421875
2021-08-10,356.0142822265625
2021-08-11,355.40289306640625
2021-08-12,356.6839599609375
2021-08-13,357.9358825683594
2021-08-16,358.0911560058594
2021-08-17,354.9371337890625
2021-08-18,351.5209655761719
2021-08-19,353.21923828125
2021-08-20,356.8780212402344
2021-08-23,362.2157287597656
2021-08-24,363.32208251953125
2021-08-25,363.7393798828125
2021-08-26,361.4296569824219
2021-08-27,364.94287109375
2021-08-30,369.0382995605469
2021-08-31,368.73736572265625
2021-09-01,369.34881591796875
2021-09-02,369.17413330078125
2021-09-03,370.3096008300781
2021-09-07,370.8336486816406
2021-09-08,369.54296875
2021-09-09,368.2716369628906
2021-09-10,365.47650146484375
2021-09-13,365.2242736816406
2021-09-14,364.1858215332031
2021-09-15,366.8934631347656
2021-09-16,367.14581298828125
2021-09-17,362.7980041503906
2021-09-20,355.3013916015625
2021-09-21,355.7386474609375
2021-09-22,359.0614318847656
2021-09-23,362.37445068359375
2021-09-24,362.7144470214844
2021-09-27,359.8192138671875
2021-09-28,349.6372375488281
2021-09-29,349.06402587890625
2021-09-30,347.7815246582031
2021-10-01,349.9383239746094
2021-10-04,342.5933837890625
2021-10-05,347.21795654296875
2021-10-06,349.44287109375
2021-10-07,352.64910888671875
2021-10-08,350.8905334472656
2021-10-11,348.1993408203125
2021-10-12,346.98480224609375
2021-10-13,349.7635498046875
2021-10-14,356.20489501953125
2021-10-15,358.44927978515625
2021-10-18,362.0538024902344
2021-10-19,364.7936096191406
2021-10-20,364.3175354003906
2021-10-21,366.5423889160156
2021-10-22,363.4625549316406
2021-10-25,367.18365478515625
2021-10-26,368.3398132324219
2021-10-27,369.19476318359375
2021-10-28,373.2948913574219
2021-10-29,375.1310729980469
2021-11-01,376.4134826660156
2021-11-02,377.9875183105469
2021-11-03,382.00006103515625
2021-11-04,386.89678955078125
2021-11-05,387.2659606933594
2021-11-08,386.74114990234375
2021-11-09,384.07916259765625
2021-11-10,378.4343566894531
2021-11-11,379.48358154296875
2021-11-12,383.4767761230469
2021-11-15,383.3893737792969
2021-11-16,386.1195373535156
2021-11-17,386.32342529296875
2021-11-18,390.3262939453125
2021-11-19,392.5026550292969
2021-11-22,387.9460144042969
2021-11-23,386.1777648925781
2021-11-24,387.42138671875
2021-11-26,380.07635498046875
2021-11-29,388.3249206542969
2021-11-30,382.621826171875
2021-12-01,376.1123046875
2021-12-02,378.8230285644531
2021-12-03,372.2358093261719
2021-12-06,375.2185363769531
2021-12-07,386.517822265625
2021-12-08,388.2471923828125
2021-12-09,382.5344543457031
2021-12-10,386.6927490234375
2021-12-13,381.1062316894531
2021-12-14,377.1616516113281
2021-12-15,385.7600402832031
2021-12-16,375.8403625488281
2021-12-17,373.96514892578125
2021-12-20,370.3376159667969
2021-12-21,378.62591552734375
2021-12-22,383.23699951171875
2021-12-23,386.126220703125
2021-12-27,392.5079040527344
2021-12-28,390.688720703125
2021-12-29,390.6302795410156
2021-12-30,389.4630432128906
2021-12-31,387.0309753417969
2022-01-03,390.75677490234375
2022-01-04,385.6884460449219
2022-01-05,373.8396911621094
2022-01-06,373.5770263671875
2022-01-07,369.5301513671875
2022-01-10,369.7733459472656
2022-01-11,375.3280944824219
2022-01-12,376.8165283203125
2022-01-13,367.3899841308594
2022-01-14,369.67608642578125
2022-01-18,360.4733581542969
2022-01-19,356.5140380859375
2022-01-20,351.8834228515625
2022-01-21,342.1261901855469
2022-01-24,343.6924133300781
2022-01-25,335.72509765625
2022-01-26,335.1997375488281
2022-01-27,331.8242492675781
2022-01-28,342.23321533203125
2022-01-31,353.1773376464844
2022-02-01,355.5801086425781
2022-02-02,358.4693298339844
2022-02-03,343.9356689453125
2022-02-04,348.2743225097656
2022-02-07,345.4726257324219
2022-02-08,349.3541564941406
2022-02-09,356.7571716308594
2022-02-10,348.6828918457031
2022-02-11,337.62213134765625
2022-02-14,338.0404052734375
2022-02-15,346.44549560546875
2022-02-16,346.3579406738281
2022-02-17,336.055908203125
2022-02-18,332.2230224609375
2022-02-22,328.8863525390625
2022-02-23,320.4618835449219
2022-02-24,331.2307434082031
2022-02-25,336.3671569824219
2022-02-28,337.36920166015625
2022-03-01,332.2035827636719
2022-03-02,337.77777099609375
2022-03-03,332.95257568359375
2022-03-04,328.1274719238281
2022-03-07,316.0257873535156
2022-03-08,314.556884765625
2022-03-09,325.88037109375
2022-03-10,322.2614440917969
2022-03-11,315.5783386230469
2022-03-14,309.5177307128906
2022-03-15,319.2264099121094
2022-03-16,331.0654296875
2022-03-17,335.0733947753906
2022-03-18,341.9316711425781
2022-03-21,340.9810791015625
2022-03-22,347.68218994140625
2022-03-23,342.6855163574219
2022-03-24,350.3022766113281
2022-03-25,350.010009765625
2022-03-28,355.42559814453125
2022-03-29,361.5423583984375
2022-03-30,357.5489196777344
2022-03-31,353.1172180175781
2022-04-01,352.44512939453125
2022-04-04,359.70147705078125
2022-04-05,351.714599609375
2022-04-06,344.0783996582031
2022-04-07,344.89654541015625
2022-04-08,340.0752258300781
2022-04-11,332.0298767089844
2022-04-12,330.6272888183594
2022-04-13,337.3479919433594
2022-04-14,329.6337890625
2022-04-18,329.8869934082031
2022-04-19,337.2602844238281
2022-04-20,332.341552734375
2022-04-21,325.4649963378906
2022-04-22,316.9424743652344
2022-04-25,321.0138854980469
2022-04-26,308.8971862792969
2022-04-27,308.52703857421875
2022-04-28,319.4847106933594
2022-04-29,305.10833740234375
2022-05-02,310.2023010253906
2022-05-03,310.5335388183594
2022-05-04,321.0333251953125
2022-05-05,304.8647766113281
2022-05-06,301.2122497558594
2022-05-09,289.4267883300781
2022-05-10,292.94287109375
2022-05-11,284.2547302246094
2022-05-12,283.58270263671875
2022-05-13,294.0921936035156
2022-05-16,290.6831359863281
2022-05-17,298.21240234375
2022-05-18,283.57293701171875
2022-05-19,282.053466796875
2022-05-20,281.1768798828125
2022-05-23,285.85211181640625
2022-05-24,279.7742919921875
2022-05-25,283.6898193359375
2022-05-26,291.550048828125
2022-05-27,301.0661926269531
2022-05-31,300.2674560546875
2022-06-01,298.0467224121094
2022-06-02,306.2088317871094
2022-06-03,298.2414855957031
2022-06-06,299.235107421875
2022-06-07,301.81610107421875
2022-06-08,299.64410400390625
2022-06-09,291.6183166503906
2022-06-10,281.33270263671875
2022-06-13,268.2518005371094
2022-06-14,268.7388000488281
2022-06-15,275.44976806640625
2022-06-16,264.3362731933594
2022-06-17,267.5504455566406
2022-06-21,274.3006591796875
2022-06-22,273.9005432128906
2022-06-23,277.97979736328125
2022-06-24,287.5043640136719
2022-06-27,285.39642333984375
2022-06-28,276.70135498046875
2022-06-29,276.955078125
2022-06-30,273.5199279785156
2022-07-01,275.3253173828125
2022-07-05,280.0388488769531
2022-07-06,281.8344421386719
2022-07-07,287.8654479980469
2022-07-08,288.2265319824219
2022-07-11,282.0687255859375
2022-07-12,279.33624267578125
2022-07-13,278.7604064941406
2022-07-14,279.7558898925781
2022-07-15,284.8304138183594
2022-07-18,282.4200439453125
2022-07-19,291.10540771484375
2022-07-20,295.7212219238281
2022-07-21,299.9664306640625
2022-07-22,294.7063293457031
2022-07-25,293.0278625488281
2022-07-26,287.2701110839844
2022-07-27,299.4101257324219
2022-07-28,302.3377380371094
2022-07-29,307.8514404296875
2022-08-01,307.666015625
2022-08-02,306.7487487792969
2022-08-03,315.1022644042969
2022-08-04,316.57586669921875
2022-08-05,313.9897155761719
2022-08-08,312.97491455078125
2022-08-09,309.432373046875
2022-08-10,318.0689697265625
2022-08-11,316.2635192871094
2022-08-12,322.42132568359375
2022-08-15,325.0269775390625
2022-08-16,324.2657470703125
2022-08-17,320.56719970703125
2022-08-18,321.338134765625
2022-08-19,315.0729675292969
2022-08-22,306.7779235839844
2022-08-23,306.5243225097656
2022-08-24,307.412353515625
2022-08-25,312.847900390625
2022-08-26,300.02490234375
2022-08-29,297.06805419921875
2022-08-30,293.75970458984375
2022-08-31,292.052001953125
2022-09-01,292.1788024902344
2022-09-02,288.0508728027344
2022-09-06,285.98193359375
2022-09-07,291.7591552734375
2022-09-08,293.2718200683594
2022-09-09,299.6833190917969
2022-09-12,303.2452697753906
2022-09-13,286.6163330078125
2022-09-14,288.89007568359375
2022-09-15,284.0789489746094
2022-09-16,282.34197998046875
2022-09-19,284.5406188964844
2022-09-20,282.2725524902344
2022-09-21,277.2181701660156
2022-09-22,273.80621337890625
2022-09-23,269.34820556640625
2022-09-26,268.23370361328125
2022-09-27,268.3412780761719
2022-09-28,273.6790466308594
2022-09-29,265.78961181640625
2022-09-30,261.28277587890625
2022-10-03,267.4124450683594
2022-10-04,275.8200988769531
2022-10-05,275.6734924316406
2022-10-06,273.503173828125
2022-10-07,263.0815734863281
2022-10-10,260.45172119140625
2022-10-11,256.87359619140625
2022-10-12,256.78558349609375
2022-10-13,262.8078308105469
2022-10-14,254.90853881835938
2022-10-17,263.32598876953125
2022-10-18,265.4083251953125
2022-10-19,264.4404602050781
2022-10-20,263.0913391113281
2022-10-21,269.26019287109375
2022-10-24,272.22247314453125
2022-10-25,277.8536071777344
2022-10-26,271.7140197753906
2022-10-27,266.76727294921875
2022-10-28,274.93048095703125
2022-10-31,271.733642578125
2022-11-01,268.9571533203125
2022-11-02,259.738037109375
2022-11-03,254.6640625
2022-11-04,258.7604064941406
2022-11-07,261.605224609375
2022-11-08,263.51171875
2022-11-09,257.4308166503906
2022-11-10,276.4262390136719
2022-11-11,281.5197448730469
2022-11-14,279.05615234375
2022-11-15,282.917724609375
2022-11-16,279.05615234375
2022-11-17,278.4401550292969
2022-11-18,278.45001220703125
2022-11-21,275.5855407714844
2022-11-22,279.5546569824219
2022-11-23,282.3605041503906
2022-11-25,280.5030212402344
2022-11-28,276.38714599609375
2022-11-29,274.29498291015625
2022-11-30,286.7989807128906
2022-12-01,287.15093994140625
2022-12-02,286.007080078125
2022-12-05,281.2068786621094
2022-12-06,275.3801574707031
2022-12-07,274.2558898925781
2022-12-08,277.5016784667969
2022-12-09,275.73211669921875
2022-12-12,279.1930236816406
2022-12-13,282.1943359375
2022-12-14,280.1021728515625
2022-12-15,270.6973571777344
2022-12-16,268.11639404296875
2022-12-19,264.3483581542969
2022-12-20,264.142578125
2022-12-21,267.9742431640625
2022-12-22,261.418212890625
2022-12-23,262.00616455078125
2022-12-27,258.3018798828125
2022-12-28,254.89161682128906
2022-12-29,261.10467529296875
2022-12-30,260.9478759765625
2023-01-03,259.18389892578125
2023-01-04,260.41864013671875
2023-01-05,256.342041015625
2023-01-06,263.4173583984375
2023-01-09,265.12261962890625
2023-01-10,267.3666687011719
2023-01-11,271.9921875
2023-01-12,273.462158203125
2023-01-13,275.3437194824219
2023-01-17,275.9023132324219
2023-01-18,272.3155517578125
2023-01-19,269.6402587890625
2023-01-20,277.01947021484375
2023-01-23,283.1737060546875
2023-01-24,282.5955505371094
2023-01-25,281.96832275390625
2023-01-26,287.46600341796875
2023-01-27,290.32757568359375
2023-01-30,284.45745849609375
2023-01-31,288.7203369140625
2023-02-01,294.8942565917969
2023-02-02,305.4779357910156
2023-02-03,300.0489196777344
2023-02-06,297.5107421875
2023-02-07,303.67474365234375
2023-02-08,298.2751159667969
2023-02-09,295.6390380859375
2023-02-10,293.6986389160156
2023-02-13,298.4024963378906
2023-02-14,300.6074523925781
2023-02-15,302.9104309082031
2023-02-16,297.22650146484375
2023-02-17,295.1294250488281
2023-02-21,288.14215087890625
2023-02-22,288.3577880859375
2023-02-23,290.8763427734375
2023-02-24,286.0058898925781
2023-02-27,288.0539855957031
2023-02-28,287.6816101074219
2023-03-01,285.3688049316406
2023-03-02,287.7305908203125
2023-03-03,293.67901611328125
2023-03-06,294.0122985839844
2023-03-07,290.4059753417969
2023-03-08,291.85626220703125
2023-03-09,286.7996520996094
2023-03-10,282.77191162109375
2023-03-13,284.8690490722656
2023-03-14,291.415283203125
2023-03-15,292.94403076171875
2023-03-16,300.6662902832031
2023-03-17,299.24530029296875
2023-03-20,300.30731201171875
2023-03-21,304.59637451171875
2023-03-22,300.4544372558594
2023-03-23,304.017333984375
2023-03-24,305.1362609863281
2023-03-27,303.0456237792969
2023-03-28,301.4360046386719
2023-03-29,306.932373046875
2023-03-30,309.8375549316406
2023-03-31,314.990478515625
2023-04-03,314.2248840332031
2023-04-04,313.1648864746094
2023-04-05,310.0730895996094
2023-04-06,312.16375732421875
2023-04-10,311.9869689941406
2023-04-11,309.98480224609375
2023-04-12,307.24639892578125
2023-04-13,313.2629699707031
2023-04-14,312.674072265625
2023-04-17,312.93914794921875
2023-04-18,312.9587707519531
2023-04-19,312.8114929199219
2023-04-20,310.426513671875
2023-04-21,310.7503662109375
2023-04-24,310.1026611328125
2023-04-25,304.2528076171875
2023-04-26,306.09808349609375
2023-04-27,314.4211730957031
2023-04-28,316.5902404785156
2023-05-01,316.22711181640625
2023-05-02,313.4690856933594
2023-05-03,311.417724609375
2023-05-04,310.3184814453125
2023-05-05,316.91412353515625
2023-05-08,317.6993408203125
2023-05-09,315.6872863769531
2023-05-10,319.1224670410156
2023-05-11,320.16278076171875
2023-05-12,319.0144958496094
2023-05-15,320.741943359375
2023-05-16,321.1051025390625
2023-05-17,324.9917907714844
2023-05-18,331.0279541015625
2023-05-19,330.28204345703125
2023-05-22,331.39117431640625
2023-05-23,327.1903381347656
2023-05-24,325.5119934082031
2023-05-25,333.4327087402344
2023-05-26,341.9520568847656
2023-05-30,343.50274658203125
2023-05-31,341.54962158203125
2023-06-01,345.4952087402344
2023-06-02,348.08636474609375
2023-06-05,348.3316650390625
2023-06-06,348.2728271484375
2023-06-07,342.36419677734375
2023-06-08,346.6141357421875
2023-06-09,347.9391784667969
2023-06-12,353.8182067871094
2023-06-13,356.53692626953125
2023-06-14,359.12811279296875
2023-06-15,363.4074401855469
2023-06-16,361.1205749511719
2023-06-20,360.60357666015625
2023-06-21,355.68939208984375
2023-06-22,359.8860778808594
2023-06-23,356.31842041015625
2023-06-26,351.5417785644531
2023-06-27,357.5863037109375
2023-06-28,358.2840881347656
2023-06-29,357.5666198730469
2023-06-30,363.0802917480469
2023-07-03,363.9354248046875
2023-07-05,363.92559814453125
2023-07-06,361.1539611816406
2023-07-07,359.95489501953125
2023-07-10,360.07281494140625
2023-07-11,361.85186767578125
2023-07-12,366.4219970703125
2023-07-13,372.643310546875
2023-07-14,372.5647277832031
2023-07-17,376.04400634765625
2023-07-18,379.1203308105469
2023-07-19,379.0318298339844
2023-07-20,370.2943115234375
2023-07-21,369.1838684082031
2023-07-24,369.77349853515625
2023-07-25,372.2796936035156
2023-07-26,371.0412902832031
2023-07-27,370.15679931640625
2023-07-28,376.8990173339844
2023-07-31,377.09564208984375
2023-08-01,376.2209167480469
2023-08-02,367.96502685546875
2023-08-03,367.3753356933594
2023-08-04,365.6554260253906
2023-08-07,368.75128173828125
2023-08-08,365.6160888671875
2023-08-09,361.59619140625
2023-08-10,362.26458740234375
2023-08-11,359.95489501953125
2023-08-14,363.994384765625
2023-08-15,360.1318054199219
2023-08-16,356.31842041015625
2023-08-17,352.42633056640625
2023-08-18,351.98406982421875
2023-08-21,357.6550598144531
2023-08-22,357.14404296875
2023-08-23,362.7756042480469
2023-08-24,355.0210876464844
2023-08-25,357.7729797363281
2023-08-28,360.46600341796875
2023-08-29,368.3385314941406
2023-08-30,370.3927307128906
2023-08-31,371.5032958984375
2023-09-01,371.1101379394531
2023-09-05,371.5819091796875
2023-09-06,368.30902099609375
2023-09-07,365.6750793457031
2023-09-08,366.1861267089844
2023-09-11,370.50079345703125
2023-09-12,366.3925476074219
2023-09-13,367.78814697265625
2023-09-14,370.79559326171875
2023-09-15,364.446533203125
2023-09-18,364.826416015625
2023-09-19,364.0488586425781
2023-09-20,358.802734375
2023-09-21,352.2278137207031
2023-09-22,352.277099609375
2023-09-25,353.9503479003906
2023-09-26,348.6352844238281
2023-09-27,349.4523010253906
2023-09-28,352.3755798339844
2023-09-29,352.63140869140625
2023-10-02,355.5743713378906
2023-10-03,349.33416748046875
2023-10-04,354.0881652832031
2023-10-05,353.04473876953125
2023-10-06,358.9602355957031
2023-10-09,360.7908935546875
2023-10-10,362.7889709472656
2023-10-11,365.37762451171875
2023-10-12,364.1079406738281
2023-10-13,359.53106689453125
2023-10-16,363.5960388183594
2023-10-17,362.4051208496094
2023-10-18,357.6510925292969
2023-10-19,354.30462646484375
2023-10-20,349.0191345214844
2023-10-23,350.07232666015625
2023-10-24,353.4778747558594
2023-10-25,344.8262023925781
2023-10-26,338.2513122558594
2023-10-27,339.8753356933594
2023-10-30,343.70416259765625
2023-10-31,345.347900390625
2023-11-01,351.34197998046875
2023-11-02,357.72003173828125
2023-11-03,361.9228210449219
2023-11-06,363.39923095703125
2023-11-07,366.83428955078125
2023-11-08,367.07049560546875
2023-11-09,364.2456970214844
2023-11-10,372.43475341796875
2023-11-13,371.2732849121094
2023-11-14,379.2655334472656
2023-11-15,379.5509338378906
2023-11-16,379.87579345703125
2023-11-17,379.96435546875
2023-11-20,384.5903625488281
2023-11-21,382.3560485839844
2023-11-22,383.9210510253906
2023-11-24,383.3797607421875
2023-11-27,383.0450744628906
2023-11-28,384.049072265625
2023-11-29,383.67498779296875
2023-11-30,382.71044921875
2023-12-01,383.8030090332031
2023-12-04,380.23992919921875
2023-12-05,381.1946716308594
2023-12-06,378.9899597167969
2023-12-07,384.28521728515625
2023-12-08,385.9979248046875
2023-12-11,389.29510498046875
2023-12-12,392.39556884765625
2023-12-13,397.38580322265625
2023-12-14,397.041259765625
2023-12-15,398.9605407714844
2023-12-18,401.4735107421875
2023-12-19,403.5248718261719
2023-12-20,397.5285949707031
2023-12-21,402.154052734375
2023-12-22,402.7555847167969
2023-12-26,405.2211608886719
2023-12-27,406.0461120605469
2023-12-28,405.8487243652344
2023-12-29,404.09234619140625
2024-01-02,397.254150390625
2024-01-03,393.0506591796875
2024-01-04,391.02777099609375
2024-01-05,391.4915771484375
2024-01-08,399.5829162597656
2024-01-09,400.3722839355469
2024-01-10,403.0858154296875
2024-01-11,403.9245910644531
2024-01-12,404.1318359375
2024-01-16,404.09234619140625
2024-01-17,401.81298828125
2024-01-18,407.516357421875
2024-01-19,415.5977478027344
2024-01-22,416.1405334472656
2024-01-23,417.8673095703125
2024-01-24,420.1861572265625
2024-01-25,420.6993408203125
2024-01-26,418.19293212890625
2024-01-29,422.4754333496094
2024-01-30,419.6631774902344
2024-01-31,411.4436340332031
2024-02-01,416.28851318359375
2024-02-02,423.3240051269531
2024-02-05,422.7714538574219
2024-02-06,421.9228515625
2024-02-07,426.2645568847656
2024-02-08,427.0539855957031
2024-02-09,431.2574768066406
2024-02-12,429.57012939453125
2024-02-13,422.8701171875
2024-02-14,427.47821044921875
2024-02-15,428.75115966796875
2024-02-16,424.86334228515625
2024-02-20,421.6564636230469
2024-02-21,419.96905517578125
2024-02-22,432.2639465332031
2024-02-23,430.9910583496094
2024-02-26,430.76409912109375
2024-02-27,431.8001708984375
2024-02-28,429.5010986328125
2024-02-29,433.1816101074219
2024-03-01,439.7039794921875
2024-03-04,438.1350402832031
2024-03-05,430.27069091796875
2024-03-06,432.97442626953125
2024-03-07,439.546142578125
2024-03-08,433.20135498046875
2024-03-11,431.5929870605469
2024-03-12,437.7799072265625
2024-03-13,434.4150390625
2024-03-14,433.31976318359375
2024-03-15,428.1689453125
2024-03-18,432.2525939941406
2024-03-19,433.32952880859375
2024-03-20,438.4673767089844
2024-03-21,440.5423278808594
2024-03-22,441.0462646484375
2024-03-25,439.44561767578125
2024-03-26,438.0227966308594
2024-03-27,439.5147399902344
2024-03-28,438.7044982910156
2024-04-01,439.63336181640625
2024-04-02,435.8392028808594
2024-04-03,436.8173828125
2024-04-04,430.13812255859375
2024-04-05,435.20684814453125
2024-04-08,435.3353271484375
2024-04-09,436.9457702636719
2024-04-10,433.1319274902344
2024-04-11,440.04827880859375
2024-04-12,433.0331726074219
2024-04-15,425.9093017578125
2024-04-16,425.9487609863281
2024-04-17,420.7516174316406
2024-04-18,418.3507385253906
2024-04-19,409.6953430175781
2024-04-22,413.8155517578125
2024-04-23,419.9908447265625
2024-04-24,421.4136962890625
2024-04-25,419.3782958984375
2024-04-26,425.8500061035156
2024-04-29,427.5790710449219
2024-04-30,419.5166015625
2024-05-01,416.4832763671875
2024-05-02,421.7989807128906
2024-05-03,430.2765197753906
2024-05-06,434.989501953125
2024-05-07,435.0586242675781
2024-05-08,434.8017578125
2024-05-09,435.7502746582031
2024-05-10,436.7778625488281
2024-05-13,437.78564453125
2024-05-14,440.60162353515625
2024-05-15,447.48828125
2024-05-16,446.579345703125
2024-05-17,446.3619384765625
2024-05-20,449.4743347167969
2024-05-21,450.3536376953125
2024-05-22,450.2647705078125
2024-05-23,448.2392578125
2024-05-24,452.47802734375
2024-05-28,454.18731689453125
2024-05-29,450.9860534667969
2024-05-30,446.15447998046875
2024-05-31,445.32452392578125
2024-06-03,447.715576171875
2024-06-04,448.9407653808594
2024-06-05,457.9913024902344
2024-06-06,457.8332214355469
2024-06-07,457.4281005859375
2024-06-10,459.2757873535156
2024-06-11,462.42767333984375
2024-06-12,468.48443603515625
2024-06-13,471.0237121582031
2024-06-14,473.4642028808594
2024-06-17,479.2640075683594
2024-06-18,479.4122314453125
2024-06-20,475.71697998046875
2024-06-21,474.44232177734375
2024-06-24,469.041015625
2024-06-25,474.4048156738281
2024-06-26,475.38446044921875
2024-06-27,476.611572265625
2024-06-28,474.1375427246094
2024-07-01,476.9184265136719
2024-07-02,481.9259033203125
2024-07-03,485.94378662109375
2024-07-05,491.0106201171875
2024-07-08,492.1783752441406
2024-07-09,492.6038818359375
2024-07-10,497.7400207519531
2024-07-11,486.8244934082031
2024-07-12,489.6845397949219
2024-07-15,491.00067138671875
2024-07-16,491.1887512207031
2024-07-17,476.7699279785156
2024-07-18,474.51361083984375
2024-07-19,470.3077392578125
2024-07-22,477.3142395019531
2024-07-23,475.6318664550781
2024-07-24,458.57080078125
2024-07-25,453.51385498046875
2024-07-26,458.1650695800781
2024-07-29,459.08538818359375
2024-07-30,452.78155517578125
2024-07-31,466.18096923828125
2024-08-01,454.889404296875
2024-08-02,444.0926818847656
2024-08-05,430.8515319824219
2024-08-06,434.9683837890625
2024-08-07,430.2577209472656
2024-08-08,443.4197082519531
2024-08-09,445.73541259765625
2024-08-12,446.69537353515625
2024-08-13,457.779052734375
2024-08-14,457.9276123046875
2024-08-15,469.4962463378906
2024-08-16,470.09991455078125
2024-08-19,476.2751159667969
2024-08-20,475.2756652832031
2024-08-21,477.4924011230469
2024-08-22,469.9217834472656
2024-08-23,475.0183410644531
2024-08-26,470.40667724609375
2024-08-27,471.8118896484375
2024-08-28,466.4580993652344
2024-08-29,465.7752685546875
2024-08-30,471.3270568847656
2024-09-03,457.01708984375
2024-09-04,455.8294982910156
2024-09-05,456.255126953125
2024-09-06,444.0332946777344
2024-09-09,449.7433776855469
2024-09-10,453.8998107910156
2024-09-11,463.7564392089844
2024-09-12,468.3086853027344
2024-09-13,470.40667724609375
2024-09-16,468.32843017578125
2024-09-17,468.575927734375
2024-09-18,466.54718017578125
2024-09-19,478.3433837890625
2024-09-20,477.4329833984375
2024-09-23,478.6985168457031
2024-09-24,481.007568359375
2024-09-25,481.4534912109375
2024-09-26,485.07073974609375
2024-09-27,482.37518310546875
2024-09-30,483.683349609375
2024-10-01,476.94439697265625
2024-10-02,477.6183166503906
2024-10-03,477.2615661621094
2024-10-04,482.9400634765625
2024-10-07,477.7669372558594
2024-10-08,484.9022521972656
2024-10-09,488.7176818847656
2024-10-10,488.16265869140625
2024-10-11,488.9257507324219
2024-10-14,493.0285339355469
2024-10-15,486.4383239746094
2024-10-16,486.497802734375
2024-10-17,486.834716796875
2024-10-18,490.0257873535156
2024-10-21,490.9672546386719
2024-10-22,491.5024108886719
2024-10-23,483.9706726074219
2024-10-24,487.8951416015625
2024-10-25,490.8681640625
2024-10-28,490.9473876953125
2024-10-29,495.6647033691406
2024-10-30,491.91864013671875
2024-10-31,479.5012512207031
2024-11-01,483.049072265625
2024-11-04,481.6418151855469
2024-11-05,487.7861022949219
2024-11-06,501.0359191894531
2024-11-07,508.9243469238281
2024-11-08,509.51904296875
2024-11-11,509.2217102050781
2024-11-12,508.300048828125
2024-11-13,507.6460266113281
2024-11-14,504.11798095703125
2024-11-15,492.1069641113281
2024-11-18,495.5259094238281
2024-11-19,498.9349670410156
2024-11-20,498.6475830078125
2024-11-21,500.4413757324219
2024-11-22,501.2440490722656
2024-11-25,502.036865234375
2024-11-26,504.7323913574219
2024-11-27,500.7584228515625
2024-11-29,505.1585388183594
2024-12-02,510.65863037109375
2024-12-03,512.2244262695312
2024-12-04,518.5570678710938
2024-12-05,517.1200561523438
2024-12-06,521.7481079101562
2024-12-09,517.6849365234375
2024-12-10,515.9208984375
2024-12-11,525.1571655273438
2024-12-12,521.7679443359375
2024-12-13,525.7617797851562
2024-12-16,533.3330688476562
2024-12-17,530.9842529296875
2024-12-18,511.82806396484375
2024-12-19,509.5487365722656
2024-12-20,513.9984130859375
2024-12-23,519.006103515625
2024-12-24,526.0437622070312
2024-12-26,525.6863403320312
2024-12-27,518.6983642578125
2024-12-30,511.7997741699219
2024-12-31,507.4521179199219
2025-01-02,506.45953369140625
2025-01-03,514.7476806640625
2025-01-06,520.6637573242188
2025-01-07,511.3729248046875
2025-01-08,511.4622802734375
2025-01-10,503.4419860839844
2025-01-13,501.8240051269531
2025-01-14,501.3475341796875
2025-01-15,512.8817138671875
2025-01-16,509.28851318359375
2025-01-17,517.8843994140625
2025-01-21,520.9217529296875
2025-01-22,527.5822143554688
2025-01-23,528.7039184570312
2025-01-24,525.7161865234375
2025-01-27,510.4100646972656
2025-01-28,517.9539184570312
2025-01-29,516.981201171875
2025-01-30,519.1847534179688
2025-01-31,518.4303588867188
2025-02-03,514.28125
2025-02-04,520.59423828125
2025-02-05,522.9566650390625
2025-02-06,525.6863403320312
2025-02-07,519.0557250976562
2025-02-10,525.3389282226562
2025-02-11,524.0882568359375
2025-02-12,524.39599609375
2025-02-13,531.9398193359375
2025-02-14,534.1732177734375
2025-02-18,535.3841552734375
2025-02-19,535.5331420898438
2025-02-20,533.2599487304688
2025-02-21,522.1923217773438
2025-02-24,516.0282592773438
2025-02-25,509.5267028808594
2025-02-26,510.7575378417969
2025-02-27,496.57305908203125
2025-02-28,504.41473388671875
2025-03-03,493.3768615722656
2025-03-04,491.8879699707031
2025-03-05,498.30023193359375
2025-03-06,484.59228515625
2025-03-07,488.1557922363281
2025-03-10,469.2366638183594
2025-03-11,468.114990234375
2025-03-12,473.39569091796875
2025-03-13,464.8790588378906
2025-03-14,476.1153869628906
2025-03-17,479.2023620605469
2025-03-18,471.0332336425781
2025-03-19,477.33636474609375
2025-03-20,475.7183532714844
2025-03-21,477.28662109375
2025-03-24,487.76043701171875
2025-03-25,490.5438537597656
2025-03-26,481.5175476074219
2025-03-27,478.7738342285156
2025-03-28,466.16876220703125
2025-03-31,466.1488952636719
2025-04-01,469.90655517578125
2025-04-02,473.3361511230469
2025-04-03,447.99676513671875
2025-04-04,420.1722106933594
2025-04-07,421.1861877441406
2025-04-08,413.60125732421875
2025-04-09,463.2461242675781
2025-04-10,443.5432434082031
2025-04-11,451.7146911621094
2025-04-14,454.7765197753906
2025-04-15,455.2834777832031
2025-04-16,441.5550537109375
2025-04-17,441.4755859375
2025-04-21,430.5504455566406
2025-04-22,441.85333251953125
2025-04-23,451.8737487792969
2025-04-24,464.5881652832031
2025-04-25,469.7673645019531
2025-04-28,469.6182556152344
2025-04-29,472.7198181152344
2025-04-30,472.66015625
2025-05-01,478.8334655761719
2025-05-02,485.9411926269531
2025-05-05,483.058349609375
2025-05-06,478.5650634765625
2025-05-07,480.44390869140625
2025-05-08,485.40447998046875
2025-05-09,485.0863037109375
2025-05-12,504.84881591796875
2025-05-13,512.5430908203125
2025-05-14,515.6148071289062
2025-05-15,516.1815185546875
2025-05-16,518.4281005859375
2025-05-19,518.9252319335938
2025-05-20,517.1954345703125
2025-05-21,510.0081481933594
2025-05-22,510.9624938964844
2025-05-23,506.2305908203125
2025-05-27,518.1397705078125
2025-05-28,515.8434448242188
2025-05-29,516.8574829101562
2025-05-30,516.0422973632812
2025-06-02,520.1181030273438
2025-06-03,524.183837890625
2025-06-04,525.6452026367188
2025-06-05,521.688720703125
2025-06-06,526.7883911132812
2025-06-09,527.5638427734375
2025-06-10,531.0531005859375
2025-06-11,529.263671875
2025-06-12,530.5062255859375
2025-06-13,523.845947265625
2025-06-16,531.132568359375
2025-06-17,525.953369140625
2025-06-18,525.8638916015625
2025-06-20,523.7166748046875
2025-06-23,529.1017456054688
2025-06-24,537.1928100585938
2025-06-25,538.5661010742188
2025-06-26,543.601806640625
2025-06-27,545.4630126953125
2025-06-30,548.9959106445312
2025-07-01,544.3682861328125
2025-07-02,548.1598510742188
2025-07-03,553.553955078125
2025-07-07,549.3840942382812
2025-07-08,549.692626953125
2025-07-09,553.5838623046875
2025-07-10,552.7877197265625
2025-07-11,551.5436401367188
2025-07-14,553.5440673828125
2025-07-15,554.051513671875
2025-07-16,554.6188354492188
2025-07-17,559.1072387695312
2025-07-18,558.56982421875
2025-07-21,561.4658813476562
2025-07-22,558.559814453125
2025-07-23,561.1076049804688
2025-07-24,562.3018798828125
2025-07-25,563.6553344726562
2025-07-28,565.4168090820312
2025-07-29,564.541015625
2025-07-30,565.2974853515625
2025-07-31,562.3018798828125
2025-08-01,551.2252197265625
2025-08-04,561.3961181640625
2025-08-05,557.5845947265625
2025-08-06,564.6007690429688
2025-08-07,566.5115966796875
2025-08-08,571.7960815429688
2025-08-11,570.1041870117188
2025-08-12,577.2697143554688
2025-08-13,577.558349609375
2025-08-14,577.1105346679688
2025-08-15,574.5728149414062
2025-08-18,574.3438110351562
2025-08-19,566.5513916015625
2025-08-20,563.1875610351562
2025-08-21,560.5802001953125
2025-08-22,569.2284545898438
2025-08-25,567.5863647460938
2025-08-26,569.8654174804688
2025-08-27,570.7412109375
2025-08-28,574.31396484375
2025-08-29,567.6660766601562
2025-09-02,562.9088745117188
2025-09-03,567.337646484375
2025-09-04,572.4728393554688
2025-09-05,573.2988891601562
2025-09-08,576.0953369140625
2025-09-09,577.7276000976562
2025-09-10,577.9166870117188
2025-09-11,581.2804565429688
2025-09-12,583.8480224609375
2025-09-15,588.8440551757812
2025-09-16,588.3463745117188
2025-09-17,587.1720581054688
2025-09-18,592.4666137695312
2025-09-19,596.4771728515625
2025-09-22,600.0083618164062
2025-09-23,596.02294921875
2025-09-24,593.9305419921875
2025-09-25,591.3699340820312
2025-09-26,593.801025390625
2025-09-29,596.5509643554688
2025-09-30,598.18505859375
2025-10-01,601.0545043945312
2025-10-02,603.5254516601562
2025-10-03,600.9848022460938
2025-10-06,605.498291015625
2025-10-07,602.3099365234375
2025-10-08,609.2147827148438
2025-10-09,608.4774169921875
2025-10-10,587.3546142578125
2025-10-13,599.8190307617188
2025-10-14,595.8236083984375
2025-10-15,600.0281982421875
2025-10-16,597.8063354492188
2025-10-17,601.7320556640625
2025-10-20,609.3142700195312
2025-10-21,609.1549682617188
2025-10-22,603.286376953125
2025-10-23,608.3578491210938
2025-10-24,614.8540649414062
2025-10-27,625.8041381835938
2025-10-28,630.6165771484375
2025-10-29,633.4562377929688
2025-10-30,623.7715454101562
2025-10-31,626.7805786132812
2025-11-03,629.7796020507812
2025-11-04,616.996337890625
2025-11-05,621.01171875
2025-11-06,609.4439086914062
2025-11-07,607.5209350585938
2025-11-10,620.9618530273438
2025-11-11,619.307861328125
2025-11-12,618.8196411132812
2025-11-13,606.1858520507812
2025-11-14,606.6441040039062
2025-11-17,601.4630737304688
2025-11-18,594.1397705078125
2025-11-19,597.6868896484375
2025-11-20,583.5385131835938
2025-11-21,587.9224853515625
2025-11-24,602.9575805664062
2025-11-25,606.6740112304688
2025-11-26,612.034423828125
2025-11-28,616.996337890625
2025-12-01,614.923828125
2025-12-02,619.736328125
2025-12-03,621.2507934570312
2025-12-04,620.6729125976562
2025-12-05,623.20361328125
2025-12-08,622.008056640625
2025-12-09,622.7752075195312
2025-12-10,625.3258666992188
2025-12-11,623.3032836914062
2025-12-12,611.3868408203125
2025-12-15,608.3179931640625
2025-12-16,609.5235595703125
2025-12-17,598.224853515625
2025-12-18,606.8932495117188
2025-12-19,614.8042602539062
2025-12-22,617.7513427734375
2025-12-23,620.6444702148438
2025-12-24,622.4602661132812
2025-12-26,622.4202880859375
2025-12-29,619.4074096679688
2025-12-30,617.9707641601562
2025-12-31,612.8628540039062
